geo,indic_is,unit,F,M,M_minus_F_pp
AL,I_IUAI,PC_IND,25.49,29.13,3.6400000000000006
AL,I_IUAI,PC_IND_IU3,29.55,33.05,3.4999999999999964
AL,I_IUAIFE,PC_IND,9.09,7.81,-1.2800000000000002
AL,I_IUAIFE,PC_IND_IU3,10.53,8.86,-1.67
AL,I_IUAIFE,PC_IND_IUAI,35.64,26.82,-8.82
AL,I_IUAIPR,PC_IND,23.4,26.91,3.5100000000000016
AL,I_IUAIPR,PC_IND_IU3,27.13,30.54,3.41
AL,I_IUAIPR,PC_IND_IUAI,91.79,92.4,0.6099999999999994
AL,I_IUAIWP,PC_IND,9.12,11.21,2.0900000000000016
AL,I_IUAIWP,PC_IND_IU3,10.57,12.73,2.16
AL,I_IUAIWP,PC_IND_IUAI,35.76,38.5,2.740000000000002
AT,I_IUAI,PC_IND,37.31,41.56,4.25
AT,I_IUAI,PC_IND_IU3,39.32,43.41,4.089999999999996
AT,I_IUAIFE,PC_IND,13.8,14.8,1.0
AT,I_IUAIFE,PC_IND_IU3,14.54,15.46,0.9200000000000017
AT,I_IUAIFE,PC_IND_IUAI,36.99,35.62,-1.3700000000000045
AT,I_IUAIPR,PC_IND,29.46,33.8,4.339999999999996
AT,I_IUAIPR,PC_IND_IU3,31.06,35.3,4.239999999999998
AT,I_IUAIPR,PC_IND_IUAI,78.98,81.32,2.339999999999989
AT,I_IUAIWP,PC_IND,18.46,23.98,5.52
AT,I_IUAIWP,PC_IND_IU3,19.45,25.04,5.59
AT,I_IUAIWP,PC_IND_IUAI,49.47,57.69,8.219999999999999
BA,I_IUAI,PC_IND,18.04,22.12,4.080000000000002
BA,I_IUAI,PC_IND_IU3,20.37,24.21,3.84
BA,I_IUAIFE,PC_IND,5.07,4.97,-0.10000000000000053
BA,I_IUAIFE,PC_IND_IU3,5.72,5.44,-0.27999999999999936
BA,I_IUAIFE,PC_IND_IUAI,28.11,22.48,-5.629999999999999
BA,I_IUAIPR,PC_IND,15.15,20.04,4.889999999999999
BA,I_IUAIPR,PC_IND_IU3,17.11,21.92,4.810000000000002
BA,I_IUAIPR,PC_IND_IUAI,83.99,90.58,6.590000000000003
BA,I_IUAIWP,PC_IND,7.85,9.28,1.4299999999999997
BA,I_IUAIWP,PC_IND_IU3,8.87,10.16,1.290000000000001
BA,I_IUAIWP,PC_IND_IUAI,43.53,41.96,-1.5700000000000003
BE,I_IUAI,PC_IND,41.43,42.61,1.1799999999999997
BE,I_IUAI,PC_IND_IU3,43.25,43.86,0.6099999999999994
BE,I_IUAIFE,PC_IND,10.64,9.87,-0.7700000000000014
BE,I_IUAIFE,PC_IND_IU3,11.1,10.16,-0.9399999999999995
BE,I_IUAIFE,PC_IND_IUAI,25.68,23.17,-2.509999999999998
BE,I_IUAIPR,PC_IND,32.07,35.03,2.960000000000001
BE,I_IUAIPR,PC_IND_IU3,33.48,36.06,2.5800000000000054
BE,I_IUAIPR,PC_IND_IUAI,77.41,82.21,4.799999999999997
BE,I_IUAIWP,PC_IND,19.55,22.13,2.5799999999999983
BE,I_IUAIWP,PC_IND_IU3,20.4,22.78,2.3800000000000026
BE,I_IUAIWP,PC_IND_IUAI,47.18,51.94,4.759999999999998
BG,I_IUAI,PC_IND,21.7,23.31,1.6099999999999994
BG,I_IUAI,PC_IND_IU3,25.13,26.69,1.5600000000000023
BG,I_IUAIFE,PC_IND,5.53,4.79,-0.7400000000000002
BG,I_IUAIFE,PC_IND_IU3,6.41,5.48,-0.9299999999999997
BG,I_IUAIFE,PC_IND_IUAI,25.5,20.54,-4.960000000000001
BG,I_IUAIPR,PC_IND,19.43,20.9,1.4699999999999989
BG,I_IUAIPR,PC_IND_IU3,22.5,23.92,1.4200000000000017
BG,I_IUAIPR,PC_IND_IUAI,89.52,89.64,0.12000000000000455
BG,I_IUAIWP,PC_IND,7.79,9.09,1.2999999999999998
BG,I_IUAIWP,PC_IND_IU3,9.02,10.4,1.3800000000000008
BG,I_IUAIWP,PC_IND_IUAI,35.9,38.98,3.0799999999999983
CH,I_IUAI,PC_IND,43.48,50.59,7.1100000000000065
CH,I_IUAI,PC_IND_IU3,43.92,51.19,7.269999999999996
CH,I_IUAIFE,PC_IND,19.11,22.29,3.1799999999999997
CH,I_IUAIFE,PC_IND_IU3,19.3,22.55,3.25
CH,I_IUAIFE,PC_IND_IUAI,43.94,44.06,0.12000000000000455
CH,I_IUAIPR,PC_IND,36.71,45.08,8.369999999999997
CH,I_IUAIPR,PC_IND_IU3,37.07,45.61,8.54
CH,I_IUAIPR,PC_IND_IUAI,84.41,89.1,4.689999999999998
CH,I_IUAIWP,PC_IND,30.45,38.38,7.930000000000003
CH,I_IUAIWP,PC_IND_IU3,30.76,38.84,8.080000000000002
CH,I_IUAIWP,PC_IND_IUAI,70.03,75.87,5.840000000000003
CY,I_IUAI,PC_IND,42.48,45.95,3.470000000000006
CY,I_IUAI,PC_IND_IU3,45.27,49.02,3.75
CY,I_IUAIFE,PC_IND,15.12,13.79,-1.33
CY,I_IUAIFE,PC_IND_IU3,16.11,14.71,-1.3999999999999986
CY,I_IUAIFE,PC_IND_IUAI,35.59,30.01,-5.580000000000002
CY,I_IUAIPR,PC_IND,41.86,44.79,2.9299999999999997
CY,I_IUAIPR,PC_IND_IU3,44.61,47.78,3.1700000000000017
CY,I_IUAIPR,PC_IND_IUAI,98.53,97.48,-1.0499999999999972
CY,I_IUAIWP,PC_IND,22.57,22.72,0.14999999999999858
CY,I_IUAIWP,PC_IND_IU3,24.05,24.24,0.18999999999999773
CY,I_IUAIWP,PC_IND_IUAI,53.13,49.45,-3.6799999999999997
CZ,I_IUAI,PC_IND,33.31,37.55,4.239999999999995
CZ,I_IUAI,PC_IND_IU3,35.14,39.85,4.710000000000001
CZ,I_IUAIFE,PC_IND,8.61,8.12,-0.4900000000000002
CZ,I_IUAIFE,PC_IND_IU3,9.09,8.61,-0.4800000000000004
CZ,I_IUAIFE,PC_IND_IUAI,25.86,21.62,-4.239999999999998
CZ,I_IUAIPR,PC_IND,25.94,31.12,5.18
CZ,I_IUAIPR,PC_IND_IU3,27.37,33.03,5.66
CZ,I_IUAIPR,PC_IND_IUAI,77.87,82.89,5.019999999999996
CZ,I_IUAIWP,PC_IND,11.73,15.57,3.84
CZ,I_IUAIWP,PC_IND_IU3,12.37,16.53,4.160000000000002
CZ,I_IUAIWP,PC_IND_IUAI,35.2,41.48,6.279999999999994
DE,I_IUAI,PC_IND,29.6,34.9,5.299999999999997
DE,I_IUAI,PC_IND_IU3,31.4,36.78,5.380000000000003
DE,I_IUAIFE,PC_IND,4.78,7.29,2.51
DE,I_IUAIFE,PC_IND_IU3,5.07,7.68,2.6099999999999994
DE,I_IUAIFE,PC_IND_IUAI,16.15,20.89,4.740000000000002
DE,I_IUAIPR,PC_IND,24.69,29.71,5.02
DE,I_IUAIPR,PC_IND_IU3,26.19,31.31,5.119999999999997
DE,I_IUAIPR,PC_IND_IUAI,83.41,85.13,1.7199999999999989
DE,I_IUAIWP,PC_IND,13.76,17.81,4.049999999999999
DE,I_IUAIWP,PC_IND_IU3,14.6,18.77,4.17
DE,I_IUAIWP,PC_IND_IUAI,46.49,51.03,4.539999999999999
DK,I_IUAI,PC_IND,44.49,52.36,7.869999999999997
DK,I_IUAI,PC_IND_IU3,44.58,52.57,7.990000000000002
DK,I_IUAIFE,PC_IND,17.97,17.76,-0.2099999999999973
DK,I_IUAIFE,PC_IND_IU3,18.0,17.82,-0.17999999999999972
DK,I_IUAIFE,PC_IND_IUAI,40.39,33.91,-6.480000000000004
DK,I_IUAIPR,PC_IND,30.25,39.3,9.049999999999997
DK,I_IUAIPR,PC_IND_IU3,30.31,39.45,9.140000000000004
DK,I_IUAIPR,PC_IND_IUAI,67.99,75.05,7.060000000000002
DK,I_IUAIWP,PC_IND,22.12,32.19,10.069999999999997
DK,I_IUAIWP,PC_IND_IU3,22.16,32.31,10.150000000000002
DK,I_IUAIWP,PC_IND_IUAI,49.72,61.47,11.75
EE,I_IUAI,PC_IND,47.4,45.84,-1.5599999999999952
EE,I_IUAI,PC_IND_IU3,50.02,48.27,-1.75
EE,I_IUAIFE,PC_IND,16.02,14.76,-1.2599999999999998
EE,I_IUAIFE,PC_IND_IU3,16.91,15.54,-1.370000000000001
EE,I_IUAIFE,PC_IND_IUAI,33.8,32.2,-1.5999999999999943
EE,I_IUAIPR,PC_IND,36.2,38.8,2.5999999999999943
EE,I_IUAIPR,PC_IND_IU3,38.21,40.86,2.6499999999999986
EE,I_IUAIPR,PC_IND_IUAI,76.38,84.65,8.27000000000001
EE,I_IUAIWP,PC_IND,24.88,25.37,0.490000000000002
EE,I_IUAIWP,PC_IND_IU3,26.26,26.72,0.4599999999999973
EE,I_IUAIWP,PC_IND_IUAI,52.49,55.35,2.8599999999999994
EL,I_IUAI,PC_IND,42.59,45.61,3.019999999999996
EL,I_IUAI,PC_IND_IU3,48.06,50.85,2.789999999999999
EL,I_IUAIFE,PC_IND,11.7,10.73,-0.9699999999999989
EL,I_IUAIFE,PC_IND_IU3,13.2,11.96,-1.2399999999999984
EL,I_IUAIFE,PC_IND_IUAI,27.47,23.53,-3.9399999999999977
EL,I_IUAIPR,PC_IND,39.76,42.09,2.3300000000000054
EL,I_IUAIPR,PC_IND_IU3,44.87,46.92,2.0500000000000043
EL,I_IUAIPR,PC_IND_IUAI,93.36,92.27,-1.0900000000000034
EL,I_IUAIWP,PC_IND,14.0,18.19,4.190000000000001
EL,I_IUAIWP,PC_IND_IU3,15.79,20.28,4.490000000000002
EL,I_IUAIWP,PC_IND_IUAI,32.86,39.87,7.009999999999998
ES,I_IUAI,PC_IND,35.91,39.87,3.960000000000001
ES,I_IUAI,PC_IND_IU3,37.2,41.48,4.279999999999994
ES,I_IUAIFE,PC_IND,16.82,15.68,-1.1400000000000006
ES,I_IUAIFE,PC_IND_IU3,17.43,16.31,-1.120000000000001
ES,I_IUAIFE,PC_IND_IUAI,46.85,39.33,-7.520000000000003
ES,I_IUAIPR,PC_IND,27.26,33.25,5.989999999999998
ES,I_IUAIPR,PC_IND_IU3,28.24,34.59,6.350000000000005
ES,I_IUAIPR,PC_IND_IUAI,75.91,83.4,7.490000000000009
ES,I_IUAIWP,PC_IND,17.47,18.42,0.9500000000000028
ES,I_IUAIWP,PC_IND_IU3,18.09,19.16,1.0700000000000003
ES,I_IUAIWP,PC_IND_IUAI,48.64,46.2,-2.4399999999999977
EU27_2020,I_IUAI,PC_IND,30.45,34.91,4.459999999999997
EU27_2020,I_IUAI,PC_IND_IU3,32.49,37.2,4.710000000000001
EU27_2020,I_IUAIFE,PC_IND,9.3,9.35,0.049999999999998934
EU27_2020,I_IUAIFE,PC_IND_IU3,9.92,9.96,0.040000000000000924
EU27_2020,I_IUAIFE,PC_IND_IUAI,30.53,26.77,-3.7600000000000016
EU27_2020,I_IUAIPR,PC_IND,22.76,28.27,5.509999999999998
EU27_2020,I_IUAIPR,PC_IND_IU3,24.28,30.12,5.84
EU27_2020,I_IUAIPR,PC_IND_IUAI,74.74,80.97,6.230000000000004
EU27_2020,I_IUAIWP,PC_IND,13.87,16.87,3.0000000000000018
EU27_2020,I_IUAIWP,PC_IND_IU3,14.8,17.97,3.169999999999998
EU27_2020,I_IUAIWP,PC_IND_IUAI,45.57,48.31,2.740000000000002
FI,I_IUAI,PC_IND,45.01,47.52,2.510000000000005
FI,I_IUAI,PC_IND_IU3,45.69,48.66,2.969999999999999
FI,I_IUAIFE,PC_IND,12.17,10.73,-1.4399999999999995
FI,I_IUAIFE,PC_IND_IU3,12.36,10.99,-1.3699999999999992
FI,I_IUAIFE,PC_IND_IUAI,27.05,22.59,-4.460000000000001
FI,I_IUAIPR,PC_IND,27.56,33.03,5.470000000000002
FI,I_IUAIPR,PC_IND_IU3,27.98,33.82,5.84
FI,I_IUAIPR,PC_IND_IUAI,61.24,69.5,8.259999999999998
FI,I_IUAIWP,PC_IND,24.19,26.03,1.8399999999999999
FI,I_IUAIWP,PC_IND_IU3,24.56,26.65,2.09
FI,I_IUAIWP,PC_IND_IUAI,53.75,54.77,1.0200000000000031
FR,I_IUAI,PC_IND,35.24,39.77,4.530000000000001
FR,I_IUAI,PC_IND_IU3,36.95,42.06,5.109999999999999
FR,I_IUAIFE,PC_IND,11.49,10.41,-1.08
FR,I_IUAIFE,PC_IND_IU3,12.05,11.01,-1.040000000000001
FR,I_IUAIFE,PC_IND_IUAI,32.61,26.18,-6.43
FR,I_IUAIPR,PC_IND,24.74,30.77,6.030000000000001
FR,I_IUAIPR,PC_IND_IU3,25.93,32.55,6.619999999999997
FR,I_IUAIPR,PC_IND_IUAI,70.2,77.39,7.189999999999998
FR,I_IUAIWP,PC_IND,16.92,20.02,3.099999999999998
FR,I_IUAIWP,PC_IND_IU3,17.74,21.17,3.4300000000000033
FR,I_IUAIWP,PC_IND_IUAI,48.02,50.34,2.3200000000000003
HR,I_IUAI,PC_IND,28.19,26.85,-1.3399999999999999
HR,I_IUAI,PC_IND_IU3,33.17,30.92,-2.25
HR,I_IUAIFE,PC_IND,14.25,12.48,-1.7699999999999996
HR,I_IUAIFE,PC_IND_IU3,16.77,14.37,-2.4000000000000004
HR,I_IUAIFE,PC_IND_IUAI,50.55,46.47,-4.079999999999998
HR,I_IUAIPR,PC_IND,25.08,24.37,-0.7099999999999973
HR,I_IUAIPR,PC_IND_IU3,29.51,28.06,-1.4500000000000028
HR,I_IUAIPR,PC_IND_IUAI,88.97,90.75,1.7800000000000011
HR,I_IUAIWP,PC_IND,8.53,9.49,0.9600000000000009
HR,I_IUAIWP,PC_IND_IU3,10.04,10.93,0.8900000000000006
HR,I_IUAIWP,PC_IND_IUAI,30.26,35.36,5.099999999999998
HU,I_IUAI,PC_IND,26.5,32.73,6.229999999999997
HU,I_IUAI,PC_IND_IU3,28.62,35.18,6.559999999999999
HU,I_IUAIFE,PC_IND,8.21,8.36,0.14999999999999858
HU,I_IUAIFE,PC_IND_IU3,8.87,8.98,0.11000000000000121
HU,I_IUAIFE,PC_IND_IUAI,31.0,25.54,-5.460000000000001
HU,I_IUAIPR,PC_IND,17.95,23.75,5.800000000000001
HU,I_IUAIPR,PC_IND_IU3,19.39,25.53,6.140000000000001
HU,I_IUAIPR,PC_IND_IUAI,67.75,72.58,4.829999999999998
HU,I_IUAIWP,PC_IND,12.67,17.11,4.4399999999999995
HU,I_IUAIWP,PC_IND_IU3,13.69,18.4,4.709999999999999
HU,I_IUAIWP,PC_IND_IUAI,47.83,52.29,4.460000000000001
IE,I_IUAI,PC_IND,40.3,49.62,9.32
IE,I_IUAI,PC_IND_IU3,40.37,49.76,9.39
IE,I_IUAIFE,PC_IND,14.53,10.5,-4.029999999999999
IE,I_IUAIFE,PC_IND_IU3,14.56,10.53,-4.030000000000001
IE,I_IUAIFE,PC_IND_IUAI,36.06,21.16,-14.900000000000002
IE,I_IUAIPR,PC_IND,22.94,38.93,15.989999999999998
IE,I_IUAIPR,PC_IND_IU3,22.98,39.04,16.06
IE,I_IUAIPR,PC_IND_IUAI,56.93,78.45,21.520000000000003
IE,I_IUAIWP,PC_IND,17.51,27.44,9.93
IE,I_IUAIWP,PC_IND_IU3,17.54,27.51,9.970000000000002
IE,I_IUAIWP,PC_IND_IUAI,43.46,55.29,11.829999999999998
IT,I_IUAI,PC_IND,18.31,21.43,3.120000000000001
IT,I_IUAI,PC_IND_IU3,20.39,23.58,3.1899999999999977
IT,I_IUAIFE,PC_IND,6.57,6.18,-0.39000000000000057
IT,I_IUAIFE,PC_IND_IU3,7.31,6.8,-0.5099999999999998
IT,I_IUAIFE,PC_IND_IUAI,35.87,28.83,-7.039999999999999
IT,I_IUAIPR,PC_IND,10.67,14.97,4.300000000000001
IT,I_IUAIPR,PC_IND_IU3,11.88,16.48,4.6
IT,I_IUAIPR,PC_IND_IUAI,58.28,69.88,11.599999999999994
IT,I_IUAIWP,PC_IND,6.99,9.03,2.039999999999999
IT,I_IUAIWP,PC_IND_IU3,7.78,9.94,2.1599999999999993
IT,I_IUAIWP,PC_IND_IUAI,38.16,42.13,3.970000000000006
LT,I_IUAI,PC_IND,37.55,36.2,-1.3499999999999943
LT,I_IUAI,PC_IND_IU3,41.09,41.55,0.45999999999999375
LT,I_IUAIFE,PC_IND,10.29,7.62,-2.669999999999999
LT,I_IUAIFE,PC_IND_IU3,11.26,8.75,-2.51
LT,I_IUAIFE,PC_IND_IUAI,27.39,21.06,-6.330000000000002
LT,I_IUAIPR,PC_IND,32.45,32.24,-0.21000000000000085
LT,I_IUAIPR,PC_IND_IU3,35.51,37.01,1.5
LT,I_IUAIPR,PC_IND_IUAI,86.41,89.06,2.6500000000000057
LT,I_IUAIWP,PC_IND,19.24,18.43,-0.8099999999999987
LT,I_IUAIWP,PC_IND_IU3,21.05,21.15,0.09999999999999787
LT,I_IUAIWP,PC_IND_IUAI,51.23,50.9,-0.3299999999999983
LU,I_IUAI,PC_IND,39.44,45.54,6.100000000000001
LU,I_IUAI,PC_IND_IU3,39.95,45.76,5.809999999999995
LU,I_IUAIFE,PC_IND,12.22,12.16,-0.0600000000000005
LU,I_IUAIFE,PC_IND_IU3,12.38,12.21,-0.16999999999999993
LU,I_IUAIFE,PC_IND_IUAI,30.99,26.69,-4.299999999999997
LU,I_IUAIPR,PC_IND,30.95,40.33,9.379999999999999
LU,I_IUAIPR,PC_IND_IU3,31.35,40.52,9.170000000000002
LU,I_IUAIPR,PC_IND_IUAI,78.46,88.56,10.100000000000009
LU,I_IUAIWP,PC_IND,22.97,26.71,3.740000000000002
LU,I_IUAIWP,PC_IND_IU3,23.26,26.84,3.5799999999999983
LU,I_IUAIWP,PC_IND_IUAI,58.22,58.65,0.4299999999999997
LV,I_IUAI,PC_IND,32.25,34.67,2.4200000000000017
LV,I_IUAI,PC_IND_IU3,33.64,37.26,3.6199999999999974
LV,I_IUAIFE,PC_IND,8.04,7.57,-0.46999999999999886
LV,I_IUAIFE,PC_IND_IU3,8.38,8.13,-0.25
LV,I_IUAIFE,PC_IND_IUAI,24.92,21.82,-3.1000000000000014
LV,I_IUAIPR,PC_IND,24.66,28.73,4.07
LV,I_IUAIPR,PC_IND_IU3,25.73,30.87,5.140000000000001
LV,I_IUAIPR,PC_IND_IUAI,76.48,82.86,6.3799999999999955
LV,I_IUAIWP,PC_IND,13.58,15.94,2.3599999999999994
LV,I_IUAIWP,PC_IND_IU3,14.17,17.13,2.959999999999999
LV,I_IUAIWP,PC_IND_IUAI,42.11,45.97,3.8599999999999994
MK,I_IUAI,PC_IND,24.21,20.42,-3.789999999999999
MK,I_IUAI,PC_IND_IU3,25.96,22.36,-3.6000000000000014
MK,I_IUAIFE,PC_IND,5.46,3.29,-2.17
MK,I_IUAIFE,PC_IND_IU3,5.85,3.6,-2.2499999999999996
MK,I_IUAIFE,PC_IND_IUAI,22.55,16.12,-6.43
MK,I_IUAIPR,PC_IND,15.46,15.98,0.5199999999999996
MK,I_IUAIPR,PC_IND_IU3,16.58,17.5,0.9200000000000017
MK,I_IUAIPR,PC_IND_IUAI,63.88,78.28,14.399999999999999
MK,I_IUAIWP,PC_IND,9.95,7.52,-2.4299999999999997
MK,I_IUAIWP,PC_IND_IU3,10.67,8.24,-2.4299999999999997
MK,I_IUAIWP,PC_IND_IUAI,41.08,36.85,-4.229999999999997
MT,I_IUAI,PC_IND,47.39,45.68,-1.7100000000000009
MT,I_IUAI,PC_IND_IU3,49.39,47.55,-1.8400000000000034
MT,I_IUAIFE,PC_IND,21.55,19.09,-2.460000000000001
MT,I_IUAIFE,PC_IND_IU3,22.46,19.87,-2.59
MT,I_IUAIFE,PC_IND_IUAI,45.48,41.78,-3.6999999999999957
MT,I_IUAIPR,PC_IND,36.98,37.39,0.4100000000000037
MT,I_IUAIPR,PC_IND_IU3,38.54,38.92,0.38000000000000256
MT,I_IUAIPR,PC_IND_IUAI,78.04,81.85,3.809999999999988
MT,I_IUAIWP,PC_IND,30.07,29.06,-1.0100000000000016
MT,I_IUAIWP,PC_IND_IU3,31.34,30.25,-1.0899999999999999
MT,I_IUAIWP,PC_IND_IUAI,63.45,63.6,0.14999999999999858
NL,I_IUAI,PC_IND,41.93,47.46,5.530000000000001
NL,I_IUAI,PC_IND_IU3,42.06,47.6,5.539999999999999
NL,I_IUAIFE,PC_IND,13.23,12.98,-0.25
NL,I_IUAIFE,PC_IND_IU3,13.27,13.02,-0.25
NL,I_IUAIFE,PC_IND_IUAI,31.54,27.35,-4.189999999999998
NL,I_IUAIPR,PC_IND,24.19,31.96,7.77
NL,I_IUAIPR,PC_IND_IU3,24.26,32.05,7.789999999999996
NL,I_IUAIPR,PC_IND_IUAI,57.69,67.33,9.64
NL,I_IUAIWP,PC_IND,24.26,28.86,4.599999999999998
NL,I_IUAIWP,PC_IND_IU3,24.33,28.94,4.610000000000003
NL,I_IUAIWP,PC_IND_IUAI,57.85,60.8,2.9499999999999957
NO,I_IUAI,PC_IND,52.67,59.85,7.18
NO,I_IUAI,PC_IND_IU3,53.13,60.76,7.6299999999999955
NO,I_IUAIFE,PC_IND,14.34,14.13,-0.20999999999999908
NO,I_IUAIFE,PC_IND_IU3,14.46,14.34,-0.120000000000001
NO,I_IUAIFE,PC_IND_IUAI,27.22,23.61,-3.6099999999999994
NO,I_IUAIPR,PC_IND,41.7,52.65,10.949999999999996
NO,I_IUAIPR,PC_IND_IU3,42.07,53.45,11.380000000000003
NO,I_IUAIPR,PC_IND_IUAI,79.18,87.96,8.779999999999987
NO,I_IUAIWP,PC_IND,31.81,38.95,7.140000000000004
NO,I_IUAIWP,PC_IND_IU3,32.09,39.54,7.449999999999996
NO,I_IUAIWP,PC_IND_IUAI,60.39,65.07,4.679999999999993
PL,I_IUAI,PC_IND,19.1,26.39,7.289999999999999
PL,I_IUAI,PC_IND_IU3,21.26,29.5,8.239999999999998
PL,I_IUAIFE,PC_IND,3.96,5.25,1.29
PL,I_IUAIFE,PC_IND_IU3,4.41,5.87,1.46
PL,I_IUAIFE,PC_IND_IUAI,20.72,19.89,-0.8299999999999983
PL,I_IUAIPR,PC_IND,15.27,23.13,7.859999999999999
PL,I_IUAIPR,PC_IND_IU3,17.0,25.85,8.850000000000001
PL,I_IUAIPR,PC_IND_IUAI,79.96,87.63,7.670000000000002
PL,I_IUAIWP,PC_IND,6.96,9.82,2.8600000000000003
PL,I_IUAIWP,PC_IND_IU3,7.75,10.97,3.2200000000000006
PL,I_IUAIWP,PC_IND_IUAI,36.44,37.19,0.75
PT,I_IUAI,PC_IND,37.66,39.81,2.1500000000000057
PT,I_IUAI,PC_IND_IU3,42.18,44.4,2.219999999999999
PT,I_IUAIFE,PC_IND,14.46,14.45,-0.010000000000001563
PT,I_IUAIFE,PC_IND_IU3,16.2,16.12,-0.0799999999999983
PT,I_IUAIFE,PC_IND_IUAI,38.41,36.3,-2.1099999999999994
PT,I_IUAIPR,PC_IND,31.38,35.11,3.7300000000000004
PT,I_IUAIPR,PC_IND_IU3,35.15,39.16,4.009999999999998
PT,I_IUAIPR,PC_IND_IUAI,83.33,88.19,4.859999999999999
PT,I_IUAIWP,PC_IND,20.04,19.82,-0.21999999999999886
PT,I_IUAIWP,PC_IND_IU3,22.45,22.11,-0.33999999999999986
PT,I_IUAIWP,PC_IND_IUAI,53.22,49.79,-3.4299999999999997
RO,I_IUAI,PC_IND,16.0,19.57,3.5700000000000003
RO,I_IUAI,PC_IND_IU3,17.18,21.0,3.8200000000000003
RO,I_IUAIFE,PC_IND,3.13,3.61,0.48
RO,I_IUAIFE,PC_IND_IU3,3.36,3.88,0.52
RO,I_IUAIFE,PC_IND_IUAI,19.54,18.47,-1.0700000000000003
RO,I_IUAIPR,PC_IND,13.11,16.63,3.5199999999999996
RO,I_IUAIPR,PC_IND_IU3,14.08,17.85,3.7700000000000014
RO,I_IUAIPR,PC_IND_IUAI,81.94,84.97,3.030000000000001
RO,I_IUAIWP,PC_IND,4.68,5.81,1.13
RO,I_IUAIWP,PC_IND_IU3,5.02,6.24,1.2200000000000006
RO,I_IUAIWP,PC_IND_IUAI,29.24,29.7,0.46000000000000085
RS,I_IUAI,PC_IND,14.9,22.54,7.639999999999999
RS,I_IUAI,PC_IND_IU3,16.79,24.65,7.859999999999999
RS,I_IUAIFE,PC_IND,4.55,6.13,1.58
RS,I_IUAIFE,PC_IND_IU3,5.13,6.7,1.5700000000000003
RS,I_IUAIFE,PC_IND_IUAI,30.57,27.19,-3.379999999999999
RS,I_IUAIPR,PC_IND,10.12,15.31,5.190000000000001
RS,I_IUAIPR,PC_IND_IU3,11.4,16.75,5.35
RS,I_IUAIPR,PC_IND_IUAI,67.92,67.95,0.030000000000001137
RS,I_IUAIWP,PC_IND,5.42,6.28,0.8600000000000003
RS,I_IUAIWP,PC_IND_IU3,6.11,6.87,0.7599999999999998
RS,I_IUAIWP,PC_IND_IUAI,36.39,27.86,-8.530000000000001
SE,I_IUAI,PC_IND,38.54,45.36,6.82
SE,I_IUAI,PC_IND_IU3,39.11,46.3,7.189999999999998
SE,I_IUAIFE,PC_IND,11.85,10.16,-1.6899999999999995
SE,I_IUAIFE,PC_IND_IU3,12.02,10.37,-1.6500000000000004
SE,I_IUAIFE,PC_IND_IUAI,30.74,22.4,-8.34
SE,I_IUAIPR,PC_IND,29.23,38.04,8.809999999999999
SE,I_IUAIPR,PC_IND_IU3,29.67,38.83,9.159999999999997
SE,I_IUAIPR,PC_IND_IUAI,75.86,83.86,8.0
SE,I_IUAIWP,PC_IND,18.26,23.62,5.359999999999999
SE,I_IUAIWP,PC_IND_IU3,18.53,24.11,5.579999999999998
SE,I_IUAIWP,PC_IND_IUAI,47.39,52.08,4.689999999999998
SI,I_IUAI,PC_IND,38.33,36.83,-1.5
SI,I_IUAI,PC_IND_IU3,41.87,40.21,-1.6599999999999966
SI,I_IUAIFE,PC_IND,10.79,7.64,-3.1499999999999995
SI,I_IUAIFE,PC_IND_IU3,11.79,8.34,-3.4499999999999993
SI,I_IUAIFE,PC_IND_IUAI,28.16,20.73,-7.43
SI,I_IUAIPR,PC_IND,29.98,32.29,2.3099999999999987
SI,I_IUAIPR,PC_IND_IU3,32.76,35.25,2.490000000000002
SI,I_IUAIPR,PC_IND_IUAI,78.23,87.68,9.450000000000003
SI,I_IUAIWP,PC_IND,15.65,14.85,-0.8000000000000007
SI,I_IUAIWP,PC_IND_IU3,17.1,16.21,-0.8900000000000006
SI,I_IUAIWP,PC_IND_IUAI,40.83,40.32,-0.509999999999998
SK,I_IUAI,PC_IND,27.34,34.29,6.949999999999999
SK,I_IUAI,PC_IND_IU3,29.57,37.06,7.490000000000002
SK,I_IUAIFE,PC_IND,8.59,9.52,0.9299999999999997
SK,I_IUAIFE,PC_IND_IU3,9.29,10.29,1.0
SK,I_IUAIFE,PC_IND_IUAI,31.42,27.77,-3.650000000000002
SK,I_IUAIPR,PC_IND,20.0,30.91,10.91
SK,I_IUAIPR,PC_IND_IU3,21.63,33.4,11.77
SK,I_IUAIPR,PC_IND_IUAI,73.16,90.13,16.97
SK,I_IUAIWP,PC_IND,9.57,12.36,2.789999999999999
SK,I_IUAIWP,PC_IND_IU3,10.35,13.35,3.0
SK,I_IUAIWP,PC_IND_IUAI,35.0,36.03,1.0300000000000011
TR,I_IUAI,PC_IND,16.4,17.98,1.5800000000000018
TR,I_IUAI,PC_IND_IU3,18.85,19.44,0.5899999999999999
TR,I_IUAIFE,PC_IND,6.01,4.81,-1.2000000000000002
TR,I_IUAIFE,PC_IND_IU3,6.9,5.19,-1.71
TR,I_IUAIFE,PC_IND_IUAI,36.61,26.73,-9.879999999999999
TR,I_IUAIPR,PC_IND,12.69,14.72,2.030000000000001
TR,I_IUAIPR,PC_IND_IU3,14.58,15.92,1.3399999999999999
TR,I_IUAIPR,PC_IND_IUAI,77.37,81.88,4.509999999999991
TR,I_IUAIWP,PC_IND,4.84,6.79,1.9500000000000002
TR,I_IUAIWP,PC_IND_IU3,5.56,7.34,1.7800000000000002
TR,I_IUAIWP,PC_IND_IUAI,29.52,37.75,8.23
XK,I_IUAI,PC_IND,42.54,47.19,4.649999999999999
XK,I_IUAI,PC_IND_IU3,42.94,48.22,5.280000000000001
XK,I_IUAIFE,PC_IND,20.52,20.27,-0.25
XK,I_IUAIFE,PC_IND_IU3,20.71,20.72,0.00999999999999801
XK,I_IUAIFE,PC_IND_IUAI,48.23,42.96,-5.269999999999996
XK,I_IUAIPR,PC_IND,38.12,44.39,6.270000000000003
XK,I_IUAIPR,PC_IND_IU3,38.48,45.36,6.880000000000003
XK,I_IUAIPR,PC_IND_IUAI,89.61,94.07,4.459999999999994
XK,I_IUAIWP,PC_IND,19.15,29.48,10.330000000000002
XK,I_IUAIWP,PC_IND_IU3,19.33,30.12,10.790000000000003
XK,I_IUAIWP,PC_IND_IUAI,45.02,62.47,17.449999999999996
