geo_id,usage_count,directive,feedback loop,task iteration,learning,validation,none,wave,automation,automation_classified,augmentation,above_threshold
ABW,0.0,,,,,,,2025-08,,,,False
AGO,238.0,47.47899159663865,7.563025210084033,19.327731092436977,18.487394957983195,,,2025-08,55.042016806722685,59.2760180995475,37.815126050420176,True
ALB,370.0,40.0,15.675675675675675,22.162162162162165,15.945945945945947,5.135135135135135,,2025-08,55.67567567567568,56.284153005464475,43.24324324324325,True
AND,40.0,,,37.5,,,,2025-08,,,37.5,False
ARE,3011.0,39.85386914646297,11.590833610096317,25.074726004649616,16.738625041514446,4.251079375622717,2.4908668216539356,2025-08,51.44470275655929,52.758855585831064,46.064430421786774,True
ARG,6168.0,40.75875486381323,12.5810635538262,20.638780804150453,19.974059662775616,4.069390402075227,1.9779507133592735,2025-08,53.33981841763943,54.4161429043996,44.6822308690013,True
ARM,818.0,38.50855745721272,9.902200488997554,19.31540342298289,13.32518337408313,4.156479217603912,14.792176039119804,2025-08,48.41075794621027,56.81492109038737,36.79706601466993,True
ASM,0.0,,,,,,,2025-08,,,,False
ATG,0.0,,,,,,,2025-08,,,,False
AUS,18753.0,35.90892123926838,9.26251799712046,25.046659201194476,22.70570042126593,5.193835652962193,1.8823654881885563,2025-08,45.17143923638884,46.03804347826087,52.946195275422596,True
AUT,2600.0,32.92307692307692,11.653846153846152,22.423076923076923,25.961538461538463,5.269230769230769,1.7692307692307692,2025-08,44.57692307692307,45.379796397807354,53.65384615384615,True
AZE,484.0,35.12396694214876,16.115702479338843,22.107438016528928,20.867768595041323,3.0991735537190084,,2025-08,51.239669421487605,52.65392781316347,46.074380165289256,True
BDI,59.0,47.45762711864407,,,,,,2025-08,,,,False
BEL,3659.0,35.39218365673681,11.97048373872643,20.907351735446845,24.542224651544135,5.192675594424706,1.9950806231210712,2025-08,47.36266739546324,48.32682654768545,50.64225198141569,True
BEN,527.0,46.48956356736243,11.954459203036052,22.960151802656547,12.333965844402275,,3.6053130929791273,2025-08,58.44402277039848,62.34817813765182,35.294117647058826,True
BFA,273.0,50.54945054945055,9.157509157509155,16.84981684981685,18.68131868131868,,,2025-08,59.7069597069597,62.69230769230768,35.53113553113553,True
BGD,3318.0,43.70102471368294,12.447257383966246,21.549125979505725,16.00361663652803,3.25497287522604,3.044002411091019,2025-08,56.14828209764919,57.91109729561704,40.80771549125979,True
BGR,1558.0,35.43003851091143,14.569961489088575,21.052631578947366,22.015404364569964,4.2362002567394095,2.6957637997432604,2025-08,50.00000000000001,51.38522427440634,47.30423620025674,True
BHR,228.0,41.22807017543859,10.087719298245611,23.684210526315788,18.421052631578945,,,2025-08,51.3157894736842,54.92957746478873,42.10526315789473,True
BHS,46.0,43.47826086956522,,,,,,2025-08,,,,False
BIH,360.0,35.55555555555556,14.722222222222223,19.444444444444446,23.333333333333332,4.722222222222222,,2025-08,50.27777777777778,51.42045454545454,47.5,True
BLZ,38.0,42.10526315789473,,,,,,2025-08,,,,False
BMU,29.0,,,,,,,2025-08,,,,False
BOL,1012.0,41.50197628458498,11.462450592885377,25.197628458498023,17.391304347826086,2.9644268774703555,1.4822134387351775,2025-08,52.96442687747035,53.76128385155465,45.55335968379447,True
BRA,35482.0,54.14294571895609,8.67763936643932,20.077785919621217,12.203370723183586,3.136801758638183,1.761456513161603,2025-08,62.820585085395415,63.94698338927619,35.41795840144299,True
BRB,63.0,52.38095238095239,,30.15873015873016,,,,2025-08,,,30.15873015873016,False
BRN,61.0,31.147540983606557,,29.50819672131147,,,,2025-08,,,29.50819672131147,False
BTN,60.0,40.0,,,31.666666666666664,,,2025-08,,,31.666666666666664,False
BWA,104.0,48.07692307692308,,19.230769230769234,17.307692307692307,,,2025-08,,,36.53846153846154,False
CAN,20426.0,34.45608538137668,11.07412121805542,22.887496328209146,23.9645549789484,5.321648878879859,2.2960932145305004,2025-08,45.530206599432105,46.600190409380176,52.17370018603741,True
CHE,4311.0,34.44676409185804,11.737415912781255,22.10623985154257,25.1681744374855,5.010438413361169,1.5309672929714684,2025-08,46.1841800046393,46.90223792697291,52.284852702389244,True
CHL,4115.0,38.347509113001216,11.397326852976914,23.961117861482386,19.149453219927096,4.884568651275821,2.2600243013365735,2025-08,49.744835965978126,50.89507707608154,47.9951397326853,True
CIV,939.0,47.6038338658147,10.86261980830671,21.40575079872205,15.335463258785945,2.8753993610223643,1.9169329073482428,2025-08,58.46645367412141,59.609120521172635,39.61661341853036,True
CMR,937.0,48.559231590181426,9.391675560298824,21.66488794023479,13.980789754535753,2.454642475987193,3.9487726787620065,2025-08,57.95090715048025,60.33333333333333,38.10032017075773,True
COG,120.0,50.83333333333333,,21.666666666666668,15.0,,,2025-08,,,36.66666666666667,False
COL,7948.0,41.72118772018118,9.209864116758933,25.075490689481633,18.696527428283847,3.3341721187720186,1.9627579265223956,2025-08,50.931051836940114,51.95071868583162,47.1061902365375,True
COM,0.0,,,,,,,2025-08,,,,False
CPV,40.0,45.0,,,,,,2025-08,,,,False
CRI,1211.0,39.71924029727498,12.303881090008256,24.44260941370768,16.928158546655656,4.789430222956235,1.8166804293971923,2025-08,52.02312138728323,52.98570227081581,46.16019818331957,True
CUW,29.0,58.620689655172406,,,,,,2025-08,,,,False
CYM,35.0,48.57142857142857,,,,,,2025-08,,,,False
CYP,587.0,34.241908006814306,11.41396933560477,25.2129471890971,20.10221465076661,6.643952299829642,,2025-08,45.655877342419075,46.77137870855149,51.95911413969335,True
CZE,3097.0,33.580884727155315,12.140781401356152,18.889247659024864,28.25314820794317,4.940264772360349,2.195673232160155,2025-08,45.721666128511465,46.748101683724,52.08266063932838,True
DEU,25143.0,33.04299407389731,12.0112953903671,21.516923199300003,26.389054607644276,4.987471662092829,2.0522610666984846,2025-08,45.054289464264414,45.99829455475698,52.89344946903711,True
DJI,21.0,,,,,,,2025-08,,,,False
DMA,17.0,,,,,,,2025-08,,,,False
DNK,2282.0,31.551270815074496,12.138475021910605,22.87467134092901,26.555652936021033,5.9158632778264675,0.9640666082383872,2025-08,43.6897458369851,44.11504424778761,55.34618755477651,True
DOM,1131.0,43.94341290893015,10.963748894783375,22.281167108753316,16.887709991158268,3.978779840848806,1.9451812555260832,2025-08,54.90716180371352,55.99639314697927,43.14765694076039,True
DZA,1958.0,41.4708886618999,11.542390194075589,21.80796731358529,18.43718079673136,3.575076608784474,3.1664964249233916,2025-08,53.013278855975486,54.746835443037966,43.82022471910112,True
ECU,3042.0,46.97567389875082,8.61275476660092,23.898750821827743,14.76002629848784,4.437869822485207,1.314924391847469,2025-08,55.58842866535174,56.329113924050624,43.09664694280079,True
EGY,5376.0,44.10342261904761,13.560267857142858,20.703125,15.476190476190476,3.6830357142857144,2.473958333333333,2025-08,57.66369047619047,59.126454320045774,39.86235119047619,True
ESP,10582.0,35.7966357966358,13.466263466263468,22.01852201852202,21.924021924021925,4.46040446040446,2.334152334152334,2025-08,49.26289926289927,50.44025157232704,48.40294840294841,True
EST,701.0,35.23537803138373,14.407988587731811,21.11269614835949,23.823109843081312,3.851640513552068,,2025-08,49.64336661911554,50.43478260869565,48.78744650499287,True
FIN,1708.0,31.26463700234192,12.295081967213116,20.37470725995316,27.634660421545664,6.206088992974239,2.224824355971897,2025-08,43.559718969555036,44.55089820359282,54.21545667447306,True
FJI,59.0,40.67796610169492,,37.28813559322034,,,,2025-08,,,37.28813559322034,False
FRA,21314.0,35.868443276719525,12.085952894810925,22.93797503987989,22.511025616965373,4.485314816552501,2.111288355071784,2025-08,47.95439617153045,48.98868865030675,49.93431547339777,True
FRO,0.0,,,,,,,2025-08,,,,False
FSM,0.0,,,,,,,2025-08,,,,False
GAB,115.0,47.82608695652174,,26.08695652173913,13.043478260869565,,,2025-08,,,39.130434782608695,False
GBR,30474.0,34.76406116689637,9.854302027958258,24.74568484609831,23.14103826212509,5.571962984839535,1.922950712082431,2025-08,44.61836319485462,45.49317451820128,53.45868609306294,True
GEO,1335.0,35.580524344569284,12.209737827715356,23.44569288389513,22.09737827715356,4.119850187265917,2.546816479400749,2025-08,47.79026217228464,49.03920061491161,49.662921348314605,True
GGY,16.0,,,,,,,2025-08,,,,False
GHA,1892.0,49.15433403805497,9.19661733615222,19.661733615221987,16.86046511627907,2.272727272727273,2.854122621564482,2025-08,58.35095137420719,60.06528835690968,38.79492600422833,True
GIB,0.0,,,,,,,2025-08,,,,False
GIN,77.0,54.54545454545454,,,,,,2025-08,,,,False
GLP,44.0,,,,,,,2025-08,,,,False
GMB,48.0,43.75,,,,,,2025-08,,,,False
GNB,0.0,,,,,,,2025-08,,,,False
GNQ,0.0,,,,,,,2025-08,,,,False
GRC,2188.0,35.64899451553931,11.471663619744058,20.93235831809872,24.542961608775137,5.255941499085924,2.1480804387568555,2025-08,47.120658135283364,48.155067725361974,50.73126142595978,True
GRD,16.0,,,,,,,2025-08,,,,False
GRL,0.0,,,,,,,2025-08,,,,False
GTM,1116.0,41.12903225806452,10.39426523297491,23.476702508960575,20.340501792114697,3.763440860215054,,2025-08,51.52329749103943,51.98915009041591,47.58064516129033,True
GUF,16.0,,,,,,,2025-08,,,,False
GUM,28.0,,,,,,,2025-08,,,,False
GUY,31.0,54.83870967741935,,,,,,2025-08,,,,False
HND,433.0,42.956120092378754,9.930715935334874,24.249422632794456,15.242494226327944,6.0046189376443415,,2025-08,52.88683602771363,53.75586854460095,45.496535796766736,True
HRV,900.0,36.11111111111111,12.22222222222222,20.0,25.11111111111111,4.111111111111112,2.4444444444444446,2025-08,48.33333333333333,49.54441913439635,49.22222222222223,True
HTI,135.0,48.148148148148145,14.074074074074074,17.77777777777778,16.296296296296298,,,2025-08,62.22222222222222,64.61538461538461,34.074074074074076,False
HUN,1524.0,32.74278215223097,14.63254593175853,20.01312335958005,25.065616797900265,4.790026246719161,2.7559055118110236,2025-08,47.3753280839895,48.717948717948715,49.86876640419947,True
IDN,18030.0,45.64614531336661,8.119800332778702,24.37049362174154,16.860787576261785,3.266777592900721,1.7359955629506378,2025-08,53.76594564614531,54.71580967432409,44.498058790904054,True
IMN,42.0,45.23809523809524,,,,,,2025-08,,,,False
IND,68964.0,43.89391566614466,12.947334841366509,22.97140537091816,14.229163041586917,3.446725827968215,2.5114552520155446,2025-08,56.84125050751116,58.305568776772965,40.64729424047329,True
IRL,2077.0,36.73567645642754,9.003370245546462,21.906596051998072,25.180548868560425,5.151661049590756,2.0221473278767452,2025-08,45.739046701974004,46.68304668304668,52.23880597014926,True
IRQ,2840.0,37.21830985915493,6.126760563380282,15.809859154929578,33.028169014084504,3.591549295774648,4.225352112676056,2025-08,43.34507042253521,45.25735294117647,52.42957746478873,True
ISL,199.0,32.663316582914575,9.547738693467336,24.120603015075375,24.120603015075375,,,2025-08,42.21105527638191,46.66666666666667,48.24120603015075,False
ISR,10941.0,34.74088291746641,10.17274472168906,24.129421442281327,23.507906041495293,5.1000822593912805,2.348962617676629,2025-08,44.913627639155465,45.99400973418195,52.737409743167895,True
ITA,14383.0,35.89654453173886,11.235486338037962,22.533546548008065,23.590349718417578,4.971146492386846,1.772926371410693,2025-08,47.13203086977683,47.98272933182333,51.09504275881249,True
JAM,310.0,46.12903225806452,14.193548387096774,20.0,15.161290322580644,,,2025-08,60.322580645161295,63.17567567567568,35.16129032258064,True
JEY,31.0,51.61290322580645,,,,,,2025-08,,,,False
JOR,893.0,40.089585666293395,14.893617021276595,20.716685330347147,17.69316909294513,3.3594624860022395,3.2474804031354982,2025-08,54.98320268756999,56.828703703703695,41.76931690929451,True
JPN,35298.0,34.9736528981812,7.38568757436682,21.896424726613407,27.825939146693862,5.6405462065839425,2.2777494475607685,2025-08,42.35934047254802,43.34666898591059,55.362910079891215,True
KAZ,1371.0,35.44857768052516,13.566739606126916,19.11013858497447,24.215900802334065,5.25164113785558,2.4070021881838075,2025-08,49.01531728665208,50.224215246636774,48.57768052516412,True
KEN,4065.0,45.28905289052891,10.52890528905289,24.747847478474785,13.726937269372694,3.0012300123001228,2.706027060270603,2025-08,55.817958179581794,57.370417193426036,41.4760147601476,True
KGZ,276.0,39.492753623188406,13.405797101449275,19.92753623188406,18.115942028985508,,,2025-08,52.89855072463768,58.16733067729083,38.04347826086956,True
KHM,733.0,46.65757162346521,12.96043656207367,17.598908594815825,16.780354706684857,3.547066848567531,2.455661664392906,2025-08,59.61800818553888,61.11888111888112,37.92633015006822,True
KIR,0.0,,,,,,,2025-08,,,,False
KNA,0.0,,,,,,,2025-08,,,,False
KOR,35285.0,34.742808558877705,8.86779084596854,26.82442964432478,22.386283123140142,5.118322233243588,2.0603655944452317,2025-08,43.61059940484625,44.528039817119044,54.329035000708515,True
KWT,344.0,40.69767441860465,13.662790697674415,21.22093023255814,18.023255813953487,,,2025-08,54.360465116279066,58.07453416149069,39.24418604651163,True
LAO,381.0,48.818897637795274,10.761154855643044,16.010498687664043,19.160104986876643,,,2025-08,59.580052493438316,62.880886426592795,35.170603674540686,True
LBN,698.0,37.249283667621775,15.18624641833811,22.922636103151863,16.332378223495702,5.730659025787966,2.5787965616045847,2025-08,52.43553008595988,53.8235294117647,44.98567335243553,True
LBR,36.0,55.55555555555556,,,,,,2025-08,,,,False
LCA,40.0,45.0,,,,,,2025-08,,,,False
LIE,21.0,,,,,,,2025-08,,,,False
LKA,3795.0,47.457180500658765,10.88274044795784,20.474308300395258,14.782608695652174,3.4782608695652173,2.924901185770751,2025-08,58.33992094861661,60.097719869706836,38.73517786561265,True
LSO,55.0,45.45454545454545,,,,,,2025-08,,,,False
LTU,1045.0,32.44019138755981,12.63157894736842,20.382775119617225,28.421052631578945,4.401913875598086,1.7224880382775118,2025-08,45.071770334928225,45.86173320350535,53.20574162679425,True
LUX,333.0,36.03603603603604,12.912912912912914,23.72372372372373,21.02102102102102,,,2025-08,48.94894894894895,52.24358974358974,44.74474474474475,True
LVA,645.0,33.48837209302326,15.193798449612403,20.155038759689923,24.651162790697676,5.116279069767442,,2025-08,48.68217054263566,49.37106918238994,49.92248062015504,True
MAF,0.0,,,,,,,2025-08,,,,False
MAR,4845.0,41.424148606811144,14.241486068111456,22.41486068111455,15.45923632610939,3.611971104231166,2.848297213622291,2025-08,55.6656346749226,57.29764181007011,41.486068111455104,True
MCO,25.0,,,,,,,2025-08,,,,False
MDA,493.0,35.496957403651116,16.024340770791078,20.689655172413794,20.28397565922921,4.86815415821501,,2025-08,51.521298174442194,52.916666666666664,45.84178498985801,True
MDG,583.0,38.59348198970841,14.408233276157803,26.58662092624357,13.550600343053173,,4.459691252144083,2025-08,53.00171526586621,56.9060773480663,40.137221269296745,True
MDV,159.0,42.76729559748428,10.062893081761008,27.67295597484277,15.723270440251572,,,2025-08,52.83018867924528,54.90196078431373,43.39622641509434,False
MEX,9172.0,41.44134321849106,10.695595290013085,22.28521587440035,20.202791103358045,3.7069341474051463,1.668120366332316,2025-08,52.136938508504144,53.02139926821155,46.19494112516354,True
MHL,0.0,,,,,,,2025-08,,,,False
MKD,330.0,35.45454545454545,17.272727272727273,20.909090909090907,20.0,,,2025-08,52.72727272727273,56.31067961165049,40.90909090909091,True
MLT,283.0,38.515901060070675,10.247349823321557,25.4416961130742,19.081272084805654,,,2025-08,48.76325088339223,52.27272727272727,44.522968197879855,True
MNE,222.0,33.33333333333333,13.513513513513514,23.423423423423426,21.17117117117117,7.207207207207207,,2025-08,46.846846846846844,47.48858447488584,51.8018018018018,True
MNG,178.0,44.38202247191011,10.112359550561797,19.101123595505616,19.662921348314608,,,2025-08,54.49438202247191,58.43373493975904,38.764044943820224,False
MNP,0.0,,,,,,,2025-08,,,,False
MOZ,453.0,55.84988962472406,6.401766004415011,15.2317880794702,16.777041942604857,,3.532008830022075,2025-08,62.251655629139066,66.04215456674474,32.00883002207506,True
MRT,67.0,43.28358208955223,22.388059701492537,,,,,2025-08,65.67164179104478,100.0,,False
MTQ,56.0,46.42857142857143,,,,,,2025-08,,,,False
MUS,312.0,42.94871794871795,6.089743589743589,26.282051282051285,19.230769230769234,,,2025-08,49.03846153846154,51.864406779661024,45.51282051282052,True
MWI,194.0,48.96907216494845,8.762886597938143,24.22680412371134,12.371134020618555,,,2025-08,57.73195876288659,61.20218579234973,36.597938144329895,False
MYS,4881.0,37.574267568121286,11.04281909444786,24.257324318787138,19.21737348903913,5.593116164720344,2.315099364884245,2025-08,48.61708666256915,49.769295302013425,49.06781397254661,True
NAM,179.0,46.927374301675975,8.938547486033519,25.139664804469277,12.290502793296088,,,2025-08,55.865921787709496,59.88023952095809,37.43016759776536,False
NCL,47.0,46.808510638297875,,,,,,2025-08,,,,False
NER,71.0,46.478873239436616,,21.12676056338028,,,,2025-08,,,21.12676056338028,False
NGA,6855.0,46.37490882567469,10.24070021881838,23.99708242159008,12.954048140043763,3.5448577680525166,2.888402625820569,2025-08,56.61560904449307,58.29953432477091,40.49598832968636,True
NLD,7752.0,32.70123839009288,11.235810113519092,22.65221878224974,26.560887512899896,5.018059855521155,1.8317853457172344,2025-08,43.937048503611976,44.7568988173456,54.23116615067079,True
NOR,2136.0,31.507490636704123,11.235955056179774,20.59925093632959,28.230337078651687,5.8520599250936325,2.5749063670411987,2025-08,42.743445692883896,43.8731379144642,54.68164794007491,True
NPL,2123.0,42.487046632124354,12.81205840791333,23.551577955723033,15.544041450777202,3.2030146019783325,2.402260951483749,2025-08,55.29910504003769,56.660231660231666,42.298634008478565,True
NRU,0.0,,,,,,,2025-08,,,,False
NZL,3647.0,35.91993419248698,9.679188374006031,24.814916369618864,21.689059500959697,6.032355360570332,1.8645462023581023,2025-08,45.59912256649301,46.46549315451243,52.53633123114889,True
OMN,297.0,41.41414141414141,11.784511784511784,19.52861952861953,21.21212121212121,,,2025-08,53.1986531986532,56.63082437275986,40.74074074074074,True
PAK,9264.0,48.48877374784111,14.129965457685664,21.427029360967182,10.79447322970639,2.8821243523316062,2.2776338514680483,2025-08,62.61873920552677,64.07820611951838,35.10362694300518,True
PAN,703.0,42.38975817923186,10.668563300142248,23.897581792318633,17.78093883357041,3.1294452347083923,2.1337126600284493,2025-08,53.05832147937411,54.21511627906976,44.807965860597434,True
PER,5060.0,42.23320158102767,9.209486166007904,24.762845849802375,18.438735177865613,3.122529644268775,2.233201581027668,2025-08,51.44268774703558,52.61774813017991,46.32411067193676,True
PHL,9075.0,41.45454545454545,9.476584022038567,28.23140495867769,15.074380165289256,3.7796143250688705,1.9834710743801651,2025-08,50.93112947658402,51.961776278808316,47.08539944903581,True
PLW,0.0,,,,,,,2025-08,,,,False
PNG,68.0,42.64705882352941,,30.88235294117647,,,,2025-08,,,30.88235294117647,False
POL,9972.0,33.57400722021661,11.742880064179705,19.223826714801444,22.47292418772563,10.990774167669477,1.99558764540714,2025-08,45.316887284396316,46.23963982400491,52.68752507019655,True
PRI,444.0,39.189189189189186,9.00900900900901,22.07207207207207,21.846846846846844,5.63063063063063,,2025-08,48.1981981981982,49.30875576036866,49.54954954954955,True
PRT,3521.0,35.586481113320076,12.127236580516898,22.94802612894064,21.811985231468334,5.396194262993468,2.1300766827605795,2025-08,47.713717693836976,48.75217643644805,50.15620562340244,True
PRY,677.0,50.51698670605613,7.680945347119645,20.974889217134415,14.918759231905463,4.13589364844904,,2025-08,58.197932053175776,59.24812030075187,40.02954209748892,True
PSE,307.0,38.43648208469055,15.63517915309446,22.149837133550488,15.960912052117262,5.863192182410423,,2025-08,54.071661237785015,55.14950166112956,43.97394136807817,True
PYF,60.0,35.0,,35.0,,,,2025-08,,,35.0,False
QAT,476.0,40.12605042016807,12.394957983193278,25.210084033613445,14.705882352941178,5.6722689075630255,,2025-08,52.52100840336135,53.53319057815846,45.588235294117645,True
REU,160.0,34.375,15.0,28.125,18.125,,,2025-08,49.375,51.633986928104584,46.25,False
ROU,3327.0,35.40727382025849,13.675984370303576,20.799519086263903,23.504658851818455,4.478509167418094,2.1340547039374815,2025-08,49.08325819056206,50.153562653562645,48.78268710550046,True
RWA,653.0,46.09494640122512,13.47626339969372,23.27718223583461,12.098009188361408,,3.062787136294028,2025-08,59.571209800918844,62.74193548387098,35.37519142419602,True
SAU,2794.0,39.94273443092341,13.886900501073727,21.581961345740876,17.752326413743734,3.758052970651396,3.0780243378668573,2025-08,53.829634931997134,55.53914327917282,43.09234073013601,True
SEN,828.0,44.565217391304344,12.80193236714976,21.3768115942029,14.734299516908212,3.3816425120772946,3.140096618357488,2025-08,57.367149758454104,59.22693266832918,39.492753623188406,True
SGP,5375.0,35.218604651162785,9.227906976744189,24.22325581395349,24.148837209302325,5.283720930232558,1.8976744186046512,2025-08,44.44651162790697,45.30627726152095,53.65581395348838,True
SLB,0.0,,,,,,,2025-08,,,,False
SLE,54.0,59.25925925925925,,,,,,2025-08,,,,False
SLV,443.0,46.72686230248307,14.22121896162528,19.187358916478555,15.80135440180587,,,2025-08,60.94808126410835,63.52941176470588,34.988713318284425,True
SMR,17.0,,,,,,,2025-08,,,,False
SRB,1539.0,34.50292397660819,13.060428849902534,21.637426900584796,24.366471734892787,4.028589993502274,2.4041585445094213,2025-08,47.56335282651072,48.735019973368836,50.032488628979856,True
STP,0.0,,,,,,,2025-08,,,,False
SUR,26.0,,,,,,,2025-08,,,,False
SVK,903.0,36.87707641196013,13.2890365448505,19.269102990033225,23.809523809523807,4.651162790697675,2.104097452934662,2025-08,50.166112956810636,51.24434389140271,47.729789590254704,True
SVN,583.0,37.39279588336192,11.83533447684391,21.09777015437393,24.356775300171527,3.945111492281303,,2025-08,49.22813036020583,49.913043478260875,49.39965694682676,True
SWE,3775.0,32.503311258278146,13.43046357615894,19.94701986754967,27.125827814569536,4.847682119205298,2.1456953642384105,2025-08,45.93377483443709,46.94098538170006,51.9205298013245,True
SWZ,40.0,37.5,,37.5,,,,2025-08,,,37.5,False
SXM,0.0,,,,,,,2025-08,,,,False
SYC,19.0,,,,,,,2025-08,,,,False
TCA,0.0,,,,,,,2025-08,,,,False
TCD,67.0,59.70149253731343,,,,,,2025-08,,,,False
TGO,159.0,42.76729559748428,10.062893081761008,30.81761006289308,12.57861635220126,,,2025-08,52.83018867924528,54.90196078431372,43.39622641509434,False
THA,12219.0,44.01342172027171,8.748670103936492,21.93305507815697,18.77404042884033,4.141091742368443,2.3897209264260577,2025-08,52.7620918242082,54.0538274503228,44.84818724936574,True
TJK,98.0,40.81632653061224,,18.367346938775512,23.46938775510204,,,2025-08,,,41.83673469387755,False
TKM,18.0,,,,,,,2025-08,,,,False
TLS,34.0,47.05882352941176,,,,,,2025-08,,,,False
TON,0.0,,,,,,,2025-08,,,,False
TTO,176.0,46.590909090909086,,20.454545454545457,24.431818181818183,,,2025-08,,,44.88636363636364,False
TUN,1886.0,41.51643690349947,17.28525980911983,22.64050901378579,12.24814422057264,3.4464475079533403,2.863202545068929,2025-08,58.8016967126193,60.53493449781659,38.33510074231177,True
TUR,10402.0,35.62776389155932,17.217842722553357,21.332436069986542,19.428955970005767,4.018457988848299,2.374543357046722,2025-08,52.845606614112675,54.13096996553423,44.779850028840606,True
TUV,0.0,,,,,,,2025-08,,,,False
TWN,9680.0,36.00206611570248,9.473140495867767,20.051652892561982,27.12809917355372,4.845041322314049,2.5,2025-08,45.47520661157025,46.64123755032846,52.02479338842976,True
TZA,405.0,45.92592592592592,15.06172839506173,16.543209876543212,16.543209876543212,,,2025-08,60.987654320987644,64.82939632545931,33.086419753086425,True
UGA,608.0,43.91447368421053,11.513157894736842,23.026315789473685,16.611842105263158,3.125,,2025-08,55.42763157894737,56.44891122278056,42.76315789473684,True
UKR,6122.0,38.61483175432865,12.071218556027445,21.251225089839924,21.77393008820647,4.067298268539693,2.221496243057824,2025-08,50.686050310356094,51.837621115937196,47.092453446586084,True
URY,762.0,44.09448818897638,11.94225721784777,17.322834645669293,21.522309711286088,3.2808398950131235,,2025-08,56.036745406824146,57.08556149732621,42.125984251968504,True
USA,208200.0,36.96061479346782,8.262728146013448,21.176272814601344,21.271853986551392,4.482228626320845,7.846301633045148,2025-08,45.22334293948127,49.07382312471334,46.930355427473586,True
UZB,479.0,40.292275574112736,12.10855949895616,18.789144050104383,21.920668058455114,3.966597077244259,,2025-08,52.4008350730689,53.97849462365591,44.676409185803756,True
VCT,0.0,,,,,,,2025-08,,,,False
VGB,0.0,,,,,,,2025-08,,,,False
VIR,0.0,,,,,,,2025-08,,,,False
VNM,10651.0,40.33424091634589,11.510656276405973,22.2889869495822,18.862078678058396,4.469063937658436,2.534973241949113,2025-08,51.844897192751866,53.193333975532234,45.620129565299024,True
VUT,0.0,,,,,,,2025-08,,,,False
WSM,0.0,,,,,,,2025-08,,,,False
XKX,118.0,47.45762711864407,12.71186440677966,20.33898305084746,14.40677966101695,,,2025-08,60.16949152542373,63.39285714285713,34.74576271186441,False
ZAF,5152.0,41.77018633540372,9.99611801242236,23.796583850931675,17.857142857142858,4.05667701863354,2.5232919254658386,2025-08,51.76630434782608,53.106332138590204,45.710403726708066,True
ZMB,359.0,51.25348189415042,8.07799442896936,21.72701949860724,13.649025069637885,,,2025-08,59.33147632311978,62.64705882352941,35.37604456824513,True
ZWE,370.0,48.10810810810811,10.27027027027027,22.972972972972975,12.162162162162163,,,2025-08,58.378378378378386,62.42774566473989,35.13513513513514,True
not_classified,150999.0,,,,,,,2025-08,,,,True
AD,70.0,21.428571428571427,,37.142857142857146,,,,2025-11,,,37.142857142857146,False
AE,3883.0,32.44913726500129,11.949523564254443,32.19160442956477,16.662374452742725,4.815864022662889,1.931496265773886,2025-11,44.39866082925573,45.273109243697476,53.66984290497038,True
AG,32.0,,,,,,,2025-11,,,,False
AL,329.0,26.74772036474164,21.88449848024316,27.0516717325228,19.756838905775076,,,2025-11,48.6322188449848,50.955414012738856,46.808510638297875,True
AM,533.0,33.95872420262664,11.44465290806754,27.95497185741088,19.51219512195122,5.065666041275797,,2025-11,45.40337711069418,46.360153256704976,52.532833020637895,True
AO,265.0,44.528301886792455,11.320754716981131,25.660377358490567,15.09433962264151,,,2025-11,55.84905660377359,57.8125,40.75471698113208,True
AR,6088.0,29.714191852825227,15.850854139290409,26.001971090670175,21.64914586070959,4.451379763469119,2.3324572930354797,2025-11,45.565045992115635,46.653212243525054,52.10249671484888,True
AT,3036.0,26.416337285902504,13.570487483530965,26.844532279314887,25.494071146245066,5.7641633728590245,1.9104084321475625,2025-11,39.98682476943347,40.76561450638012,58.102766798418976,True
AU,15488.0,28.22184917355372,10.71797520661157,30.50103305785124,22.81120867768595,5.804493801652892,1.943440082644628,2025-11,38.93982438016529,39.71159544347139,59.11673553719008,True
AW,15.0,,,,,,,2025-11,,,,False
AZ,563.0,28.95204262877442,18.650088809946713,24.866785079928952,19.715808170515096,4.085257548845471,3.7300177619893424,2025-11,47.60213143872113,49.44649446494465,48.66785079928952,True
BA,334.0,29.64071856287425,20.35928143712575,22.45508982035928,21.856287425149706,4.491017964071856,,2025-11,50.0,50.60606060606061,48.802395209580844,True
BB,81.0,45.67901234567901,,22.22222222222222,,,,2025-11,,,22.22222222222222,False
BD,2914.0,35.51818805765271,12.93754289636239,26.115305422100203,18.94303363074811,3.740562800274537,2.7453671928620453,2025-11,48.455730954015095,49.82357092448835,48.79890185312285,True
BE,4421.0,26.69079393802307,14.860891201085726,27.708663198371408,23.026464600769057,5.541732639674281,2.1714544220764536,2025-11,41.5516851391088,42.47398843930636,56.276860438814744,True
BF,344.0,33.43023255813954,11.33720930232558,25.872093023255815,22.67441860465116,,,2025-11,44.76744186046511,47.975077881619946,48.54651162790697,True
BG,1465.0,28.464163822525595,15.426621160409557,24.7098976109215,23.48122866894198,4.573378839590444,3.3447098976109215,2025-11,43.89078498293515,45.409604519774014,52.76450511945393,True
BH,281.0,36.29893238434164,16.014234875444842,25.97864768683274,13.523131672597868,,,2025-11,52.31316725978648,56.97674418604651,39.50177935943061,True
BI,29.0,,,,,,,2025-11,,,,False
BJ,536.0,35.634328358208954,12.313432835820896,30.783582089552237,16.791044776119403,,,2025-11,47.94776119402985,50.1953125,47.57462686567164,True
BM,19.0,,,,,,,2025-11,,,,False
BN,85.0,34.11764705882353,,31.76470588235294,,,,2025-11,,,31.76470588235294,False
BO,1536.0,34.63541666666667,11.783854166666668,30.533854166666668,18.489583333333336,2.473958333333333,2.083333333333333,2025-11,46.41927083333334,47.40691489361703,51.497395833333336,True
BR,27602.0,35.64234475762626,12.401275269907975,30.852836750960076,14.383015723498296,4.4018549380479675,2.3186725599594236,2025-11,48.04362002753424,49.18403679252281,49.63770741250634,True
BS,54.0,29.629629629629623,,38.88888888888889,,,,2025-11,,,38.88888888888889,False
BT,64.0,43.75,,25.0,,,,2025-11,,,25.0,False
BW,169.0,28.402366863905325,8.875739644970414,30.17751479289941,24.2603550295858,,,2025-11,37.27810650887574,40.64516129032258,54.43786982248521,False
BZ,33.0,,,,,,,2025-11,,,,False
CA,22854.0,26.85744289839853,12.798634812286688,28.030104139319157,23.83390216154721,6.117091100026253,2.362824888422158,2025-11,39.65607771068522,40.61575692390427,57.981097400892615,True
CG,148.0,41.891891891891895,10.81081081081081,29.054054054054053,14.18918918918919,,,2025-11,52.70270270270271,54.929577464788736,43.24324324324324,False
CH,5097.0,27.722189523248968,13.0861290955464,27.97724151461644,24.26917794781244,4.983323523641358,1.9619383951343927,2025-11,40.80831861879537,41.62497498499099,57.22974298607024,True
CI,1141.0,43.12007011393514,9.290096406660824,24.62751971954426,17.616126205083262,2.366345311130587,2.9798422436459244,2025-11,52.410166520595965,54.01987353206865,44.60999123575811,True
CL,3819.0,31.21235925634983,13.5375752814873,28.69861220214716,19.612463995810423,4.948939512961508,1.9900497512437811,2025-11,44.749934537837134,45.65856265028053,53.26001571091909,True
CM,1028.0,41.73151750972763,11.673151750972762,23.151750972762645,19.26070038910506,2.3346303501945527,1.8482490272373544,2025-11,53.404669260700395,54.41030723488603,44.74708171206226,True
CO,8841.0,34.32869584888587,12.690872073294877,31.580137993439656,15.85793462278023,3.7891641217056895,1.7531953398936773,2025-11,47.01956792218075,47.85862307160948,51.22723673792557,True
CR,1073.0,31.03448275862069,14.35228331780056,29.263746505125816,18.732525629077355,5.21901211556384,1.3979496738117427,2025-11,45.38676607642125,46.03024574669187,53.21528424976701,True
CV,45.0,33.33333333333333,,35.55555555555556,,,,2025-11,,,35.55555555555556,False
CW,27.0,,,,,,,2025-11,,,,False
CY,547.0,32.17550274223035,12.614259597806216,27.97074954296161,20.109689213893965,4.204753199268739,2.9250457038391224,2025-11,44.78976234003657,46.13935969868174,52.28519195612431,True
CZ,2888.0,27.631578947368425,14.369806094182824,25.41551246537396,24.896121883656512,5.64404432132964,2.042936288088643,2025-11,42.001385041551245,42.87734181689642,55.95567867036011,True
DE,25382.0,26.57001024347963,13.470175715073673,26.558190843905127,25.88054526830037,5.377826806398235,2.1432511228429596,2025-11,40.0401859585533,40.91714308720509,57.81656291860373,True
DJ,50.0,46.0,,,,,,2025-11,,,,False
DK,2151.0,23.523942352394236,13.99349139934914,26.12738261273826,28.35890283589028,5.8112505811250585,2.1850302185030217,2025-11,37.517433751743376,38.35551330798479,60.297536029753594,True
DO,1495.0,39.19732441471571,11.57190635451505,27.157190635451503,15.852842809364548,3.4782608695652173,2.74247491638796,2025-11,50.76923076923076,52.20082530949106,46.48829431438127,True
DZ,2710.0,34.02214022140221,12.952029520295202,25.571955719557195,21.070110701107012,3.6531365313653135,2.730627306273063,2025-11,46.97416974169741,48.292867981790586,50.29520295202952,True
EC,3452.0,36.64542294322132,7.995365005793744,33.34298957126304,16.10660486674392,4.374275782155272,1.5353418308227114,2025-11,44.64078794901506,45.33686378346572,53.82387022016223,True
EE,713.0,25.245441795231415,14.165497896213184,23.00140252454418,29.17251051893408,5.610098176718092,2.805049088359046,2025-11,39.4109396914446,40.54834054834055,57.78401122019635,True
EG,5501.0,31.866933284857296,17.451372477731322,24.77731321577895,18.851117978549357,4.071986911470642,2.981276131612434,2025-11,49.31830576258862,50.83380176128911,47.700418105798946,True
ES,14095.0,29.152181624689604,14.572543455125931,28.55622561191912,20.815892160340542,5.001773678609435,1.90138346931536,2025-11,43.724725079815535,44.57221378462429,54.373891450869095,True
FI,1821.0,24.656781987918727,12.630422844590882,27.457440966501924,27.56727073036793,5.601317957166392,2.086765513454146,2025-11,37.28720483250961,38.081884464385865,60.62602965403625,True
FJ,61.0,47.540983606557376,,,,,,2025-11,,,,False
FR,30208.0,28.366657838983052,13.367319915254235,29.813294491525426,21.66644597457627,4.7305349576271185,2.0557468220338984,2025-11,41.73397775423729,42.6099300368405,56.21027542372882,True
GA,169.0,44.37869822485207,,27.2189349112426,17.159763313609467,,,2025-11,,,44.378698224852066,False
GB,30707.0,27.417201289608233,11.261275930569576,30.53701110495978,22.688637769889603,5.946526850555248,2.1493470544175595,2025-11,38.67847722017781,39.52807268612508,59.17217572540463,True
GE,1369.0,27.39225712198685,13.951789627465304,27.10007304601899,23.9590942293645,4.967129291453616,2.6296566837107376,2025-11,41.344046749452154,42.460615153788446,56.026296566837104,True
GF,21.0,,,,,,,2025-11,,,,False
GH,1546.0,37.71021992238033,11.901681759379043,27.61966364812419,17.141009055627425,2.910737386804657,2.716688227684347,2025-11,49.61190168175938,50.997340425531924,47.67141009055627,True
GM,36.0,44.44444444444444,,,,,,2025-11,,,,False
GN,87.0,41.37931034482759,,27.58620689655172,21.839080459770116,,,2025-11,,,49.42528735632183,False
GP,77.0,37.66233766233766,,33.76623376623377,22.07792207792208,,,2025-11,,,55.84415584415585,False
GR,2137.0,28.63827795975667,14.038371548900328,26.064576509124944,23.58446420215255,5.615348619560131,2.0589611605053815,2025-11,42.676649508657,43.57381748686097,55.26438933083762,True
GT,808.0,30.816831683168317,15.47029702970297,29.207920792079207,18.68811881188119,3.96039603960396,1.8564356435643563,2025-11,46.28712871287129,47.16267339218159,51.85643564356435,True
GU,30.0,,,,,,,2025-11,,,,False
GY,43.0,46.51162790697674,,37.2093023255814,,,,2025-11,,,37.2093023255814,False
HN,393.0,33.587786259541986,13.486005089058525,27.989821882951656,16.793893129770993,5.597964376590331,,2025-11,47.07379134860051,48.302872062663184,50.381679389312986,True
HR,861.0,29.500580720092916,14.0534262485482,23.34494773519164,22.880371660859467,6.3879210220673635,3.8327526132404177,2025-11,43.55400696864112,45.289855072463766,52.613240418118465,True
HT,174.0,32.758620689655174,,31.60919540229885,27.011494252873565,,,2025-11,,,58.62068965517241,False
HU,1643.0,28.78880097382836,14.424832623250152,25.319537431527696,24.58916615946439,4.930006086427268,1.9476567255021304,2025-11,43.21363359707851,44.07200496585972,54.83870967741936,True
ID,25075.0,39.83649052841475,7.672981056829512,32.43070787637089,15.445663010967095,3.0348953140578265,1.5792622133599203,2025-11,47.50947158524426,48.27181004092549,50.91126620139581,True
IE,2275.0,29.05494505494505,12.21978021978022,26.153846153846157,24.13186813186813,6.461538461538462,1.978021978021978,2025-11,41.27472527472527,42.10762331838565,56.74725274725275,True
IL,7920.0,27.96717171717172,11.16161616161616,29.22979797979798,24.12878787878788,4.772727272727273,2.73989898989899,2025-11,39.12878787878788,40.23107880046735,58.13131313131313,True
IM,20.0,,,,,,,2025-11,,,,False
IN,58098.0,35.192261351509515,15.644256256669763,27.432958105270405,15.95752005232538,3.332300595545458,2.4407036386794725,2025-11,50.83651760817928,52.10832745236414,46.72277875314124,True
IQ,3234.0,34.1991341991342,5.3184910327767465,20.377241805813235,33.27149041434756,2.87569573283859,3.957946815089672,2025-11,39.51762523191095,41.146168705730844,56.52442795299939,True
IS,187.0,32.0855614973262,13.368983957219251,21.3903743315508,25.13368983957219,,,2025-11,45.45454545454545,49.418604651162795,46.52406417112299,False
IT,16336.0,29.297257590597457,12.365328109696376,28.868756121449557,22.006611165523996,5.313418217433888,2.148628795298727,2025-11,41.66258570029383,42.57741632780733,56.18878550440745,True
JE,33.0,,,,,,,2025-11,,,,False
JM,314.0,38.853503184713375,7.961783439490445,31.210191082802545,14.968152866242038,6.050955414012739,,2025-11,46.81528662420382,47.26688102893892,52.22929936305732,True
JO,752.0,33.6436170212766,15.691489361702128,24.601063829787233,18.21808510638298,4.25531914893617,3.590425531914894,2025-11,49.33510638297872,51.172413793103445,47.074468085106375,True
JP,31235.0,27.757323515287336,8.65695533856251,27.55242516407876,24.334880742756525,6.137345926044501,5.5610693132703695,2025-11,36.414278853849844,38.558546342124885,58.02465183287978,True
KE,3940.0,36.95431472081218,13.147208121827411,28.756345177664976,15.355329949238577,3.527918781725888,2.258883248730964,2025-11,50.10152284263959,51.2594131394443,47.639593908629436,True
KG,425.0,30.823529411764707,15.058823529411764,23.764705882352946,23.058823529411764,4.235294117647059,,2025-11,45.88235294117647,47.33009708737864,51.05882352941177,True
KH,571.0,33.80035026269702,16.28721541155867,23.992994746059544,19.264448336252187,3.852889667250438,2.8021015761821366,2025-11,50.08756567425569,51.53153153153154,47.11033274956217,True
KM,21.0,,,,,,,2025-11,,,,False
KR,30618.0,28.012933568489125,9.592396629433669,35.11659807956104,19.11620615324319,5.206087922137305,2.955777647135672,2025-11,37.6053301979228,38.75071517517586,59.438892154941534,True
KW,387.0,28.42377260981912,15.762273901808785,27.39018087855297,17.829457364341085,6.2015503875969,4.3927648578811365,2025-11,44.18604651162791,46.216216216216225,51.42118863049096,True
KY,47.0,46.808510638297875,,36.17021276595745,,,,2025-11,,,36.17021276595745,False
KZ,1916.0,32.724425887265134,12.421711899791232,25.260960334029225,21.65970772442589,4.3319415448851775,3.60125260960334,2025-11,45.14613778705637,46.8327016783974,51.25260960334029,True
LA,272.0,41.544117647058826,8.823529411764707,23.897058823529413,18.38235294117647,,,2025-11,50.367647058823536,54.365079365079374,42.279411764705884,True
LB,776.0,31.572164948453608,17.65463917525773,25.644329896907216,17.783505154639176,4.510309278350515,2.8350515463917527,2025-11,49.22680412371134,50.663129973474796,47.938144329896915,True
LC,23.0,,,,,,,2025-11,,,,False
LI,15.0,,,,,,,2025-11,,,,False
LK,3190.0,40.156739811912225,15.047021943573668,23.448275862068964,16.018808777429467,3.197492163009404,2.1316614420062696,2025-11,55.20376175548589,56.40614990390775,42.66457680250784,True
LR,48.0,43.75,,,,,,2025-11,,,,False
LS,40.0,37.5,,,,,,2025-11,,,,False
LT,1060.0,24.339622641509433,17.92452830188679,26.79245283018868,23.867924528301888,4.811320754716982,2.2641509433962264,2025-11,42.264150943396224,43.24324324324324,55.471698113207545,True
LU,386.0,31.606217616580313,9.067357512953368,28.23834196891192,23.83419689119171,5.4404145077720205,,2025-11,40.67357512953368,41.42480211081794,57.51295336787565,True
LV,606.0,28.87788778877888,14.026402640264028,25.742574257425744,23.1023102310231,5.115511551155116,3.1353135313531353,2025-11,42.90429042904291,44.29301533219761,53.96039603960396,True
MA,5166.0,32.094463801780876,14.653503677893925,28.261711188540456,18.56368563685637,3.8714672861014328,2.5551684088269457,2025-11,46.7479674796748,47.97377830750894,50.69686411149826,True
MC,46.0,36.95652173913043,,34.78260869565217,,,,2025-11,,,34.78260869565217,False
MD,606.0,31.353135313531354,13.861386138613865,26.567656765676567,21.782178217821784,4.455445544554455,,2025-11,45.21452145214522,46.12794612794614,52.80528052805281,True
ME,138.0,21.73913043478261,20.28985507246377,20.28985507246377,31.88405797101449,,,2025-11,42.028985507246375,44.61538461538462,52.17391304347826,False
MG,661.0,34.94704992435703,16.64145234493192,28.895612708018152,14.977307110438728,2.26928895612708,2.26928895612708,2025-11,51.58850226928895,52.78637770897833,46.142208774583956,True
MK,339.0,32.448377581120944,19.469026548672566,24.48377581120944,17.99410029498525,4.71976401179941,,2025-11,51.91740412979351,52.38095238095239,47.197640117994105,True
MN,139.0,33.81294964028777,13.66906474820144,25.179856115107913,17.26618705035971,,,2025-11,47.482014388489205,52.800000000000004,42.44604316546763,False
MQ,114.0,31.57894736842105,,35.08771929824561,19.29824561403509,,,2025-11,,,54.3859649122807,False
MR,66.0,40.909090909090914,,25.75757575757576,,,,2025-11,,,25.75757575757576,False
MT,272.0,28.308823529411764,13.23529411764706,28.308823529411764,21.691176470588236,7.720588235294118,,2025-11,41.544117647058826,41.851851851851855,57.720588235294116,True
MU,302.0,33.77483443708609,11.258278145695364,24.503311258278146,22.185430463576157,4.966887417218543,,2025-11,45.033112582781456,46.57534246575343,51.65562913907284,True
MV,184.0,38.04347826086957,13.043478260869565,27.717391304347828,15.760869565217392,,,2025-11,51.08695652173913,54.02298850574713,43.47826086956522,False
MW,186.0,39.247311827956985,13.440860215053762,30.64516129032258,10.75268817204301,,,2025-11,52.688172043010745,55.99999999999999,41.39784946236559,False
MX,10345.0,33.059449009183176,12.054132431126147,29.656839052682457,18.78202029966167,4.050265828902852,2.3972933784436927,2025-11,45.113581440309325,46.22164999504804,52.489125181246976,True
MY,4446.0,30.90418353576248,13.742690058479532,27.68780926675663,20.040485829959515,5.4206027890238415,2.2042285200179936,2025-11,44.64687359424201,45.65317387304507,53.148897885739984,True
MZ,366.0,41.2568306010929,8.469945355191257,27.86885245901639,17.21311475409836,,,2025-11,49.72677595628416,52.44956772334294,45.08196721311475,True
NA,92.0,40.21739130434783,,34.78260869565217,,,,2025-11,,,34.78260869565217,False
NC,49.0,,,,,,,2025-11,,,,False
NE,63.0,42.857142857142854,,,,,,2025-11,,,,False
NG,7629.0,37.25258880587233,11.626687639271202,30.816620789094245,14.680823174728012,3.2114300694717524,2.411849521562459,2025-11,48.87927644514353,50.08730691739424,48.70887403329401,True
NL,8188.0,25.56179775280899,12.49389350268686,29.15241817293601,25.134342940889105,5.434782608695652,2.22276502198339,2025-11,38.055691255495844,38.92080939295528,59.721543722520764,True
NO,2374.0,25.021061499578767,14.827295703454086,25.863521482729567,25.568660488626787,6.655433866891322,2.064026958719461,2025-11,39.848357203032855,40.68817204301076,58.08761583824768,True
NP,1673.0,33.23371189479976,16.317991631799163,28.81052002390915,16.855947399880456,3.3472803347280333,1.434548714883443,2025-11,49.55170352659893,50.27289266221954,49.01374775851764,True
NZ,2899.0,26.69886167644015,11.969644705070714,30.9072093825457,22.456019317005865,5.7261124525698515,2.242152466367713,2025-11,38.668506381510866,39.55539872971065,59.08934115212142,True
OM,363.0,34.43526170798898,10.46831955922865,27.27272727272727,20.9366391184573,4.132231404958678,,2025-11,44.90358126721763,46.175637393767715,52.341597796143255,True
PA,760.0,36.578947368421055,10.657894736842104,29.86842105263158,17.5,3.421052631578948,1.9736842105263157,2025-11,47.23684210526316,48.18791946308725,50.78947368421052,True
PE,7375.0,36.0,9.6135593220339,32.813559322033896,15.75593220338983,3.9457627118644063,1.871186440677966,2025-11,45.6135593220339,46.48334945419372,52.51525423728813,True
PF,77.0,31.16883116883117,,40.25974025974026,,,,2025-11,,,40.25974025974026,False
PG,51.0,33.33333333333333,,29.411764705882355,,,,2025-11,,,29.411764705882355,False
PH,9935.0,34.74584801207851,13.447408152994464,32.873678912934075,13.34675390035229,3.54302969300453,2.043281328636135,2025-11,48.193256165072974,49.198520345252774,49.76346250629089,True
PK,8916.0,40.5226558995065,15.017945266935843,26.749663526244955,12.169134140870346,2.983400628084343,2.557200538358008,2025-11,55.54060116644234,56.99815837937384,41.90219829519964,True
PL,9040.0,28.67256637168142,14.192477876106194,25.033185840707965,23.60619469026549,6.592920353982301,1.9026548672566372,2025-11,42.865044247787615,43.696436626071275,55.232300884955755,True
PR,508.0,31.69291338582677,7.677165354330709,29.33070866141732,22.440944881889763,6.496062992125983,,2025-11,39.37007874015748,40.322580645161295,58.26771653543307,True
PS,269.0,27.881040892193308,17.100371747211895,27.881040892193308,15.985130111524162,,5.947955390334572,2025-11,44.98141263940521,50.627615062761514,43.86617100371747,True
PT,4032.0,27.728174603174605,13.541666666666666,29.365079365079367,22.69345238095238,4.439484126984127,2.232142857142857,2025-11,41.26984126984127,42.21207508878742,56.49801587301587,True
PY,571.0,32.57443082311734,13.835376532399298,26.970227670753065,19.439579684763572,5.42907180385289,,2025-11,46.409807355516634,47.23707664884135,51.838879159369526,True
QA,895.0,32.625698324022345,11.620111731843576,30.27932960893855,18.435754189944134,4.134078212290502,2.905027932960894,2025-11,44.24581005586592,45.56962025316455,52.84916201117319,True
RE,255.0,26.666666666666668,11.372549019607844,34.11764705882353,21.176470588235293,,,2025-11,38.03921568627451,40.7563025210084,55.294117647058826,True
RO,3252.0,27.49077490774908,17.127921279212792,24.20049200492005,23.2779827798278,5.38130381303813,2.521525215252153,2025-11,44.61869618696187,45.77287066246057,52.859778597785976,True
RS,1391.0,26.52767792954709,15.384615384615383,25.593098490294754,25.16175413371675,4.744787922358016,2.5880661394680087,2025-11,41.91229331416247,43.02583025830258,55.49964054636952,True
RW,677.0,39.29098966026588,13.293943870014772,27.474150664697195,13.58936484490399,2.2156573116691285,4.13589364844904,2025-11,52.58493353028065,54.853620955315876,43.279172821270315,True
SA,3136.0,33.13137755102041,15.497448979591836,26.243622448979593,17.66581632653061,4.559948979591836,2.9017857142857144,2025-11,48.628826530612244,50.08210180623974,48.46938775510204,True
SC,24715.0,34.436576977544,59.98381549666194,3.3866073234877607,1.12482298199474,0.5340886101557758,0.5340886101557758,2025-11,94.42039247420594,94.92738884595045,5.045518915638276,True
SE,4078.0,22.903384011770473,14.688572829818538,27.047572339382047,27.464443354585583,5.394801373222167,2.501226091221187,2025-11,37.59195684158901,38.556338028169016,59.90681706718979,True
SG,5094.0,28.17039654495485,10.7773851590106,27.915194346289752,25.618374558303884,5.791126815861798,1.7275225755791126,2025-11,38.94778170396545,39.63244107071514,59.32469572045544,True
SI,673.0,26.44873699851412,16.64190193164933,24.368499257057948,24.962852897473997,5.794947994056463,,2025-11,43.09063893016345,43.87291981845689,55.126300148588406,True
SK,1037.0,27.483124397299903,15.718418514946965,21.697203471552555,26.808100289296043,5.49662487945998,2.796528447444552,2025-11,43.201542912246865,44.44444444444444,54.00192864030858,True
SL,41.0,60.97560975609756,,,,,,2025-11,,,,False
SN,787.0,34.30749682337992,13.087674714104194,27.70012706480305,18.932655654383733,2.9224904701397714,3.0495552731893265,2025-11,47.39517153748412,48.88597640891219,49.55527318932655,True
SR,33.0,,,,,,,2025-11,,,,False
SV,536.0,29.850746268656714,15.671641791044776,28.73134328358209,19.029850746268657,3.544776119402985,3.171641791044776,2025-11,45.52238805970149,47.01348747591523,51.305970149253724,True
SZ,59.0,52.54237288135594,,27.11864406779661,,,,2025-11,,,27.11864406779661,False
TD,68.0,48.52941176470589,,25.0,,,,2025-11,,,25.0,False
TG,248.0,45.16129032258064,14.516129032258066,22.58064516129032,13.709677419354838,,,2025-11,59.677419354838705,62.18487394957983,36.29032258064516,True
TH,8032.0,34.82320717131474,11.902390438247012,28.52340637450199,17.654382470119522,4.755976095617529,2.3406374501992033,2025-11,46.72559760956175,47.84548699643039,50.933764940239044,True
TJ,137.0,32.11678832116788,,21.16788321167883,29.1970802919708,,,2025-11,,,50.36496350364963,False
TL,35.0,54.285714285714285,,,,,,2025-11,,,,False
TN,2500.0,31.08,19.48,27.88,15.28,3.32,2.96,2025-11,50.56,52.10222588623249,46.48,True
TR,8802.0,27.31197455123835,17.768688934333106,25.619177459668258,21.39286525789593,4.998863894569416,2.908429902294933,2025-11,45.080663485571456,46.43107886730634,52.0109066121336,True
TT,239.0,37.238493723849366,11.297071129707112,25.10460251046025,17.154811715481173,,,2025-11,48.53556485355648,53.45622119815667,42.25941422594143,True
TW,7729.0,27.946694268340018,11.91615991719498,26.57523612369,25.281407685340923,5.679906844352439,2.6005951610816407,2025-11,39.862854185535,40.92720510095643,57.536550653383365,True
TZ,332.0,34.93975903614458,17.46987951807229,23.19277108433735,18.67469879518072,,,2025-11,52.40963855421687,55.59105431309904,41.86746987951807,True
UA,7489.0,34.597409533983175,11.964214180798503,27.386834023234073,19.094672185872614,4.513286153024436,2.4435839230871945,2025-11,46.561623714781675,47.72789488091979,50.99479236213112,True
UG,661.0,37.367624810892586,11.195158850226928,27.23146747352496,20.726172465960666,,,2025-11,48.56278366111951,50.31347962382444,47.95763993948563,True
US,219666.0,31.89569619331166,11.515209454353426,26.67731920278969,20.993235184325293,5.549789225460472,3.368750739759453,2025-11,43.41090564766509,44.92429310393563,53.220343612575455,True
UY,658.0,27.659574468085108,18.38905775075988,25.379939209726444,20.66869300911854,5.319148936170213,2.5835866261398177,2025-11,46.048632218844986,47.269890795631824,51.3677811550152,True
UZ,827.0,34.582829504232166,9.915356711003628,27.569528415961308,19.830713422007253,2.6602176541717046,5.441354292623942,2025-11,44.49818621523579,47.05882352941176,50.06045949214027,True
VC,34.0,,,,,,,2025-11,,,,False
VI,24.0,,,,,,,2025-11,,,,False
VN,10293.0,32.488098707859706,15.5542601768192,27.90245798115224,17.157291363062274,4.663363450888953,2.2345283202176236,2025-11,48.042358884678904,49.140415383086555,49.72311279510346,True
XK,72.0,25.0,,26.38888888888889,27.77777777777778,,,2025-11,,,54.16666666666667,False
YT,19.0,,,,,,,2025-11,,,,False
ZA,4459.0,34.962996187485984,11.616954474097332,27.92105853330343,18.501906257008297,4.3283247364880015,2.668759811616954,2025-11,46.57995066158332,47.85714285714286,50.751289526799724,True
ZM,374.0,38.50267379679144,12.566844919786096,27.27272727272727,17.11229946524064,,,2025-11,51.069518716577534,53.50140056022409,44.385026737967905,True
ZW,365.0,44.109589041095894,9.58904109589041,24.10958904109589,17.80821917808219,,,2025-11,53.6986301369863,56.16045845272206,41.917808219178085,True
not_classified,156576.0,,,,,,,2025-11,,,,True
AD,74.0,20.27027027027027,,31.08108108108108,27.027027027027028,,,2026-02,,,58.10810810810811,False
AE,4704.0,32.589285714285715,9.31122448979592,31.61139455782313,19.217687074829932,4.187925170068027,3.082482993197279,2026-02,41.900510204081634,43.23316516779995,55.017006802721085,True
AG,26.0,,,,,,,2026-02,,,,False
AL,381.0,30.971128608923888,16.535433070866144,22.83464566929134,20.73490813648294,4.986876640419948,3.937007874015748,2026-02,47.50656167979003,49.45355191256831,48.55643044619423,True
AM,605.0,25.28925619834711,14.87603305785124,25.6198347107438,25.950413223140497,5.12396694214876,3.1404958677685952,2026-02,40.16528925619835,41.467576791808874,56.69421487603306,True
AO,375.0,34.66666666666667,7.466666666666668,30.4,20.8,,,2026-02,42.13333333333334,45.14285714285715,51.2,True
AR,4985.0,28.48545636910732,15.727181544633902,26.37913741223671,22.18655967903711,4.653961885656971,2.567703109327984,2026-02,44.212637913741226,45.37780522956558,53.21965897693079,True
AT,3456.0,26.678240740740737,12.702546296296296,25.868055555555557,26.21527777777778,5.902777777777778,2.6331018518518516,2026-02,39.38078703703703,40.44576523031204,57.986111111111114,True
AU,15906.0,28.53640135797812,10.411165597887589,28.31635860681504,24.236137306676724,5.519929586319628,2.980007544322897,2026-02,38.94756695586571,40.14385692068429,58.072425499811395,True
AW,31.0,,,,,,,2026-02,,,,False
AZ,657.0,31.202435312024352,17.80821917808219,21.00456621004566,22.98325722983257,3.8051750380517504,3.1963470319634704,2026-02,49.010654490106546,50.628930817610055,47.79299847792998,True
BA,394.0,28.17258883248731,17.258883248730964,25.12690355329949,22.84263959390863,3.807106598984772,,2026-02,45.431472081218274,46.73629242819843,51.77664974619289,True
BB,80.0,25.0,,31.25,28.749999999999996,,,2026-02,,,60.0,False
BD,2447.0,36.12586841029832,11.728647323252964,24.356354720065383,19.98365345320801,3.677973028197793,4.127503064977524,2026-02,47.85451573355128,49.91474850809889,48.01798120147118,True
BE,4812.0,27.618453865336654,12.94679966749792,27.556109725685783,23.73233582709892,5.486284289276807,2.660016625103907,2026-02,40.565253532834575,41.67378309137489,56.77472984206152,True
BF,435.0,42.758620689655174,10.344827586206897,20.45977011494253,20.689655172413794,,,2026-02,53.10344827586207,56.34146341463415,41.14942528735632,True
BG,1569.0,27.852135117909494,14.850223072020396,24.72912683237731,24.410452517527087,5.098789037603569,3.0592734225621414,2026-02,42.70235818992989,44.0499671268902,54.23836838750796,True
BH,258.0,30.23255813953488,12.790697674418606,29.45736434108527,19.767441860465116,,,2026-02,43.02325581395348,46.63865546218487,49.224806201550386,True
BI,44.0,47.72727272727273,,,,,,2026-02,,,,False
BJ,556.0,35.97122302158273,10.251798561151078,30.93525179856115,18.525179856115106,,,2026-02,46.22302158273381,48.30827067669173,49.460431654676256,True
BM,29.0,,,,,,,2026-02,,,,False
BN,72.0,26.38888888888889,,40.27777777777778,,,,2026-02,,,40.27777777777778,False
BO,728.0,34.75274725274725,10.164835164835164,27.06043956043956,21.84065934065934,3.021978021978022,3.159340659340659,2026-02,44.91758241758241,46.38297872340425,51.92307692307692,True
BR,25548.0,34.96555503366213,11.621261938312196,29.865351495224672,16.674495068107092,4.1255675591044305,2.7477689055894783,2026-02,46.58681697197432,47.90308299122596,50.6654141224362,True
BS,86.0,24.418604651162788,,36.04651162790697,20.930232558139537,,,2026-02,,,56.97674418604651,False
BT,41.0,36.58536585365854,,,,,,2026-02,,,,False
BW,148.0,35.810810810810814,,31.08108108108108,20.27027027027027,,,2026-02,,,51.351351351351354,False
BZ,53.0,37.735849056603776,,35.84905660377358,,,,2026-02,,,35.84905660377358,False
CA,25902.0,27.634931665508457,10.960543587367772,27.190950505752458,25.430468689676474,5.968651069415489,2.814454482279361,2026-02,38.59547525287623,39.71318476145076,58.590070264844414,True
CG,145.0,33.793103448275865,10.344827586206897,29.655172413793103,19.310344827586206,,,2026-02,44.13793103448276,47.407407407407405,48.96551724137931,False
CH,6287.0,27.707968824558616,11.436297121043424,27.723874662000952,25.751550819150623,5.121679656433911,2.2586289168124702,2026-02,39.144265945602044,40.048820179007336,58.59710513758549,True
CI,1044.0,42.62452107279693,7.758620689655173,27.298850574712645,17.52873563218391,1.7241379310344829,3.065134099616858,2026-02,50.383141762452105,51.976284584980235,46.55172413793104,True
CL,2720.0,29.669117647058822,13.86029411764706,26.139705882352946,23.235294117647054,4.227941176470589,2.8676470588235294,2026-02,43.529411764705884,44.81453444360333,53.60294117647059,True
CM,1118.0,41.05545617173525,8.050089445438283,25.134168157423968,21.46690518783542,1.6100178890876566,2.6833631484794274,2026-02,49.10554561717353,50.45955882352941,48.211091234347045,True
CO,6908.0,33.42501447596989,11.928199189345689,29.64678633468442,18.717429067747545,3.6479444122756224,2.6346265199768384,2026-02,45.35321366531558,46.580434136187925,52.01215981470759,True
CR,772.0,30.958549222797927,11.010362694300518,26.683937823834196,25.0,3.4974093264248705,2.849740932642487,2026-02,41.968911917098445,43.2,55.18134715025907,True
CV,39.0,,,,,,,2026-02,,,,False
CW,39.0,38.46153846153847,,38.46153846153847,,,,2026-02,,,38.46153846153847,False
CY,681.0,30.396475770925107,11.16005873715125,24.22907488986784,25.84434654919237,5.139500734214391,3.2305433186490458,2026-02,41.55653450807635,42.94385432473444,55.212922173274606,True
CZ,3027.0,25.768087215064423,14.469772051536175,22.43145028080608,29.170796167822928,5.054509415262636,3.1053848695077635,2026-02,40.237859266600594,41.52744630071599,56.65675586389164,True
DE,30270.0,26.96729435084242,12.322431450280806,25.23290386521308,27.446316484968612,5.338619094813347,2.6924347538817313,2026-02,39.289725801123225,40.3768460363266,58.01783944499504,True
DJ,38.0,39.473684210526315,,,,,,2026-02,,,,False
DK,2537.0,24.595979503350417,13.48048876625936,24.7536460386283,28.104059913283407,6.188411509657075,2.8774142688214424,2026-02,38.07646826960978,39.20454545454545,59.046117461568784,True
DO,1244.0,38.344051446945336,11.57556270096463,27.652733118971064,15.836012861736334,4.421221864951769,2.1704180064308685,2026-02,49.91961414790997,51.02711585866886,47.90996784565917,True
DZ,2107.0,33.032747982914096,12.529663028001895,26.48315140009492,21.97437114380636,3.0849549121974373,2.895111532985287,2026-02,45.562411010915994,46.9208211143695,51.542477456098716,True
EC,1187.0,39.76411120471778,9.435551811288963,30.749789385004213,14.406065711878686,4.296545914069082,1.3479359730412803,2026-02,49.19966301600674,49.87190435525192,49.45240101095199,True
EE,741.0,27.26045883940621,13.360323886639677,24.831309041835357,26.180836707152498,5.128205128205128,3.2388663967611335,2026-02,40.62078272604589,41.98047419804743,56.140350877192986,True
EG,4584.0,32.35165794066317,16.819371727748692,24.781849912739965,19.13176265270506,4.057591623036649,2.857766143106457,2026-02,49.17102966841186,50.6175611947002,47.97120418848167,True
ES,15640.0,28.9386189258312,13.823529411764708,27.66624040920716,21.956521739130437,5.115089514066496,2.5,2026-02,42.76214833759591,43.85861367958555,54.7378516624041,True
FI,2050.0,24.097560975609756,12.097560975609756,25.463414634146343,27.853658536585368,6.829268292682928,3.658536585365854,2026-02,36.19512195121951,37.56962025316455,60.146341463414636,True
FJ,49.0,38.775510204081634,,34.69387755102041,,,,2026-02,,,34.69387755102041,False
FR,32332.0,29.333168378077445,12.226277372262777,28.498082395150316,22.819497711245827,4.954843498700978,2.1681306445626625,2026-02,41.559445750340224,42.48047801207676,56.27242360509712,True
GA,191.0,38.7434554973822,8.900523560209423,29.84293193717277,17.801047120418847,,,2026-02,47.64397905759162,50.0,47.64397905759162,False
GB,35869.0,27.918258105885307,10.529984108840502,28.67099723995651,24.402687557500908,5.793303409629485,2.6847695781872924,2026-02,38.44824221472581,39.508966939781125,58.866988207086905,True
GD,15.0,,,,,,,2026-02,,,,False
GE,1324.0,30.060422960725074,13.972809667673715,24.84894259818731,23.564954682779454,4.305135951661631,3.2477341389728096,2026-02,44.03323262839879,45.51131928181109,52.7190332326284,True
GF,19.0,,,,,,,2026-02,,,,False
GG,25.0,,,,,,,2026-02,,,,False
GH,1639.0,38.56009762050031,9.090909090909092,25.62538133007932,21.781574130567417,2.6235509456985966,2.3184868822452716,2026-02,47.6510067114094,48.78201124297314,50.03050640634534,True
GI,26.0,,,,,,,2026-02,,,,False
GM,20.0,,,,,,,2026-02,,,,False
GN,110.0,38.18181818181819,,21.818181818181817,25.454545454545453,,,2026-02,,,47.272727272727266,False
GP,77.0,36.36363636363637,,35.064935064935064,20.77922077922078,,,2026-02,,,55.84415584415584,False
GR,2108.0,28.03605313092979,14.943074003795068,24.952561669829223,22.960151802656547,6.641366223908918,2.4667931688804554,2026-02,42.97912713472486,44.066147859922175,54.55407969639469,True
GT,734.0,35.42234332425068,12.806539509536783,26.294277929155314,18.93732970027248,3.5422343324250685,2.997275204359673,2026-02,48.228882833787466,49.71910112359551,48.77384196185286,True
GU,26.0,,,,,,,2026-02,,,,False
GY,45.0,37.77777777777778,,,,,,2026-02,,,,False
HN,367.0,38.14713896457766,11.716621253405997,23.160762942779293,20.98092643051771,,,2026-02,49.86376021798365,53.043478260869556,44.141689373297,True
HR,1084.0,27.121771217712176,14.760147601476014,24.261992619926197,26.1070110701107,5.166051660516605,2.5830258302583027,2026-02,41.881918819188186,42.992424242424235,55.535055350553506,True
HT,237.0,37.130801687763714,,27.42616033755274,22.78481012658228,,,2026-02,,,50.210970464135016,True
HU,1647.0,28.59744990892532,15.1183970856102,22.64723740133576,25.01517911353977,4.978749241044323,3.642987249544627,2026-02,43.71584699453552,45.368620037807176,52.64116575591986,True
ID,12692.0,36.84210526315789,9.777812795461708,29.262527576426095,18.16104632839584,3.41947683580208,2.537031200756382,2026-02,46.6199180586196,47.83346806790622,50.843050740624015,True
IE,2577.0,27.706635622817227,10.98176173845557,25.572370974000773,26.814124951493984,6.1311602638727205,2.7939464493597206,2026-02,38.6883973612728,39.80039920159682,58.51765618936748,True
IL,6872.0,28.303259604190924,11.845168800931315,28.60884749708964,23.864959254947617,4.59837019790454,2.779394644935972,2026-02,40.14842840512224,41.29621314174524,57.072176949941806,True
IM,47.0,,,,,,,2026-02,,,,False
IN,61627.0,35.891735765167866,12.522108815941063,26.12815811251562,18.657406656173432,3.607185162347673,3.1934054878543496,2026-02,48.41384458110893,50.01089525469753,48.39274993103673,True
IQ,2580.0,32.945736434108525,6.744186046511628,21.821705426356587,30.85271317829457,3.875968992248062,3.7596899224806206,2026-02,39.689922480620154,41.24043495771244,56.55038759689922,True
IS,198.0,30.303030303030305,9.595959595959595,21.71717171717172,28.78787878787879,,,2026-02,39.898989898989896,44.1340782122905,50.505050505050505,False
IT,17373.0,29.142922926380017,11.489092269613767,27.744200771311807,23.49047372359408,5.5776204455189085,2.5556898635814194,2026-02,40.63201519599379,41.69767853978381,56.8122949404248,True
JE,46.0,,,34.78260869565217,,,,2026-02,,,34.78260869565217,False
JM,368.0,36.95652173913043,10.054347826086955,28.532608695652172,19.021739130434785,,,2026-02,47.010869565217384,49.71264367816091,47.55434782608695,True
JO,682.0,31.671554252199417,16.422287390029325,25.95307917888563,19.64809384164223,3.812316715542522,2.49266862170088,2026-02,48.09384164222874,49.3233082706767,49.41348973607038,True
JP,29128.0,26.898516890964014,8.225762153254601,26.812688821752268,26.91568250480637,6.248283438615765,4.899066190606976,2026-02,35.12427904421862,36.9336847045233,59.9766547651744,True
KE,3338.0,37.35769922109047,9.70641102456561,28.579988016776515,17.705212702216897,3.59496704613541,3.055721989215099,2026-02,47.06411024565608,48.547589616810875,49.88016776512882,True
KG,450.0,26.666666666666668,12.444444444444445,21.555555555555557,32.0,3.5555555555555554,3.7777777777777777,2026-02,39.111111111111114,40.64665127020785,57.111111111111114,True
KH,467.0,33.83297644539615,13.062098501070665,24.197002141327623,18.41541755888651,4.282655246252676,6.209850107066381,2026-02,46.89507494646681,50.0,46.895074946466806,True
KM,15.0,,,,,,,2026-02,,,,False
KR,29075.0,30.12897678417885,8.718830610490112,29.17970765262253,23.384350816852965,5.097162510748065,3.4909716251074805,2026-02,38.84780739466896,40.25302922309337,57.66122098022356,True
KW,455.0,30.32967032967033,9.670329670329672,28.57142857142857,22.41758241758242,5.054945054945055,3.956043956043956,2026-02,40.0,41.64759725400457,56.043956043956044,True
KY,72.0,40.27777777777778,,30.555555555555557,,,,2026-02,,,30.555555555555557,False
KZ,2026.0,32.62586377097729,9.328726554787758,26.159921026653503,23.692003948667324,3.948667324777887,4.244817374136229,2026-02,41.95459032576505,43.81443298969072,53.800592300098714,True
LA,168.0,39.285714285714285,11.30952380952381,22.61904761904762,23.214285714285715,,,2026-02,50.595238095238095,52.469135802469125,45.833333333333336,False
LB,714.0,27.450980392156865,14.84593837535014,30.952380952380953,21.1484593837535,3.6414565826330536,,2026-02,42.29691876750701,43.142857142857146,55.74229691876751,True
LC,26.0,,,,,,,2026-02,,,,False
LI,31.0,,,,,,,2026-02,,,,False
LK,2451.0,37.41330069359445,13.300693594451245,24.92860057119543,17.829457364341085,4.039167686658507,2.4887800897592816,2026-02,50.7139942880457,52.00836820083683,46.79722562219502,True
LR,39.0,41.02564102564102,,,,,,2026-02,,,,False
LS,27.0,,,,,,,2026-02,,,,False
LT,1147.0,27.027027027027028,15.344376634699216,22.144725370531823,26.416739319965128,5.492589363557106,3.574542284219703,2026-02,42.37140366172625,43.942133815551536,54.054054054054056,True
LU,520.0,30.57692307692308,12.307692307692308,27.500000000000004,22.884615384615383,5.961538461538462,,2026-02,42.88461538461539,43.21705426356589,56.34615384615385,True
LV,713.0,28.330995792426368,12.76297335203366,23.70266479663394,26.788218793828893,6.311360448807854,2.1037868162692845,2026-02,41.093969144460026,41.977077363896846,56.80224403927068,True
MA,4325.0,33.38728323699422,12.601156069364162,26.797687861271672,20.485549132947977,3.8843930635838153,2.8439306358381504,2026-02,45.98843930635839,47.33460257020467,51.167630057803464,True
MC,49.0,,,30.612244897959183,,,,2026-02,,,30.612244897959183,False
MD,631.0,32.48811410459588,14.73851030110935,20.91917591125198,23.93026941362916,4.437400950871632,3.4865293185419968,2026-02,47.22662440570523,48.93267651888342,49.28684627575277,True
ME,168.0,29.761904761904763,13.690476190476192,29.761904761904763,20.833333333333336,,,2026-02,43.452380952380956,46.202531645569614,50.5952380952381,False
MF,19.0,,,,,,,2026-02,,,,False
MG,515.0,30.48543689320388,16.699029126213592,30.29126213592233,17.864077669902912,,,2026-02,47.18446601941747,49.4908350305499,48.15533980582524,True
MK,408.0,26.47058823529412,22.54901960784314,20.833333333333336,20.833333333333336,5.637254901960785,3.6764705882352944,2026-02,49.01960784313726,50.89058524173028,47.30392156862746,True
MN,243.0,33.33333333333333,17.695473251028808,21.39917695473251,22.22222222222222,,,2026-02,51.02880658436214,53.91304347826087,43.62139917695473,True
MQ,103.0,41.74757281553398,,33.00970873786408,14.563106796116504,,,2026-02,,,47.57281553398059,False
MR,96.0,26.041666666666668,15.625,28.125,26.041666666666668,,,2026-02,41.66666666666667,43.47826086956522,54.16666666666667,False
MT,340.0,27.35294117647059,12.647058823529411,28.823529411764703,23.235294117647054,5.294117647058823,,2026-02,40.0,41.08761329305136,57.35294117647058,True
MU,319.0,37.93103448275862,10.344827586206897,27.89968652037618,17.86833855799373,,,2026-02,48.275862068965516,51.33333333333333,45.76802507836991,True
MV,156.0,32.05128205128205,12.17948717948718,32.05128205128205,17.94871794871795,,,2026-02,44.23076923076923,46.93877551020409,50.0,False
MW,124.0,37.096774193548384,12.903225806451612,30.64516129032258,13.709677419354838,,,2026-02,50.0,52.991452991452995,44.354838709677416,False
MX,9757.0,33.3299169826791,10.822998872604284,28.256636261145847,20.487854873424208,3.915137849748898,3.1874551603976635,2026-02,44.15291585528338,45.606605970781274,52.65962898431895,True
MY,3921.0,30.37490436113237,12.318286151491966,26.600357051772505,21.550624840601888,5.916857944401938,3.2389696505993366,2026-02,42.693190512624334,44.1222983658408,54.06783983677633,True
MZ,225.0,41.333333333333336,8.444444444444445,25.333333333333336,16.88888888888889,,,2026-02,49.77777777777778,54.106280193236714,42.22222222222223,True
NA,151.0,43.04635761589404,,29.13907284768212,18.543046357615893,,,2026-02,,,47.68211920529801,False
NC,47.0,34.04255319148936,,36.17021276595745,,,,2026-02,,,36.17021276595745,False
NE,101.0,47.52475247524752,,23.76237623762376,17.82178217821782,,,2026-02,,,41.58415841584158,False
NG,7704.0,38.25285565939772,8.969366562824508,30.54257528556594,16.575804776739357,2.972481827622014,2.6869158878504673,2026-02,47.22222222222223,48.52607709750567,50.090861889927304,True
NL,10296.0,25.466200466200466,12.15034965034965,27.874902874902872,26.554001554001555,5.293317793317794,2.6612276612276613,2026-02,37.616550116550115,38.644981041708235,59.72222222222223,True
NO,2619.0,26.155021000381826,13.020236731576937,23.367697594501717,28.29324169530355,5.956471935853378,3.2073310423825885,2026-02,39.175257731958766,40.473372781065095,57.61741122565865,True
NONE,2340.0,31.666666666666664,12.863247863247862,27.307692307692307,20.384615384615383,4.786324786324787,2.9914529914529915,2026-02,44.52991452991453,45.903083700440526,52.47863247863248,True
NP,1584.0,34.659090909090914,13.952020202020202,27.27272727272727,18.497474747474747,3.4722222222222223,2.146464646464646,2026-02,48.611111111111114,49.67741935483871,49.24242424242424,True
NZ,2739.0,28.0759401241329,11.610076670317634,26.944140197152244,25.410733844468787,5.549470609711574,2.4096385542168677,2026-02,39.68601679445053,40.66591844369623,57.90434465133261,True
OM,359.0,38.16155988857939,11.977715877437326,25.90529247910863,15.87743732590529,4.456824512534819,,2026-02,50.139275766016716,52.02312138728325,46.23955431754874,True
PA,559.0,35.42039355992844,12.164579606440071,27.906976744186046,17.173524150268335,3.7567084078711983,3.5778175313059033,2026-02,47.58497316636851,49.35064935064935,48.83720930232558,True
PE,3354.0,32.67740011926058,12.939773404889683,28.741800834824087,19.290399522957664,4.263565891472868,2.0870602265951104,2026-02,45.61717352415027,46.58952496954934,52.29576624925461,True
PF,83.0,22.89156626506024,,31.32530120481928,21.686746987951807,,,2026-02,,,53.01204819277109,False
PG,52.0,44.230769230769226,,,,,,2026-02,,,,False
PH,9281.0,34.24199978450598,11.507380670186402,31.08501239090615,16.140502101066694,4.137485184786122,2.887619868548648,2026-02,45.74938045469238,47.10973038943747,51.36299967675897,True
PK,8699.0,39.25738590642602,11.736981262214048,28.911369122887688,14.576388090585125,2.7474422347396255,2.770433383147488,2026-02,50.99436716864007,52.44738708914637,46.235199448212434,True
PL,9310.0,27.79806659505908,12.824919441460796,23.050483351235233,26.61654135338346,7.121374865735768,2.5886143931256713,2026-02,40.622986036519876,41.70250303230787,56.788399570354464,True
PR,587.0,33.560477001703575,9.028960817717206,28.449744463373083,22.31686541737649,3.2367972742759794,3.4071550255536627,2026-02,42.58943781942078,44.091710758377424,54.00340715502555,True
PS,259.0,28.95752895752895,16.216216216216218,25.482625482625483,22.393822393822393,,,2026-02,45.17374517374517,48.54771784232364,47.87644787644788,True
PT,4406.0,29.142078983204723,12.165229232864275,28.43849296413981,23.354516568315933,4.42578302315025,2.473899228325011,2026-02,41.307308216068996,42.355131487084016,56.218792555605994,True
PY,515.0,33.00970873786408,13.398058252427184,25.436893203883493,22.330097087378643,3.883495145631067,,2026-02,46.407766990291265,47.326732673267315,51.6504854368932,True
QA,634.0,35.17350157728706,8.990536277602523,30.441640378548897,17.981072555205046,5.205047318611988,,2026-02,44.164037854889585,45.16129032258064,53.62776025236593,True
RE,340.0,33.52941176470588,10.882352941176473,30.88235294117647,17.647058823529413,4.411764705882353,,2026-02,44.41176470588235,45.61933534743202,52.94117647058824,True
RO,3833.0,29.272110618314635,14.609966084007306,22.593268979911297,25.932689799112968,4.487346725802244,3.104617792851552,2026-02,43.88207670232194,45.28809908454497,53.013305504826505,True
RS,1643.0,25.50213024954352,15.5203895313451,22.641509433962263,26.658551430310407,6.1472915398660986,3.5301278149726114,2026-02,41.022519780888615,42.52365930599369,55.44735240413876,True
RW,504.0,43.25396825396825,10.11904761904762,25.992063492063497,14.88095238095238,2.976190476190476,,2026-02,53.37301587301587,54.897959183673464,43.84920634920635,True
SA,3698.0,32.69334775554354,12.547322877230934,27.14981070849108,19.605191995673337,4.542996214169821,3.461330448891293,2026-02,45.240670632774474,46.86274509803921,51.29799891833424,True
SE,4885.0,24.749232343909927,13.162743091095187,25.342886386898673,27.635619242579324,6.407369498464687,2.702149437052201,2026-02,37.91197543500512,38.964864296233955,59.38587512794268,True
SG,5499.0,29.023458810692855,9.72904164393526,25.87743226041098,26.532096744862702,6.073831605746499,2.7641389343517,2026-02,38.75250045462811,39.85412380774266,58.48336061102018,True
SI,764.0,28.92670157068063,13.219895287958114,23.42931937172775,26.17801047120419,5.2356020942408374,3.0104712041884816,2026-02,42.146596858638745,43.45479082321188,54.84293193717278,True
SK,1089.0,27.18089990817263,14.87603305785124,23.69146005509642,24.517906336088156,6.703397612488522,3.0303030303030303,2026-02,42.05693296602387,43.37121212121212,54.9127640036731,True
SL,59.0,30.508474576271187,,30.508474576271187,25.42372881355932,,,2026-02,,,55.932203389830505,False
SM,18.0,,,,,,,2026-02,,,,False
SN,892.0,37.89237668161435,11.547085201793722,25.672645739910315,18.49775784753363,3.1390134529147984,3.2511210762331837,2026-02,49.43946188340807,51.10081112398609,47.30941704035874,True
SR,38.0,,,42.10526315789473,,,,2026-02,,,42.10526315789473,False
SV,475.0,34.94736842105263,12.421052631578949,24.421052631578945,21.052631578947366,3.7894736842105265,3.3684210526315788,2026-02,47.368421052631575,49.01960784313726,49.26315789473684,True
SZ,42.0,40.476190476190474,,,,,,2026-02,,,,False
TD,90.0,54.44444444444444,,23.333333333333332,,,,2026-02,,,23.333333333333332,False
TG,296.0,45.608108108108105,7.094594594594595,23.986486486486484,16.554054054054053,,,2026-02,52.7027027027027,56.52173913043478,40.54054054054053,True
TH,6217.0,33.74617982949976,11.64548817757761,27.151359176451667,19.9292263149429,4.664629242399871,2.8631172591281966,2026-02,45.39166800707737,46.72959099188608,51.745214733794434,True
TJ,136.0,36.02941176470589,11.029411764705882,27.941176470588236,21.323529411764707,,,2026-02,47.058823529411775,48.85496183206107,49.26470588235294,False
TL,19.0,,,,,,,2026-02,,,,False
TN,1851.0,30.578065910318745,21.123716909778494,25.60777957860616,17.179902755267424,3.2414910858995136,2.2690437601296596,2026-02,51.701782820097236,52.90215588723052,46.029173419773095,True
TR,9170.0,28.77862595419847,16.390403489640132,25.14721919302072,21.559432933478735,4.612868047982552,3.5114503816793894,2026-02,45.1690294438386,46.8128390596745,51.31952017448201,True
TT,184.0,33.69565217391305,11.41304347826087,34.23913043478261,14.130434782608695,,,2026-02,45.108695652173914,48.25581395348838,48.369565217391305,False
TW,5930.0,27.25126475548061,11.568296795952785,23.608768971332207,26.54300168634064,6.2900505902192245,4.738617200674536,2026-02,38.819561551433395,40.75057532306603,56.44182124789207,True
TZ,492.0,39.22764227642276,10.16260162601626,22.35772357723577,22.76422764227642,,3.2520325203252036,2026-02,49.390243902439025,52.25806451612903,45.12195121951219,True
UA,5501.0,31.12161425195419,12.434102890383569,26.2861297945828,22.777676786038903,4.471914197418651,2.9085620796218867,2026-02,43.555717142337755,44.860513012544466,53.53572077804035,True
UG,480.0,39.166666666666664,9.166666666666666,24.583333333333332,21.875,,3.3333333333333335,2026-02,48.33333333333333,50.989010989010985,46.45833333333333,True
US,222372.0,29.92148292051158,10.246343964168153,26.317611929559476,24.909161225334124,5.582537369812746,3.022862590613926,2026-02,40.167826884679734,41.41989334569905,56.80931052470635,True
UY,593.0,25.801011804384487,15.177065767284992,24.78920741989882,26.475548060708263,5.059021922428331,2.69814502529511,2026-02,40.97807757166948,42.114384748700175,56.32377740303541,True
UZ,861.0,34.030197444831586,12.775842044134729,22.531939605110335,22.531939605110335,4.181184668989547,3.948896631823461,2026-02,46.80603948896631,48.73035066505441,49.245063879210214,True
VC,18.0,,,,,,,2026-02,,,,False
VI,19.0,,,,,,,2026-02,,,,False
VN,6306.0,33.03203298445925,12.971772914684426,26.355851569933396,19.33079606723755,5.439264192832223,2.8702822708531555,2026-02,46.00380589914367,47.36326530612246,51.125911830003176,True
XK,98.0,30.612244897959183,,29.59183673469388,20.40816326530612,,,2026-02,,,50.0,False
ZA,4107.0,35.792549306062824,11.443876308741173,26.80788897005113,19.113708302897493,3.968833698563428,2.8731434136839544,2026-02,47.236425614804,48.633742792679875,49.89043097151205,True
ZM,320.0,42.8125,6.875000000000001,19.6875,25.937500000000004,,,2026-02,49.6875,52.131147540983605,45.625,True
ZW,362.0,40.331491712707184,12.154696132596683,25.96685082872928,16.298342541436465,,,2026-02,52.48618784530387,55.3935860058309,42.26519337016575,True
not_classified,181586.0,,,,,,,2026-02,,,,True
AGO,,40.51,12.94,28.95,13.04,1.28,3.26,2026-04,53.449999999999996,55.26261373035566,43.269999999999996,True
AGO,,40.07,12.87,28.32,14.29,1.52,2.94,2026-05,52.94,54.537962295250864,44.13,True
ALB,,31.87,20.51,28.27,14.37,3.01,1.97,2026-04,52.38,53.43262266653065,45.65,True
ALB,,29.0,17.62,29.84,17.43,2.41,3.71,2026-05,46.620000000000005,48.41121495327103,49.67999999999999,True
ARE,,35.67,14.38,32.19,13.13,2.16,2.46,2026-04,50.050000000000004,51.3175433200041,47.480000000000004,True
ARE,,34.13,14.97,32.61,13.6,2.34,2.36,2026-05,49.1,50.281618023553506,48.55,True
ARG,,28.92,18.52,30.56,16.59,2.65,2.76,2026-04,47.44,48.78650761003701,49.8,True
ARG,,28.4,18.29,32.21,15.93,2.7,2.47,2026-05,46.69,47.8724495027171,50.84,True
ARM,,27.9,18.23,28.23,19.03,2.66,3.95,2026-04,46.129999999999995,48.02706923477355,49.92,True
ARM,,29.36,17.02,28.71,17.89,3.64,3.37,2026-05,46.379999999999995,48.00248395777271,50.24,True
AUS,,29.93,15.66,32.09,16.41,3.61,2.3,2026-04,45.59,46.663254861821905,52.11,True
AUS,,29.41,15.07,33.87,15.72,3.68,2.25,2026-05,44.480000000000004,45.50383631713555,53.269999999999996,True
AUT,,27.6,16.5,29.96,20.03,3.53,2.38,2026-04,44.1,45.175169022741244,53.52,True
AUT,,28.09,16.7,29.68,19.24,3.8,2.49,2026-05,44.79,45.933750384575944,52.72,True
AZE,,28.99,19.35,26.24,19.46,2.63,3.33,2026-04,48.34,50.00517223544016,48.330000000000005,True
AZE,,28.51,18.34,26.11,20.85,2.65,3.54,2026-05,46.85,48.569355173128756,49.61,True
BEL,,29.64,16.12,31.05,17.47,3.34,2.4,2026-04,45.760000000000005,46.87564023765622,51.86,True
BEL,,26.9,14.86,31.17,21.09,3.76,2.23,2026-05,41.76,42.708120269993856,56.02,True
BEN,,34.03,15.62,31.84,13.98,1.58,2.95,2026-04,49.65,51.15919629057187,47.4,True
BEN,,32.87,13.38,34.7,14.49,2.2,2.36,2026-05,46.25,47.36788201556739,51.39000000000001,True
BFA,,41.88,13.75,26.89,13.22,1.69,2.57,2026-04,55.63,57.097403263881766,41.8,True
BFA,,39.43,11.58,28.57,15.79,1.61,3.01,2026-05,51.01,52.59847391214683,45.97,True
BGD,,37.81,12.14,26.46,18.63,2.37,2.59,2026-04,49.95,51.27810286418233,47.46,True
BGD,,36.86,12.51,27.36,18.02,2.54,2.71,2026-05,49.37,50.74519477849728,47.919999999999995,True
BGR,,28.77,20.32,27.21,18.09,3.15,2.46,2026-04,49.09,50.32807053516505,48.449999999999996,True
BGR,,28.17,19.28,28.91,18.24,3.01,2.39,2026-05,47.45,48.611822559164025,50.16,True
BHR,,34.55,17.23,28.18,14.04,3.37,2.62,2026-04,51.78,53.17859710383075,45.589999999999996,True
BHR,,30.89,15.45,31.46,15.39,4.37,2.44,2026-05,46.34,47.49897498974989,51.22,True
BIH,,28.08,17.84,27.73,18.76,4.37,3.22,2026-04,45.92,47.447819797478815,50.86,True
BIH,,29.4,20.05,27.38,16.09,4.21,2.86,2026-05,49.45,50.911150005147746,47.68,True
BOL,,35.84,14.99,30.8,13.81,2.08,2.48,2026-04,50.830000000000005,52.12264150943396,46.69,True
BOL,,35.66,14.85,32.7,12.34,2.42,2.04,2026-05,50.51,51.55659895886495,47.46000000000001,True
BRA,,33.42,16.85,32.61,12.35,2.36,2.42,2026-04,50.27,51.51142535095809,47.32,True
BRA,,33.16,16.84,33.32,11.95,2.43,2.3,2026-05,50.0,51.17707267144319,47.699999999999996,True
BWA,,39.8,10.51,30.78,14.71,1.85,2.35,2026-05,50.309999999999995,51.52073732718894,47.34,True
CAN,,29.26,15.76,29.0,19.79,3.6,2.6,2026-04,45.02,46.217020839749516,52.39,True
CAN,,29.28,16.77,30.13,17.71,3.41,2.7,2026-05,46.05,47.327852004111,51.25,True
CHE,,29.17,15.33,31.67,18.79,2.91,2.13,2026-04,44.5,45.46847859405334,53.370000000000005,True
CHE,,28.35,14.73,31.68,19.49,3.33,2.43,2026-05,43.08,44.14839106374258,54.5,True
CHL,,31.39,16.26,32.07,15.29,2.54,2.44,2026-04,47.650000000000006,48.84674525884163,49.9,True
CHL,,30.3,17.35,32.32,14.88,2.75,2.39,2026-05,47.650000000000006,48.82172131147542,49.95,True
CIV,,37.72,13.72,30.39,13.87,1.43,2.86,2026-04,51.44,52.95995058169463,45.69,True
CIV,,39.03,12.47,30.47,13.42,1.9,2.71,2026-05,51.5,52.934525644978926,45.79,True
CMR,,42.21,12.23,27.63,14.24,1.38,2.32,2026-04,54.44,55.72730064489713,43.25,True
CMR,,42.26,11.43,27.34,15.0,1.25,2.73,2026-05,53.69,55.19120065789473,43.59,True
COG,,38.82,12.98,29.57,13.82,1.92,2.88,2026-05,51.8,53.341571413860564,45.31,True
COL,,34.11,15.98,32.53,13.31,2.03,2.04,2026-04,50.09,51.13311555737036,47.870000000000005,True
COL,,33.62,15.45,34.33,12.54,2.16,1.9,2026-05,49.06999999999999,50.020387359836896,49.03,True
CRI,,30.41,18.22,31.49,15.15,2.54,2.18,2026-04,48.629999999999995,49.71884265412534,49.18,True
CRI,,29.06,18.67,32.3,15.22,2.3,2.45,2026-05,47.730000000000004,48.928754484879555,49.81999999999999,True
CYP,,28.9,18.29,29.89,17.62,3.04,2.27,2026-04,47.19,48.28115408225905,50.550000000000004,True
CYP,,29.42,17.3,31.42,16.9,2.82,2.14,2026-05,46.72,47.74167177600654,51.14,True
CZE,,29.29,17.85,27.74,18.82,3.43,2.88,2026-04,47.14,48.53289405950788,49.99,True
CZE,,28.91,18.19,26.9,19.62,3.45,2.93,2026-05,47.1,48.52168538168332,49.97,True
DEU,,28.35,16.66,29.84,19.55,3.23,2.36,2026-04,45.010000000000005,46.102632387585786,52.62,True
DEU,,27.41,16.69,30.23,19.88,3.3,2.48,2026-05,44.1,45.22613065326634,53.41,True
DNK,,27.45,16.09,32.39,17.97,3.44,2.66,2026-04,43.54,44.729813026505035,53.8,True
DNK,,26.19,15.15,33.14,18.85,4.46,2.2,2026-05,41.34,42.27426117189897,56.45,True
DOM,,35.59,17.65,30.41,12.01,2.3,2.05,2026-04,53.24,54.34871376071866,44.72,True
DOM,,33.33,17.33,33.06,11.69,1.83,2.77,2026-05,50.66,52.09790209790209,46.58,True
DZA,,33.19,15.37,26.08,18.87,3.03,3.47,2026-04,48.559999999999995,50.30039361922519,47.980000000000004,True
DZA,,33.09,12.83,26.42,21.83,2.66,3.18,2026-05,45.92,47.42331921925024,50.91,True
ECU,,35.97,14.8,32.89,11.15,2.39,2.8,2026-04,50.769999999999996,52.23251028806584,46.43,True
ECU,,34.15,14.09,35.55,11.65,2.25,2.31,2026-05,48.239999999999995,49.380694032142486,49.449999999999996,True
EGY,,31.9,17.72,27.52,17.14,3.0,2.71,2026-04,49.62,51.007401315789465,47.66,True
EGY,,32.52,17.04,27.32,17.87,2.66,2.58,2026-05,49.56,50.87773329226979,47.849999999999994,True
ESP,,29.28,18.85,31.17,15.76,2.68,2.26,2026-04,48.13,49.24288929813791,49.61,True
ESP,,28.98,18.13,31.41,16.42,3.01,2.06,2026-05,47.11,48.09596733027055,50.839999999999996,True
EST,,28.1,19.08,27.27,20.13,3.08,2.35,2026-04,47.18,48.31046487814868,50.48,True
EST,,29.67,18.25,27.09,18.1,4.25,2.66,2026-05,47.92,49.21939194741166,49.44,True
FIN,,27.19,17.01,28.14,20.74,4.02,2.91,2026-04,44.2,45.5200823892894,52.89999999999999,True
FIN,,27.17,17.49,27.79,20.81,4.0,2.74,2026-05,44.66,45.91815751593666,52.599999999999994,True
FRA,,29.09,15.77,32.14,17.91,2.83,2.26,2026-04,44.86,45.897278493963576,52.879999999999995,True
FRA,,28.63,15.95,32.2,18.18,2.82,2.21,2026-05,44.58,45.592145633053796,53.2,True
GBR,,28.55,15.41,32.34,17.14,4.2,2.36,2026-04,43.96,45.022531749283075,53.68000000000001,True
GBR,,28.29,15.4,31.33,18.2,4.29,2.49,2026-05,43.69,44.80566095785047,53.82,True
GEO,,29.98,17.71,26.17,20.21,3.02,2.91,2026-04,47.69,49.11937377690803,49.400000000000006,True
GEO,,28.12,18.42,26.52,20.19,3.51,3.24,2026-05,46.540000000000006,48.09838776353866,50.22,True
GHA,,42.97,10.99,23.14,18.33,2.19,2.37,2026-04,53.96,55.27555828723622,43.66,True
GHA,,40.9,12.5,27.42,14.59,2.25,2.34,2026-05,53.4,54.6795003071882,44.260000000000005,True
GRC,,27.35,19.67,29.19,17.91,3.31,2.57,2026-04,47.02,48.26028943857128,50.410000000000004,True
GRC,,27.58,19.06,29.68,17.94,3.29,2.45,2026-05,46.64,47.81137878011276,50.910000000000004,True
GTM,,34.68,16.17,31.25,13.12,2.75,2.04,2026-04,50.85,51.90364397264469,47.12,True
GTM,,33.12,17.39,31.7,13.03,2.36,2.41,2026-05,50.51,51.75204918032787,47.089999999999996,True
HND,,35.18,15.78,30.05,13.97,2.91,2.11,2026-04,50.96,52.058432934926955,46.93000000000001,True
HND,,34.37,16.62,31.27,12.73,1.69,3.32,2026-05,50.989999999999995,52.74100124120811,45.69,True
HRV,,28.11,19.55,27.29,18.83,3.42,2.81,2026-04,47.66,49.03292181069959,49.54,True
HRV,,30.43,17.33,28.79,17.76,3.1,2.6,2026-05,47.76,49.02987372959655,49.65,True
HTI,,37.43,12.86,26.02,17.6,2.32,3.77,2026-05,50.29,52.26020991374831,45.940000000000005,True
HUN,,29.94,18.34,26.81,18.49,3.36,3.05,2026-04,48.28,49.8040024757582,48.66,True
HUN,,28.12,18.62,26.76,19.78,3.89,2.83,2026-05,46.74,48.10126582278481,50.43000000000001,True
IDN,,37.21,10.5,33.92,14.08,2.44,1.86,2026-04,47.71,48.60927152317881,50.44,True
IDN,,36.49,10.2,36.61,12.61,2.37,1.72,2026-05,46.69,47.50712250712251,51.589999999999996,True
IND,,37.96,13.89,27.91,15.68,2.23,2.31,2026-04,51.85,53.086925360909184,45.82,True
IND,,36.73,13.93,28.55,16.17,2.29,2.33,2026-05,50.66,51.86853691000307,47.01,True
IRL,,28.98,16.41,28.96,19.39,3.99,2.27,2026-04,45.39,46.44428527575975,52.34,True
IRL,,29.42,16.15,29.23,18.89,3.8,2.52,2026-05,45.57,46.74325571853524,51.92,True
IRQ,,34.33,12.42,25.47,20.92,2.99,3.87,2026-04,46.75,48.63206075106627,49.38,True
IRQ,,34.18,13.36,24.83,20.61,3.17,3.85,2026-05,47.54,49.44357774310972,48.61,True
ISL,,26.53,18.1,27.76,20.68,3.95,2.99,2026-04,44.63,46.000824572253144,52.39,True
ISL,,27.3,19.41,28.11,17.9,3.84,3.44,2026-05,46.71,48.37406793703397,49.849999999999994,True
ISR,,32.18,19.35,28.01,14.91,2.71,2.84,2026-04,51.53,53.03622890078222,45.63,True
ISR,,31.38,19.02,29.01,14.98,2.65,2.96,2026-05,50.4,51.937345424567184,46.64,True
ITA,,28.98,17.16,31.2,17.26,3.11,2.27,2026-04,46.14,47.22136935830519,51.57,True
ITA,,28.32,16.96,31.27,17.68,3.44,2.33,2026-05,45.28,46.360192484898135,52.39,True
JAM,,32.41,16.16,32.76,14.0,2.87,1.8,2026-04,48.56999999999999,49.46028513238289,49.629999999999995,True
JAM,,32.49,15.87,33.33,13.65,2.36,2.29,2026-05,48.36,49.498464687819855,49.339999999999996,True
JOR,,31.6,14.99,28.18,19.04,2.91,3.28,2026-04,46.59,48.169975186104224,50.129999999999995,True
JOR,,30.71,16.79,27.86,18.27,3.47,2.9,2026-05,47.5,48.91864057672503,49.599999999999994,True
JPN,,29.62,16.96,27.4,18.65,3.95,3.42,2026-04,46.58,48.22944709049493,50.0,True
JPN,,28.81,17.1,28.07,18.56,4.22,3.25,2026-05,45.91,47.447292269532866,50.849999999999994,True
KAZ,,33.29,14.56,27.42,18.6,2.58,3.55,2026-04,47.85,49.61119751166407,48.6,True
KAZ,,31.09,16.43,28.95,16.89,3.09,3.55,2026-05,47.519999999999996,49.26905132192845,48.93000000000001,True
KEN,,40.46,14.89,28.16,12.17,2.13,2.19,2026-04,55.35,56.58930579695328,42.46,True
KEN,,37.97,15.27,29.71,12.48,2.06,2.52,2026-05,53.239999999999995,54.610729305569805,44.25,True
KGZ,,35.45,14.0,26.7,19.26,1.97,2.63,2026-04,49.45,50.780447730540146,47.93,True
KGZ,,31.64,17.17,25.96,18.26,2.77,4.19,2026-05,48.81,50.94989561586638,46.99,True
KHM,,33.91,17.48,25.51,16.65,2.55,3.9,2026-04,51.39,53.47554630593132,44.709999999999994,True
KHM,,32.39,18.31,27.99,15.78,2.48,3.05,2026-05,50.7,52.294997421351205,46.24999999999999,True
KOR,,29.86,12.85,32.62,18.57,3.82,2.27,2026-04,42.71,43.706508391322146,55.01,True
KOR,,29.63,13.16,33.69,17.49,3.83,2.2,2026-05,42.79,43.75255623721882,55.00999999999999,True
KWT,,34.62,15.13,26.96,17.24,2.75,3.3,2026-04,49.75,51.44777662874871,46.95,True
KWT,,31.08,16.15,28.76,17.32,3.36,3.33,2026-05,47.23,48.85693596772525,49.44,True
LBN,,29.69,17.12,28.97,18.57,2.79,2.85,2026-04,46.81,48.188182005353106,50.33,True
LBN,,28.1,16.36,31.5,18.1,3.61,2.34,2026-05,44.46,45.520630695198115,53.21,True
LKA,,36.66,16.0,28.02,14.08,2.69,2.56,2026-04,52.66,54.03796818881478,44.79,True
LKA,,36.47,14.5,27.76,16.05,2.87,2.36,2026-05,50.97,52.196620583717355,46.68,True
LTU,,29.95,19.92,26.07,17.8,2.91,3.34,2026-04,49.870000000000005,51.59855147439214,46.78,True
LTU,,28.95,17.62,27.58,19.89,3.0,2.95,2026-05,46.57,47.99051937345424,50.47,True
LUX,,30.77,15.59,31.04,17.81,2.63,2.16,2026-04,46.36,47.38348323793949,51.48,True
LUX,,30.4,15.3,31.1,17.81,3.07,2.32,2026-05,45.7,46.78542178542178,51.98,True
LVA,,28.29,18.91,27.37,18.75,4.04,2.64,2026-04,47.2,48.47986852917009,50.160000000000004,True
LVA,,28.33,18.11,28.48,18.71,3.71,2.65,2026-05,46.44,47.70906102321759,50.9,True
MAR,,32.67,16.3,30.39,15.99,2.14,2.51,2026-04,48.97,50.23079290183608,48.52,True
MAR,,30.78,15.71,31.52,16.89,2.54,2.56,2026-05,46.49,47.711412151067314,50.949999999999996,True
MDA,,30.26,17.2,29.95,16.42,2.81,3.36,2026-04,47.46,49.110099337748345,49.18000000000001,True
MDA,,32.53,17.09,30.51,15.11,2.5,2.26,2026-05,49.620000000000005,50.767341927562924,48.120000000000005,True
MDG,,34.59,18.46,28.41,14.96,1.61,1.97,2026-04,53.050000000000004,54.116086912169735,44.980000000000004,True
MDG,,33.49,17.7,29.81,14.37,2.55,2.08,2026-05,51.19,52.27736928104575,46.73,True
MEX,,32.15,17.45,31.36,14.14,2.35,2.54,2026-04,49.599999999999994,50.89789635710621,47.85,True
MEX,,31.65,17.55,32.11,13.94,2.44,2.31,2026-05,49.2,50.3633944108916,48.489999999999995,True
MKD,,29.99,19.43,30.51,15.25,2.74,2.09,2026-04,49.42,50.46977124183007,48.50000000000001,True
MKD,,26.73,19.08,29.97,18.36,3.06,2.79,2026-05,45.81,47.12962962962963,51.39,True
MLT,,28.32,18.13,32.54,16.07,2.78,2.16,2026-04,46.45,47.47547015535568,51.39,True
MLT,,30.88,17.81,30.19,15.68,3.03,2.41,2026-05,48.69,49.892407008914844,48.900000000000006,True
MNG,,41.45,13.65,25.61,13.79,2.05,3.45,2026-04,55.1,57.068876229932684,41.449999999999996,True
MNG,,42.95,12.21,25.22,13.76,1.9,3.97,2026-05,55.160000000000004,57.434402332361515,40.879999999999995,True
MOZ,,40.62,10.17,31.95,12.82,1.86,2.58,2026-05,50.79,52.13508519811126,46.629999999999995,True
MUS,,33.56,14.41,31.19,17.23,2.03,1.58,2026-04,47.97,48.740093476935584,50.45,True
MUS,,34.77,14.42,33.56,12.4,2.02,2.83,2026-05,49.190000000000005,50.62262015025214,47.980000000000004,True
MYS,,31.95,15.21,30.24,16.88,3.11,2.6,2026-04,47.16,48.423862819591335,50.23,True
MYS,,30.77,15.15,32.1,16.0,3.27,2.71,2026-05,45.92,47.19909548771714,51.370000000000005,True
NAM,,40.13,11.66,28.21,15.36,2.52,2.12,2026-05,51.790000000000006,52.911728647323265,46.09,True
NGA,,36.02,14.0,32.64,12.88,2.14,2.32,2026-04,50.02,51.20802620802621,47.660000000000004,True
NGA,,36.19,14.21,32.6,12.4,2.09,2.51,2026-05,50.4,51.6976100112832,47.09,True
NLD,,29.04,16.91,29.77,18.71,3.06,2.51,2026-04,45.95,47.133039286080624,51.540000000000006,True
NLD,,27.79,16.42,31.75,18.3,3.41,2.32,2026-05,44.21,45.26466673492372,53.459999999999994,True
NOR,,27.24,16.06,28.48,21.93,4.04,2.25,2026-04,43.3,44.29667519181585,54.449999999999996,True
NOR,,24.99,15.27,28.81,23.65,4.86,2.42,2026-05,40.26,41.25845460135273,57.31999999999999,True
NPL,,37.77,12.16,26.12,18.95,2.35,2.65,2026-04,49.93000000000001,51.28916281458654,47.42,True
NPL,,36.39,13.58,27.78,17.42,2.29,2.54,2026-05,49.97,51.2723168479376,47.49,True
NZL,,29.04,16.42,31.11,17.39,3.67,2.38,2026-04,45.46,46.563556283929124,52.17,True
NZL,,28.98,16.21,32.22,16.29,3.83,2.48,2026-05,45.19,46.33446119142828,52.339999999999996,True
OMN,,35.9,12.22,31.44,15.4,1.97,3.06,2026-04,48.12,49.64407304240173,48.81,True
OMN,,34.24,14.4,32.56,13.77,2.16,2.87,2026-05,48.64,50.077216102131175,48.489999999999995,True
PAK,,36.06,13.75,28.98,16.54,2.38,2.29,2026-04,49.81,50.97738204892027,47.9,True
PAK,,35.65,13.79,29.57,16.23,2.29,2.46,2026-05,49.44,50.69209474007997,48.089999999999996,True
PAN,,33.42,16.26,32.73,13.47,2.15,1.97,2026-04,49.68000000000001,50.678363766194025,48.349999999999994,True
PAN,,34.23,15.11,33.9,12.02,1.77,2.98,2026-05,49.339999999999996,50.85025249922705,47.690000000000005,True
PER,,35.63,13.14,33.04,13.7,2.36,2.13,2026-04,48.77,49.831409011954634,49.099999999999994,True
PER,,34.65,12.04,35.52,13.34,2.58,1.87,2026-05,46.69,47.57974115968612,51.44,True
PHL,,33.25,14.41,33.91,12.83,3.07,2.54,2026-04,47.66,48.89709654252591,49.809999999999995,True
PHL,,32.97,15.03,34.49,12.22,2.9,2.39,2026-05,48.0,49.175289417067916,49.61,True
POL,,29.12,18.47,27.72,18.34,3.33,3.02,2026-04,47.59,49.071973602804704,49.39,True
POL,,28.36,17.84,28.25,18.51,3.6,3.44,2026-05,46.2,47.845898922949466,50.36000000000001,True
PRI,,34.3,16.0,31.27,13.79,2.34,2.3,2026-04,50.3,51.48413510747185,47.400000000000006,True
PRI,,32.79,15.68,29.96,15.44,3.22,2.92,2026-05,48.47,49.92275208569368,48.62,True
PRT,,30.87,16.9,32.02,15.09,2.88,2.23,2026-04,47.769999999999996,48.86456628477905,49.99,True
PRT,,29.07,17.44,33.14,15.39,2.88,2.08,2026-05,46.510000000000005,47.49795751633987,51.410000000000004,True
PRY,,30.55,17.53,31.1,15.74,2.66,2.42,2026-04,48.08,49.2723918835827,49.5,True
PRY,,32.69,17.91,29.2,14.66,2.31,3.21,2026-05,50.599999999999994,52.28893252040921,46.17,True
PSE,,32.94,17.98,25.98,15.62,2.89,4.59,2026-04,50.92,53.369667749711766,44.49,True
PSE,,30.99,19.4,27.21,16.4,3.15,2.84,2026-05,50.39,51.868244981986614,46.76,True
QAT,,33.17,13.34,32.13,16.1,2.65,2.61,2026-04,46.510000000000005,47.756443166649554,50.88,True
QAT,,33.59,13.24,32.82,14.91,2.84,2.6,2026-05,46.830000000000005,48.08008213552362,50.57000000000001,True
ROU,,28.2,18.77,28.06,18.74,3.13,3.09,2026-04,46.97,48.47265221878225,49.93,True
ROU,,28.37,18.24,29.54,18.06,3.14,2.65,2026-05,46.61,47.878787878787875,50.739999999999995,True
RWA,,39.55,15.78,28.38,12.5,1.43,2.36,2026-04,55.33,56.667349446947966,42.309999999999995,True
RWA,,39.69,14.22,26.34,15.09,1.49,3.17,2026-05,53.91,55.674894144376744,42.92,True
SAU,,32.22,15.71,31.78,14.88,2.68,2.72,2026-04,47.93,49.27521332373804,49.34,True
SAU,,32.13,15.08,31.8,15.33,2.79,2.87,2026-05,47.21,48.604962421496964,49.92,True
SEN,,36.98,14.13,30.9,13.2,2.15,2.63,2026-04,51.11,52.49589153656532,46.24999999999999,True
SEN,,35.91,14.64,29.42,15.88,1.71,2.44,2026-05,50.55,51.81426814268143,47.010000000000005,True
SGP,,30.7,13.07,29.75,21.21,3.0,2.26,2026-04,43.769999999999996,44.786657116545584,53.96,True
SGP,,31.08,14.08,30.53,18.89,2.95,2.47,2026-05,45.16,46.3037014252025,52.370000000000005,True
SLV,,34.64,17.63,30.18,12.96,2.47,2.13,2026-04,52.269999999999996,53.40212505108296,45.61,True
SLV,,32.54,18.64,31.34,12.7,2.49,2.28,2026-05,51.18,52.37949032852318,46.53,True
SRB,,27.44,18.7,27.13,20.72,3.66,2.36,2026-04,46.14,47.25038402457758,51.50999999999999,True
SRB,,25.43,18.92,28.64,20.85,3.44,2.72,2026-05,44.35,45.59004934210527,52.93,True
SVK,,30.92,18.94,26.66,17.31,3.32,2.86,2026-04,49.86,51.322696860524964,47.29,True
SVK,,28.79,18.23,26.99,20.12,3.24,2.63,2026-05,47.019999999999996,48.29002772928007,50.35,True
SVN,,29.98,17.46,28.43,18.24,2.56,3.34,2026-04,47.44,49.07416985621185,49.230000000000004,True
SVN,,28.71,18.96,28.9,18.34,3.01,2.09,2026-05,47.67,48.682598039215684,50.24999999999999,True
SWE,,26.76,17.88,29.43,19.75,3.44,2.75,2026-04,44.64,45.897594077729806,52.62,True
SWE,,25.69,17.45,29.98,20.34,3.91,2.62,2026-05,43.14,44.30522748279758,54.230000000000004,True
TGO,,36.45,14.11,30.04,14.72,1.39,3.29,2026-05,50.56,52.2800124082308,46.15,True
THA,,35.38,16.45,27.2,15.65,2.72,2.6,2026-04,51.83,53.213552361396296,45.57,True
THA,,34.81,16.25,28.19,15.34,2.59,2.82,2026-05,51.06,52.541675241819306,46.120000000000005,True
TTO,,34.8,15.26,31.24,12.33,2.82,3.55,2026-05,50.059999999999995,51.902540176257126,46.39,True
TUN,,30.47,21.73,29.21,13.95,2.47,2.17,2026-04,52.2,53.35786568537259,45.629999999999995,True
TUN,,32.35,16.3,28.93,17.81,2.3,2.3,2026-05,48.650000000000006,49.80038898556659,49.03999999999999,True
TUR,,27.86,21.2,27.2,17.69,3.07,2.98,2026-04,49.06,50.56689342403629,47.96,True
TUR,,27.44,21.15,27.86,17.65,3.09,2.83,2026-05,48.59,49.99485543780225,48.599999999999994,True
TWN,,32.18,15.84,26.37,19.01,3.39,3.21,2026-04,48.019999999999996,49.61256328133071,48.77,True
TWN,,31.42,16.75,26.71,18.78,3.34,3.0,2026-05,48.17,49.65979381443299,48.83,True
TZA,,37.91,14.9,28.63,14.9,1.09,2.57,2026-04,52.809999999999995,54.203017551062295,44.620000000000005,True
TZA,,41.17,12.27,27.76,14.77,1.44,2.59,2026-05,53.44,54.86089723847655,43.97,True
UGA,,43.53,11.89,26.04,14.78,1.1,2.66,2026-04,55.42,56.93445654407232,41.92,True
UGA,,42.46,12.28,25.47,15.97,1.52,2.3,2026-05,54.74,56.028659160696,42.96,True
UKR,,29.6,17.97,29.37,17.08,3.15,2.83,2026-04,47.57,48.95543892147782,49.6,True
UKR,,29.45,18.07,30.45,15.97,3.22,2.84,2026-05,47.519999999999996,48.909016055990115,49.64,True
URY,,28.78,18.28,28.98,18.71,3.07,2.18,2026-04,47.06,48.108771212431,50.76,True
URY,,27.46,19.23,31.12,16.26,3.17,2.77,2026-05,46.69,48.0152200740436,50.550000000000004,True
USA,,31.91,16.2,28.72,17.01,3.41,2.73,2026-04,48.11,49.470437017994854,49.14,True
USA,,31.64,16.55,28.81,16.86,3.32,2.83,2026-05,48.19,49.588392673389585,48.99,True
UZB,,39.92,12.7,24.54,16.96,2.26,3.62,2026-04,52.620000000000005,54.59638929238431,43.76,True
UZB,,39.01,12.31,23.25,19.46,2.11,3.85,2026-05,51.32,53.38048679009777,44.82,True
VNM,,34.69,14.97,29.66,15.32,2.8,2.56,2026-04,49.66,50.96469622331692,47.78,True
VNM,,35.74,14.42,29.93,14.44,3.09,2.39,2026-05,50.160000000000004,51.38291333743086,47.459999999999994,True
ZAF,,35.64,14.33,29.68,14.41,3.1,2.83,2026-04,49.97,51.43062988884315,47.190000000000005,True
ZAF,,36.45,13.75,29.33,15.19,2.88,2.4,2026-05,50.2,51.434426229508205,47.4,True
ZMB,,41.65,11.87,25.23,15.68,1.67,3.9,2026-04,53.519999999999996,55.69198751300728,42.58,True
ZMB,,39.87,13.06,25.59,17.12,2.15,2.21,2026-05,52.93,54.12618877185806,44.86,True
ZWE,,43.19,11.34,28.07,12.94,1.85,2.61,2026-04,54.53,55.99137488448507,42.86,True
ZWE,,45.45,11.03,27.69,12.52,1.32,1.99,2026-05,56.480000000000004,57.626772778287936,41.53,True
