geo_id,automation,aui,expected,auto_resid,aui_resid
AGO,59.276018099547514,0.0456122704656556,67.48700212213342,3.2130063773023494,-0.644819780783667
ALB,56.284153005464475,0.7888309384528269,68.43148423258978,-0.16623077787254914,0.16717134805893508
ARE,52.758855585831064,1.2922019273345715,58.87494955917343,0.2280108730100494,-0.025316694654454297
ARG,54.4161429043996,0.7842234914875027,58.566261663272634,2.0119041538783122,-0.5557722383285048
ARM,56.81492109038737,1.5414610298047535,66.0300153173594,1.3494812811520234,0.7449384905632501
AUS,46.03804347826087,4.101449368258871,48.300565917407525,-2.155799251422863,2.013957046373861
AUT,45.37979639780736,1.6663721262550917,58.709852954016306,-7.083335214351443,0.33683199566380484
AZE,52.653927813163484,0.2611554372170135,67.7544756228313,-3.5187861047142945,-0.40980053221671864
BEL,48.32682654768544,1.861428503075573,57.76271126420274,-3.747842197398171,0.4629222543692737
BEN,62.34817813765182,0.2524600653772727,66.76335527530115,6.58196459448979,-0.4906643279460371
BFA,62.69230769230769,0.0800069478168959,67.84642952813795,6.481879588602851,-0.5842533983930676
BGD,57.91109729561703,0.1118623113750507,59.3085790025165,5.202402807391849,-1.1740815845414354
BGR,51.385224274406326,1.4596011913060525,63.02882980250017,-2.8493024177469835,0.44454734156591735
BIH,51.42045454545454,0.6737524860668648,67.34293163689325,-4.583467777222197,-0.027170056952402155
BOL,53.761283851554666,0.4839902319857235,61.47948941591915,0.16220718247564747,-0.6438788314130341
BRA,63.94698338927619,0.9260182311201804,57.29862897812377,12.062654418429034,-0.5062801672729386
CAN,46.60019040938017,2.9136194486582068,50.42971625282783,-2.4669069269023822,0.9811611993902722
CHE,46.90223792697291,2.8129771076417764,55.441171085431336,-4.2202689994779305,1.245427920693141
CHL,50.89507707608155,1.158389348435904,56.718584139791425,-0.7513509731251489,-0.3161450123931062
CIV,59.60912052117264,0.1994331515359349,65.6852251436089,4.285093745356654,-0.6221952827406114
CMR,60.333333333333336,0.2211741123922632,66.92155128102127,4.50223691720435,-0.5104312394474391
COL,51.95071868583162,0.8236025489336274,53.56866755876339,1.5962046546370559,-0.8802929743444536
CRI,52.985702270815814,1.3119790443472863,61.19935306568539,-0.4984786324510111,0.16371185379784592
CYP,46.77137870855148,2.39017701570814,67.69651564846792,-9.377563372378404,1.7150006909876776
CZE,46.748101683724,1.711132868072996,58.43525303137335,-5.602404885745038,0.36159774528250055
DEU,45.998294554756974,1.8350611876849208,51.233085092986805,-3.398298321974714,-0.03889976290404795
DNK,44.11504424778761,2.3071425941225168,59.49185017570635,-8.668817500157267,1.0345435879022868
DOM,55.99639314697926,0.5788662042274328,62.88241240350119,1.8219184229913807,-0.4468490277980117
DZA,54.74683544303798,0.2541380965072279,63.23185256775279,0.42904052785133473,-0.7461326514446154
ECU,56.32911392405063,0.956858634417044,55.39768734951225,5.224441516878095,-0.6138568205775772
EGY,59.126454320045774,0.2811923790687435,60.84668295753119,5.786918344585125,-0.8927544839058273
ESP,50.44025157232704,1.2605807317206792,55.20073625678151,-0.5836428615194151,-0.3244757162533798
EST,50.43478260869565,3.10575549323648,67.85011259433855,-5.77715607623616,2.4417633294762475
FIN,44.550898203592816,1.8895174643237136,61.237413758953565,-8.948892999789436,0.7440216629927001
FRA,48.98868865030675,1.9438095632497092,52.34030143192482,-0.8620204775858653,0.15047056567085648
GBR,45.493174518201286,2.6652636438018495,48.50992725719863,-2.78653615202888,0.5930159669831898
GEO,49.03920061491161,2.191490694350285,64.60490319281288,-5.841740435839213,1.2911986218217844
GHA,60.06528835690968,0.3483687568154062,57.36356220278457,8.154327524228698,-1.0792015291002368
GRC,48.15506772536198,1.28477675431947,61.32872455902635,-5.382173899190292,0.14592974850735652
GTM,51.98915009041591,0.3656013171046337,51.07407551673455,2.6577737663369945,-1.5199379151027796
HND,53.755868544600936,0.2360295771042157,53.00802988739822,3.631295735032616,-1.508688775829591
HRV,49.54441913439636,1.4189268455426038,68.12206284811664,-6.779057851953965,0.7747367383544552
HUN,48.717948717948715,0.9456727203268284,64.83044578140236,-6.255496887879055,0.06180353042710229
IDN,54.7158096743241,0.3579440501634318,52.34817018261749,4.861873238957585,-1.434821984367205
IND,58.305568776772965,0.267048037486808,55.58281830809711,7.124966333229203,-1.29018710754593
IRL,46.68304668304668,2.257524240446821,56.130005454779685,-4.721980353050753,0.7401325251722597
IRQ,45.25735294117647,0.3940667108563072,47.64309072962976,-2.666831405583345,-1.741299664030104
ISR,45.99400973418196,7.00376424055597,51.542587112803346,-3.529523011501297,5.152339678223445
ITA,47.98272933182333,1.4724186837774282,53.24345405997652,-2.2384008883649074,-0.2551572590314901
JAM,63.17567567567568,0.5726788336209688,69.81424748904487,6.158162195836212,0.0517051438641325
JOR,56.82870370370371,0.4572122869157157,68.05569089557434,0.5324486623435121,-0.19181069371448067
JPN,43.34666898591059,1.8567345999463332,48.95222379074415,-5.1144461999969835,-0.1833072566635623
KAZ,50.224215246636774,0.4118212959743227,66.38003387496329,-5.3847819773747005,-0.3592146434840926
KEN,57.37041719342603,0.458706878067009,57.83517844701598,5.2660265916157485,-0.9345226730309912
KGZ,58.16733067729084,0.2362953728670812,67.38929654972566,2.1443921428220634,-0.4612511092215122
KHM,61.11888111888112,0.2487425380612787,67.59586854284132,5.011218672915064,-0.4337624052272726
KOR,44.52803981711904,3.725454261874139,51.394917517947775,-4.934927381915415,1.8632771386203326
KWT,58.07453416149069,0.3369833684618052,67.68603199185294,1.9298918715528828,-0.3389563236704838
LAO,62.880886426592795,0.2885905743125494,67.37788364810537,6.862628805795907,-0.4097869381589794
LBN,53.8235294117647,0.7237694929087171,67.77799388369353,-2.3588303396155226,0.05452600553963105
LKA,60.09771986970684,1.00780969097685,58.51594424716837,7.714118419743535,-0.33584990127875924
LTU,45.86173320350536,2.129776532955327,65.65331867785828,-9.449207381197908,1.3058248295108665
LVA,49.37106918238994,2.112291617793881,68.18235358621374,-6.977135585696914,1.4724915804438194
MAR,57.29764181007011,0.7364220658651062,60.7735023021317,3.9881203166206163,-0.44285344622109735
MDA,52.916666666666664,1.2359199736766049,68.22669797995405,-3.4497256128731664,0.5993488731681214
MDG,56.9060773480663,0.1219382063595331,67.70417403249444,0.7539942399299235,-0.5526804731606145
MEX,53.02139926821155,0.3995778562692801,55.10792616468092,2.035570178609426,-1.1922365581663064
MKD,56.310679611650485,1.0834015899757727,67.64328197052951,0.1835709136022885,0.40434905522265985
MNE,47.48858447488584,2.1301752508287004,69.61481236568028,-9.447132225600626,1.5946796934123884
MOZ,66.04215456674473,0.0950271318168425,50.65117849157179,16.884226199438395,-1.8213053454789625
MUS,51.864406779661024,1.3250879343264177,65.97980319962105,-3.580438916329875,0.5249091999453782
MYS,49.769295302013425,0.7466611773005524,56.34988653355704,-1.7259142645291163,-0.7547198981581223
NGA,58.29953432477092,0.2018990270958249,56.643839290380015,6.683762299698451,-1.2780778796251422
NLD,44.7568988173456,2.561266349939384,53.180455640157874,-5.438393086308629,0.8291031774593409
NOR,43.8731379144642,2.2597983776357173,59.17276377490244,-8.779853004507459,0.9639650964982169
NPL,56.660231660231666,0.4218270479195148,62.55810596798355,2.618768722238464,-0.6275025558286769
NZL,46.46549315451243,4.04852631687659,54.13837117645899,-4.122680426349618,2.3861137600977225
OMN,56.63082437275986,0.2967574400701719,65.97980319962105,1.1859786767689613,-0.5034212943108676
PAK,64.07820611951838,0.2394096958695171,60.76238575574617,10.773243991924431,-0.9406752674944634
PAN,54.21511627906976,0.9076556588864464,59.02599018451361,1.6223234174178955,-0.3988649406109006
PER,52.61774813017991,0.8485933711590928,55.20851926880082,1.5906615539158864,-0.7358963568278859
PHL,51.96177627880832,0.4506373532469348,54.536339723642605,1.2103789643619862,-1.1827971254615564
POL,46.23963982400491,1.6075854166559187,53.82327010302571,-4.219297479201096,-0.07777122344467835
PRT,48.75217643644806,2.012603970534846,56.8417967656557,-2.9447863219978814,0.5470413365340461
PRY,59.248120300751886,0.5773283079736656,72.15634580162157,1.2700132420840973,0.22689449688475155
PSE,55.14950166112956,0.3828694822211485,69.08017685024927,-1.5669384016603516,-0.19155555797714646
QAT,53.53319057815846,0.7669330494269564,69.01719190424515,-3.157416694278666,0.18792176065328414
ROU,50.15356265356266,1.040092919159192,59.67116647210275,-2.7038442918543737,-0.21944917170167377
RWA,62.74193548387097,0.2990548253742415,67.67736966418907,6.600845980887897,-0.37751561411004614
SAU,55.53914327917282,0.4143273937878727,61.60808563621731,1.8873238610739662,-0.704177936376871
SEN,59.22693266832918,0.294766119812222,65.39761616050835,4.020866501124786,-0.5478045613454176
SGP,45.306277261520954,4.571735157758412,52.7763093764984,-4.723257165730999,2.810144076809081
SLV,63.52941176470588,0.399629947052067,63.37981544959199,9.150931013473645,-0.5898668842880299
SRB,48.73501997336884,1.421558574939597,61.52232048141024,-4.8816235272407695,0.296808255392387
SVK,51.24434389140271,0.9717083986314544,67.44489421176667,-4.8013975958147554,0.27821026006788696
SVN,49.913043478260875,1.654879243622467,68.65631414774018,-6.629552562632661,1.0495906425439148
SWE,46.94098538170006,2.198774555619245,56.385376244899014,-4.568780016528329,0.6999776633409771
THA,54.0538274503228,0.9351838778279836,54.25114130219478,3.419402071197723,-0.7190173227251108
TUN,60.53493449781659,0.8864614890600662,65.02898175542515,5.480060891811114,0.01704869526431685
TUR,54.13096996553421,0.6830201869010764,58.64324948032797,1.6951552549798876,-0.6513696753435223
TWN,46.641237550328455,2.2949679537585976,53.10219088845061,-3.521954668383053,0.557105933715897
TZA,64.82939632545933,0.0416122668080403,67.35758676659594,8.819463314241595,-0.6582431630042623
UGA,56.44891122278057,0.0858703413470118,67.64822391759395,0.31977562321781505,-0.5928223455516252
UKR,51.83762111593718,0.9231204363626976,58.424497373520374,-0.5084741033275719,-0.427197859608612
URY,57.08556149732619,1.3136128765963584,69.72812451267032,0.10337069273512611,0.7863681426811416
USA,49.07382312471334,3.6243515142461553,48.46432961971896,0.8128139742005658,1.5487836456483675
UZB,53.97849462365591,0.0801153601568852,68.45514521615833,-2.4815935298019838,-0.5398213558191072
VNM,53.19333397553222,0.5969477865036321,57.533605172167285,1.2126313290098523,-0.8182408213197034
ZAF,53.10633213859021,0.4576247861071426,53.88000582799242,2.624125114894447,-1.2236006424213348
ZMB,62.64705882352941,0.1140808763192254,67.95309388976749,6.392883153669487,-0.5424127048523906
ZWE,62.42774566473989,0.1535669768365056,66.89890229816241,6.605938554437387,-0.5796875605937244
