geo_id,automation,aui,expected,auto_resid,aui_resid,wave
AGO,59.276018099547514,0.0456122704656556,67.48700212213342,3.2130063773023494,-0.644819780783667,2025-08
ALB,56.284153005464475,0.7888309384528269,68.43148423258978,-0.16623077787254914,0.16717134805893508,2025-08
ARE,52.758855585831064,1.2922019273345715,58.87494955917343,0.2280108730100494,-0.025316694654454297,2025-08
ARG,54.4161429043996,0.7842234914875027,58.566261663272634,2.0119041538783122,-0.5557722383285048,2025-08
ARM,56.81492109038737,1.5414610298047535,66.0300153173594,1.3494812811520234,0.7449384905632501,2025-08
AUS,46.03804347826087,4.101449368258871,48.300565917407525,-2.155799251422863,2.013957046373861,2025-08
AUT,45.37979639780736,1.6663721262550917,58.709852954016306,-7.083335214351443,0.33683199566380484,2025-08
AZE,52.653927813163484,0.2611554372170135,67.7544756228313,-3.5187861047142945,-0.40980053221671864,2025-08
BEL,48.32682654768544,1.861428503075573,57.76271126420274,-3.747842197398171,0.4629222543692737,2025-08
BEN,62.34817813765182,0.2524600653772727,66.76335527530115,6.58196459448979,-0.4906643279460371,2025-08
BFA,62.69230769230769,0.0800069478168959,67.84642952813795,6.481879588602851,-0.5842533983930676,2025-08
BGD,57.91109729561703,0.1118623113750507,59.3085790025165,5.202402807391849,-1.1740815845414354,2025-08
BGR,51.385224274406326,1.4596011913060525,63.02882980250017,-2.8493024177469835,0.44454734156591735,2025-08
BIH,51.42045454545454,0.6737524860668648,67.34293163689325,-4.583467777222197,-0.027170056952402155,2025-08
BOL,53.761283851554666,0.4839902319857235,61.47948941591915,0.16220718247564747,-0.6438788314130341,2025-08
BRA,63.94698338927619,0.9260182311201804,57.29862897812377,12.062654418429034,-0.5062801672729386,2025-08
CAN,46.60019040938017,2.9136194486582068,50.42971625282783,-2.4669069269023822,0.9811611993902722,2025-08
CHE,46.90223792697291,2.8129771076417764,55.441171085431336,-4.2202689994779305,1.245427920693141,2025-08
CHL,50.89507707608155,1.158389348435904,56.718584139791425,-0.7513509731251489,-0.3161450123931062,2025-08
CIV,59.60912052117264,0.1994331515359349,65.6852251436089,4.285093745356654,-0.6221952827406114,2025-08
CMR,60.333333333333336,0.2211741123922632,66.92155128102127,4.50223691720435,-0.5104312394474391,2025-08
COL,51.95071868583162,0.8236025489336274,53.56866755876339,1.5962046546370559,-0.8802929743444536,2025-08
CRI,52.985702270815814,1.3119790443472863,61.19935306568539,-0.4984786324510111,0.16371185379784592,2025-08
CYP,46.77137870855148,2.39017701570814,67.69651564846792,-9.377563372378404,1.7150006909876776,2025-08
CZE,46.748101683724,1.711132868072996,58.43525303137335,-5.602404885745038,0.36159774528250055,2025-08
DEU,45.998294554756974,1.8350611876849208,51.233085092986805,-3.398298321974714,-0.03889976290404795,2025-08
DNK,44.11504424778761,2.3071425941225168,59.49185017570635,-8.668817500157267,1.0345435879022868,2025-08
DOM,55.99639314697926,0.5788662042274328,62.88241240350119,1.8219184229913807,-0.4468490277980117,2025-08
DZA,54.74683544303798,0.2541380965072279,63.23185256775279,0.42904052785133473,-0.7461326514446154,2025-08
ECU,56.32911392405063,0.956858634417044,55.39768734951225,5.224441516878095,-0.6138568205775772,2025-08
EGY,59.126454320045774,0.2811923790687435,60.84668295753119,5.786918344585125,-0.8927544839058273,2025-08
ESP,50.44025157232704,1.2605807317206792,55.20073625678151,-0.5836428615194151,-0.3244757162533798,2025-08
EST,50.43478260869565,3.10575549323648,67.85011259433855,-5.77715607623616,2.4417633294762475,2025-08
FIN,44.550898203592816,1.8895174643237136,61.237413758953565,-8.948892999789436,0.7440216629927001,2025-08
FRA,48.98868865030675,1.9438095632497092,52.34030143192482,-0.8620204775858653,0.15047056567085648,2025-08
GBR,45.493174518201286,2.6652636438018495,48.50992725719863,-2.78653615202888,0.5930159669831898,2025-08
GEO,49.03920061491161,2.191490694350285,64.60490319281288,-5.841740435839213,1.2911986218217844,2025-08
GHA,60.06528835690968,0.3483687568154062,57.36356220278457,8.154327524228698,-1.0792015291002368,2025-08
GRC,48.15506772536198,1.28477675431947,61.32872455902635,-5.382173899190292,0.14592974850735652,2025-08
GTM,51.98915009041591,0.3656013171046337,51.07407551673455,2.6577737663369945,-1.5199379151027796,2025-08
HND,53.755868544600936,0.2360295771042157,53.00802988739822,3.631295735032616,-1.508688775829591,2025-08
HRV,49.54441913439636,1.4189268455426038,68.12206284811664,-6.779057851953965,0.7747367383544552,2025-08
HUN,48.717948717948715,0.9456727203268284,64.83044578140236,-6.255496887879055,0.06180353042710229,2025-08
IDN,54.7158096743241,0.3579440501634318,52.34817018261749,4.861873238957585,-1.434821984367205,2025-08
IND,58.305568776772965,0.267048037486808,55.58281830809711,7.124966333229203,-1.29018710754593,2025-08
IRL,46.68304668304668,2.257524240446821,56.130005454779685,-4.721980353050753,0.7401325251722597,2025-08
IRQ,45.25735294117647,0.3940667108563072,47.64309072962976,-2.666831405583345,-1.741299664030104,2025-08
ISR,45.99400973418196,7.00376424055597,51.542587112803346,-3.529523011501297,5.152339678223445,2025-08
ITA,47.98272933182333,1.4724186837774282,53.24345405997652,-2.2384008883649074,-0.2551572590314901,2025-08
JAM,63.17567567567568,0.5726788336209688,69.81424748904487,6.158162195836212,0.0517051438641325,2025-08
JOR,56.82870370370371,0.4572122869157157,68.05569089557434,0.5324486623435121,-0.19181069371448067,2025-08
JPN,43.34666898591059,1.8567345999463332,48.95222379074415,-5.1144461999969835,-0.1833072566635623,2025-08
KAZ,50.224215246636774,0.4118212959743227,66.38003387496329,-5.3847819773747005,-0.3592146434840926,2025-08
KEN,57.37041719342603,0.458706878067009,57.83517844701598,5.2660265916157485,-0.9345226730309912,2025-08
KGZ,58.16733067729084,0.2362953728670812,67.38929654972566,2.1443921428220634,-0.4612511092215122,2025-08
KHM,61.11888111888112,0.2487425380612787,67.59586854284132,5.011218672915064,-0.4337624052272726,2025-08
KOR,44.52803981711904,3.725454261874139,51.394917517947775,-4.934927381915415,1.8632771386203326,2025-08
KWT,58.07453416149069,0.3369833684618052,67.68603199185294,1.9298918715528828,-0.3389563236704838,2025-08
LAO,62.880886426592795,0.2885905743125494,67.37788364810537,6.862628805795907,-0.4097869381589794,2025-08
LBN,53.8235294117647,0.7237694929087171,67.77799388369353,-2.3588303396155226,0.05452600553963105,2025-08
LKA,60.09771986970684,1.00780969097685,58.51594424716837,7.714118419743535,-0.33584990127875924,2025-08
LTU,45.86173320350536,2.129776532955327,65.65331867785828,-9.449207381197908,1.3058248295108665,2025-08
LVA,49.37106918238994,2.112291617793881,68.18235358621374,-6.977135585696914,1.4724915804438194,2025-08
MAR,57.29764181007011,0.7364220658651062,60.7735023021317,3.9881203166206163,-0.44285344622109735,2025-08
MDA,52.916666666666664,1.2359199736766049,68.22669797995405,-3.4497256128731664,0.5993488731681214,2025-08
MDG,56.9060773480663,0.1219382063595331,67.70417403249444,0.7539942399299235,-0.5526804731606145,2025-08
MEX,53.02139926821155,0.3995778562692801,55.10792616468092,2.035570178609426,-1.1922365581663064,2025-08
MKD,56.310679611650485,1.0834015899757727,67.64328197052951,0.1835709136022885,0.40434905522265985,2025-08
MNE,47.48858447488584,2.1301752508287004,69.61481236568028,-9.447132225600626,1.5946796934123884,2025-08
MOZ,66.04215456674473,0.0950271318168425,50.65117849157179,16.884226199438395,-1.8213053454789625,2025-08
MUS,51.864406779661024,1.3250879343264177,65.97980319962105,-3.580438916329875,0.5249091999453782,2025-08
MYS,49.769295302013425,0.7466611773005524,56.34988653355704,-1.7259142645291163,-0.7547198981581223,2025-08
NGA,58.29953432477092,0.2018990270958249,56.643839290380015,6.683762299698451,-1.2780778796251422,2025-08
NLD,44.7568988173456,2.561266349939384,53.180455640157874,-5.438393086308629,0.8291031774593409,2025-08
NOR,43.8731379144642,2.2597983776357173,59.17276377490244,-8.779853004507459,0.9639650964982169,2025-08
NPL,56.660231660231666,0.4218270479195148,62.55810596798355,2.618768722238464,-0.6275025558286769,2025-08
NZL,46.46549315451243,4.04852631687659,54.13837117645899,-4.122680426349618,2.3861137600977225,2025-08
OMN,56.63082437275986,0.2967574400701719,65.97980319962105,1.1859786767689613,-0.5034212943108676,2025-08
PAK,64.07820611951838,0.2394096958695171,60.76238575574617,10.773243991924431,-0.9406752674944634,2025-08
PAN,54.21511627906976,0.9076556588864464,59.02599018451361,1.6223234174178955,-0.3988649406109006,2025-08
PER,52.61774813017991,0.8485933711590928,55.20851926880082,1.5906615539158864,-0.7358963568278859,2025-08
PHL,51.96177627880832,0.4506373532469348,54.536339723642605,1.2103789643619862,-1.1827971254615564,2025-08
POL,46.23963982400491,1.6075854166559187,53.82327010302571,-4.219297479201096,-0.07777122344467835,2025-08
PRT,48.75217643644806,2.012603970534846,56.8417967656557,-2.9447863219978814,0.5470413365340461,2025-08
PRY,59.248120300751886,0.5773283079736656,72.15634580162157,1.2700132420840973,0.22689449688475155,2025-08
PSE,55.14950166112956,0.3828694822211485,69.08017685024927,-1.5669384016603516,-0.19155555797714646,2025-08
QAT,53.53319057815846,0.7669330494269564,69.01719190424515,-3.157416694278666,0.18792176065328414,2025-08
ROU,50.15356265356266,1.040092919159192,59.67116647210275,-2.7038442918543737,-0.21944917170167377,2025-08
RWA,62.74193548387097,0.2990548253742415,67.67736966418907,6.600845980887897,-0.37751561411004614,2025-08
SAU,55.53914327917282,0.4143273937878727,61.60808563621731,1.8873238610739662,-0.704177936376871,2025-08
SEN,59.22693266832918,0.294766119812222,65.39761616050835,4.020866501124786,-0.5478045613454176,2025-08
SGP,45.306277261520954,4.571735157758412,52.7763093764984,-4.723257165730999,2.810144076809081,2025-08
SLV,63.52941176470588,0.399629947052067,63.37981544959199,9.150931013473645,-0.5898668842880299,2025-08
SRB,48.73501997336884,1.421558574939597,61.52232048141024,-4.8816235272407695,0.296808255392387,2025-08
SVK,51.24434389140271,0.9717083986314544,67.44489421176667,-4.8013975958147554,0.27821026006788696,2025-08
SVN,49.913043478260875,1.654879243622467,68.65631414774018,-6.629552562632661,1.0495906425439148,2025-08
SWE,46.94098538170006,2.198774555619245,56.385376244899014,-4.568780016528329,0.6999776633409771,2025-08
THA,54.0538274503228,0.9351838778279836,54.25114130219478,3.419402071197723,-0.7190173227251108,2025-08
TUN,60.53493449781659,0.8864614890600662,65.02898175542515,5.480060891811114,0.01704869526431685,2025-08
TUR,54.13096996553421,0.6830201869010764,58.64324948032797,1.6951552549798876,-0.6513696753435223,2025-08
TWN,46.641237550328455,2.2949679537585976,53.10219088845061,-3.521954668383053,0.557105933715897,2025-08
TZA,64.82939632545933,0.0416122668080403,67.35758676659594,8.819463314241595,-0.6582431630042623,2025-08
UGA,56.44891122278057,0.0858703413470118,67.64822391759395,0.31977562321781505,-0.5928223455516252,2025-08
UKR,51.83762111593718,0.9231204363626976,58.424497373520374,-0.5084741033275719,-0.427197859608612,2025-08
URY,57.08556149732619,1.3136128765963584,69.72812451267032,0.10337069273512611,0.7863681426811416,2025-08
USA,49.07382312471334,3.6243515142461553,48.46432961971896,0.8128139742005658,1.5487836456483675,2025-08
UZB,53.97849462365591,0.0801153601568852,68.45514521615833,-2.4815935298019838,-0.5398213558191072,2025-08
VNM,53.19333397553222,0.5969477865036321,57.533605172167285,1.2126313290098523,-0.8182408213197034,2025-08
ZAF,53.10633213859021,0.4576247861071426,53.88000582799242,2.624125114894447,-1.2236006424213348,2025-08
ZMB,62.64705882352941,0.1140808763192254,67.95309388976749,6.392883153669487,-0.5424127048523906,2025-08
ZWE,62.42774566473989,0.1535669768365056,66.89890229816241,6.605938554437387,-0.5796875605937244,2025-08
AGO,57.8125,0.04907229483501865,68.32935111849285,8.29021786022814,-0.7238943191364229,2025-11
ALB,50.955414012738856,0.6777411725091346,71.46385174498947,0.698510347828531,0.007751394998740446,2025-11
ARE,45.273109243697476,1.6101738888729236,51.17705617234301,-0.22925183864946774,0.2737079229886141,2025-11
ARG,46.653212243525054,0.7479212737727772,52.64013457855129,0.8079547900367956,-0.5404786032129654,2025-11
ARM,46.360153256704976,0.9704925708835269,64.27222056347694,-2.211273933217072,0.0642382280364493,2025-11
AUS,39.711595443471396,3.2730127806431897,45.19022013648789,-4.387652625518314,1.7398630335619958,2025-11
AUT,40.76561450638012,1.8801226088296348,54.61736599775117,-5.54303949214178,0.6566801399807545,2025-11
AZE,49.44649446494465,0.2935268714116477,70.91166309512808,-0.6809947520321558,-0.39460379904091114,2025-11
BEL,42.47398843930637,2.173152607899171,52.18639152809329,-3.264926903757434,0.8698460425856696,2025-11
BEN,50.1953125,0.24810334810423493,69.4931026211,0.40028614811963337,-0.48663087658253246,2025-11
BFA,47.97507788161993,0.0974112819035836,68.45569350519985,-1.5768146643607324,-0.6714046424224179,2025-11
BGD,49.82357092448835,0.09492546095154819,55.11835553964564,3.39750182697626,-1.1120581443423985,2025-11
BGR,45.409604519774014,1.3261423388795888,60.309953413748396,-2.2332005119853378,0.28971678699095627,2025-11
BHR,56.97674418604651,0.8461312533664662,74.05363310083294,6.112882872660201,0.2612228087153464,2025-11
BIH,50.60606060606061,0.6039904988368623,71.56345541562337,0.3258131906938573,-0.06272702828216703,2025-11
BOL,47.40691489361703,0.70979520324711,53.819315423494075,1.2852971091071979,-0.5398653887625144,2025-11
BRA,49.18403679252281,0.6960457037493059,49.90433100749237,3.979959683636004,-0.6822327314172857,2025-11
CAN,40.61575692390427,3.149905197767392,45.7555726672177,-3.615990763957683,1.6353288127738215,2025-11
CHE,41.62497498499099,3.2135759518105647,51.4052802702807,-3.930874150120424,1.8846077657675269,2025-11
CHL,45.65856265028053,1.038771760210779,54.59076710384306,-0.6438574621018702,-0.1855445543552996,2025-11
CIV,54.01987353206865,0.23415485373450837,51.152689186990926,8.523223251560786,-1.1031116336250366,2025-11
CMR,54.41030723488603,0.23446260020350176,54.44361715549719,8.142374121346158,-0.9946879887723419,2025-11
COL,47.858623071609486,0.8852113512976895,50.246951481447695,2.5742472468784072,-0.48181107319324357,2025-11
CRI,46.030245746691875,1.1232288179264895,56.90778144935036,-0.8152046008341358,-0.024967298953783246,2025-11
CYP,46.13935969868174,2.152112902079403,70.74468151782101,-3.9489946526152195,1.4584964344848679,2025-11
CZE,42.877341816896426,1.5417908970501115,55.92630719702459,-3.7380839755113584,0.361350692317975,2025-11
DEU,40.91714308720509,1.7899671238353485,47.575385336083635,-3.741107485029488,0.33517651460695985,2025-11
DNK,38.35551330798479,2.101285035454921,56.50991584348406,-8.396690722819848,0.9400179556651396,2025-11
DOM,52.20082530949106,0.7393371736809133,51.11797536582547,6.7123107811449145,-0.5990697567383252,2025-11
DZA,48.292867981790586,0.33986945597421153,54.77522497620817,1.9472171479416858,-0.8783869178166361,2025-11
ECU,45.33686378346572,1.0491681974158324,46.739263294583274,0.8745720967188788,-0.4330912858019973,2025-11
EGY,50.83380176128911,0.2780172167559116,56.70922771288599,4.034885731692526,-0.8767019282187831,2025-11
ESP,44.57221378462429,1.6223843478308473,50.284191194218195,-0.7208897763081836,0.25658534878108585,2025-11
EST,40.54834054834055,3.0522811466134745,65.50738275955536,-8.312567118505399,2.1866052277722003,2025-11
FIN,38.081884464385865,1.9465194605696454,53.99422064911416,-8.080725222474719,0.7026049790130258,2025-11
FRA,42.6099300368405,2.6619291116450263,47.26843083897685,-1.976380724980082,1.1970542156941055,2025-11
GBR,39.52807268612507,2.5949790810561173,43.475777074524856,-4.169367590485912,1.0055052352265785,2025-11
GEO,42.460615153788446,2.171438699100579,57.93476241391482,-4.625524991691044,1.0569816888399033,2025-11
GHA,50.997340425531924,0.27505105585068734,55.193938940631206,4.5535571209024965,-0.9294494299770624,2025-11
GRC,43.57381748686097,1.2124689760686305,56.94191662592407,-3.279632997995847,0.06539429220575332,2025-11
GTM,47.16267339218159,0.2557647435623005,60.1069812912087,-0.43256180055451665,-0.7873289923720579,2025-11
HND,48.302872062663184,0.20699356410935346,54.052824284635285,2.1265276546348133,-1.0349956292721523,2025-11
HRV,45.289855072463766,1.3116150994958584,69.0400882882646,-4.398999955894141,0.5619981268292188,2025-11
HUN,44.07200496585971,0.9850975020784909,59.85850358311098,-3.464995409073957,-0.06615939965481421,2025-11
IDN,48.27181004092548,0.4810011592233141,45.91467913011111,4.0027731493408965,-1.0283481474692442,2025-11
IND,52.10832745236414,0.21737714974898117,51.58088535170805,6.511322392238789,-1.1058219336819815,2025-11
IRL,42.10762331838565,2.3892582097304524,53.99582884780348,-4.055363276159646,1.14539656185714,2025-11
IRQ,41.146168705730844,0.4335879306892951,42.55070042776685,-2.3344647177033693,-1.1862771888767576,2025-11
ISR,40.23107880046735,4.898751870056977,48.836592666599955,-4.72275635223523,3.4853953380529448,2025-11
ITA,42.57741632780731,1.6158956958178057,48.35032506486839,-2.2624540535406936,0.18656395587266505,2025-11
JAM,47.266881028938904,0.56048609947778,36.83819707432984,5.125066264651323,-1.2470502295426322,2025-11
JOR,51.172413793103445,0.37202320920842347,62.84747489490581,2.934899069853948,-0.5810378882683435,2025-11
JPN,38.558546342124885,1.5875485008703392,45.32655866982662,-5.572654893646735,0.05887784392946327,2025-11
KAZ,46.832701678397406,0.5560996364019665,55.812925174179696,0.24384881880115472,-0.6280654749151057,2025-11
KEN,51.2594131394443,0.4295924936959076,51.96480953015998,5.572429164295684,-0.8809936404812929,2025-11
KGZ,47.33009708737864,0.35157729917406283,69.71809570897913,-2.5176600771760604,-0.3757652931041661,2025-11
KHM,51.53153153153154,0.1872267743864506,69.39975315747202,1.758383154331277,-0.5505742330498511,2025-11
KOR,38.75071517517586,3.1235732362160524,46.85061967899122,-5.737674702860581,1.6449721118733611,2025-11
KWT,46.21621621621622,0.3663082920383796,74.05363310083294,-4.647645097170091,-0.21860015261274018,2025-11
LAO,54.365079365079374,0.1990727569476103,74.05363310083294,3.5012180516930655,-0.3858356877035095,2025-11
LBN,50.663129973474796,0.7774855610802022,61.51781216905336,2.73724347302047,-0.2192585587928616,2025-11
LKA,56.40614990390775,0.818546193417203,58.26938991918836,9.241584325617907,-0.2849173968407349,2025-11
LTU,43.24324324324324,2.0874177517129433,66.80240687674633,-5.921174521517486,1.2642868831427672,2025-11
LUX,41.42480211081794,3.0687577195136395,74.05363310083294,-9.439059202568366,2.4838492748625196,2025-11
LVA,44.29301533219762,1.917575822716445,69.74712993764828,-5.561546479057689,1.1911870834992624,2025-11
MAR,47.973778307508944,0.7587053975454772,52.88558512293179,2.0709955015818764,-0.5216307641695503,2025-11
MDA,46.12794612794613,1.4679180678156611,61.09590754634316,-1.699060118735602,0.45731323821176306,2025-11
MDG,52.78637770897833,0.1335852376596771,66.52912690241787,3.686007579057403,-0.6985236183406545,2025-11
MEX,46.22164999504803,0.4354653678812342,49.131044690478326,1.198805191164297,-0.968217617513099,2025-11
MKD,52.38095238095239,1.075377603003403,71.48440463789034,2.119231809195334,0.4060630436994316,2025-11
MOZ,52.44956772334294,0.0741850279813422,55.44591508758139,5.946729684505996,-1.1220373588544237,2025-11
MYS,45.65317387304508,0.6571582760702485,52.89235185667427,-0.25119482768771206,-0.6229555801112968,2025-11
NGA,50.08730691739422,0.21711015737929049,49.97982625795677,4.865536260907497,-1.1586880543045104,2025-11
NLD,38.92080939295528,2.613993924829724,49.46428398651728,-6.180135494183446,1.221258753004327,2025-11
NOR,40.68817204301076,2.426805211905333,55.50996642138267,-5.829677474250055,1.232687084890162,2025-11
NPL,50.272892662219526,0.32119304351196953,62.01474943632393,2.2305407796579217,-0.659225341004545,2025-11
NZL,39.55539872971065,3.1095330630113116,53.67546147809411,-6.532504528193698,1.8551464792170609,2025-11
OMN,46.17563739376771,0.35045926998324717,67.72679512035178,-3.205425885623683,-0.44230294075875487,2025-11
PAK,56.99815837937384,0.2226378547086524,54.372590417775825,10.74687154433505,-1.0088461550018584,2025-11
PAN,48.18791946308725,0.9481240153834908,50.099419858627925,2.938120088858639,-0.4237452225575721,2025-11
PER,46.48334945419372,1.1950797922960106,48.479757889802784,1.6131443718561798,-0.22999972873639773,2025-11
PHL,49.198520345252774,0.476687962838879,52.91333025256667,3.2892350140828555,-0.8027366962103493,2025-11
POL,43.69643662607127,1.4081404646208482,51.845237042467645,-1.9625235795076037,0.09362605031945548,2025-11
PRI,40.322580645161295,0.9228347101494544,36.83819707432984,-1.8192341191262855,-0.8847016188709579,2025-11
PRT,42.212075088787415,2.226889070203001,53.81231049516721,-3.90790097611724,0.9769983473225645,2025-11
PRY,47.23707664884135,0.47049612661129564,63.32785196080246,-1.1130223022776278,-0.4667832829830966,2025-11
PSE,50.627615062761514,0.3241532764522807,73.96138361338622,-0.2146260733664178,-0.2637858137511529,2025-11
QAT,45.56962025316455,1.393347029362685,61.07250367709055,-2.251900913699629,0.3819733192563526,2025-11
ROU,45.77287066246057,0.9823259932087369,56.593447109864776,-0.9989102878018699,-0.17619685820707054,2025-11
RWA,54.853620955315876,0.2995794795410811,61.65907933819822,6.894626181610008,-0.6925236311545161,2025-11
SAU,50.08210180623974,0.44934411754065523,56.77007019508713,3.2689263451120283,-0.7033761870807953,2025-11
SEN,48.88597640891219,0.27071213274348915,56.258572049493154,2.1926789100491533,-0.8988122715306168,2025-11
SGP,39.63244107071514,4.186463372081915,48.333206046873876,-5.203417188573717,2.756569226022865,2025-11
SLV,47.01348747591522,0.4672021677294812,64.56920935020727,-1.6275438970822975,-0.4292952889765089,2025-11
SRB,43.02583025830258,1.2414780052574423,59.40663612473215,-4.405267581908767,0.17537603347686992,2025-11
SVK,44.44444444444445,1.078233256091507,67.14918874929047,-4.801247328030698,0.26649511141322146,2025-11
SVN,43.872919818456886,1.8458592341559892,70.9074164302889,-6.2535741231084145,1.1575890492599008,2025-11
SWE,38.556338028169016,2.2950741864016697,52.15787302256599,-7.175893536353463,0.9908307109293464,2025-11
TGO,62.184873949579824,0.168596566074975,69.09545803041506,12.483042115895657,-0.5792013605738972,2025-11
THA,47.845486996430395,0.5939786108934958,52.94725492726463,1.9282508624896053,-0.6843315306951726,2025-11
TUN,52.10222588623249,1.1353870947885227,60.19930216640478,4.485353785350519,0.09532634968742304,2025-11
TUR,46.43107886730634,0.5584493818965792,55.110047402566586,0.006956917700513543,-0.6488071682058814,2025-11
TWN,40.927205100956435,1.7705587248258299,50.67209902915993,-4.456811010099393,0.41750354893663366,2025-11
TZA,55.59105431309904,0.03296022707977243,70.66116304672738,5.522273882474934,-0.6634000485288952,2025-11
UGA,50.31347962382444,0.09020421464151979,58.49175055113351,3.096800191994596,-1.0059542265162302,2025-11
UKR,47.72789488091979,1.0911253132068568,50.047087804567454,2.490360380094799,-0.28246317446958713,2025-11
URY,47.269890795631824,1.0960341333426957,63.33820897920416,-1.0826354922660428,0.15909497985837096,2025-11
USA,44.92429310393563,3.6948617127770516,44.59139456527265,0.965389608719299,2.1420389235549644,2025-11
UZB,47.05882352941176,0.13365079478507477,52.08024348986117,1.3447857164646777,-1.1731430211230796,2025-11
VNM,49.14041538308655,0.5574086378610922,55.017592699350715,2.7379617064134294,-0.6528852996875966,2025-11
ZAF,47.85714285714286,0.3826986384418128,50.73229069261889,2.4590198445802827,-0.9683790782527877,2025-11
ZMB,53.50140056022409,0.11483539336623634,59.03443185300724,6.157534883071271,-0.9634944969846885,2025-11
ZWE,56.16045845272206,0.14637763811722837,58.21227696057089,9.009278231069274,-0.9589622675415239,2025-11
AGO,45.142857142857146,0.07045117402462356,52.567991604569265,-0.35538962897158655,-1.19614338467604,2026-02
ALB,49.45355191256831,0.7962682887775874,72.36485177291223,0.7991841157043851,0.06479596933072407,2026-02
ARE,43.23316516779995,1.9789698387007608,48.601214381721164,-1.632676824270746,0.6051506649823146,2026-02
ARG,45.377805229565574,0.6213164873827083,52.896145672563044,-0.17275761383405097,-0.6364078495660294,2026-02
ARM,41.467576791808874,1.117601185629311,71.08249394294151,-6.982350680964608,0.35146588489838015,2026-02
AUS,40.14385692068429,3.4101997036085856,44.284401095606725,-4.033775675674065,1.9196942082985944,2026-02
AUT,40.445765230312034,2.1713238939290354,52.13524949134719,-4.983491486005654,0.8930320293587712,2026-02
AZE,50.628930817610076,0.3475132062197625,70.01001445433914,2.3499837444612552,-0.44761192525273236,2026-02
BEL,41.67378309137489,2.399726802329894,49.8583668879585,-3.3924808576562455,1.0598892933047717,2026-02
BEN,48.30827067669173,0.26110133954189774,55.55889934434397,2.333197442425366,-0.9246470024607709,2026-02
BFA,56.34146341463414,0.12497022333358004,51.893845886959745,10.9506925483375,-1.1598469405137037,2026-02
BGD,49.91474850809889,0.08087114827695673,52.019018779149555,4.50402191178015,-1.2005625094085977,2026-02
BGR,44.0499671268902,1.4409268453524329,61.028221051328934,-2.797054541891036,0.40301789071490646,2026-02
BHR,46.63865546218487,0.788165817711598,72.36485177291223,-2.0157123346790513,0.05669349826473469,2026-02
BIH,46.73629242819843,0.7228469201456627,72.36485177291223,-1.918075368665491,-0.008625399301200654,2026-02
BOL,46.38297872340425,0.3413026785935904,62.403739467288545,-0.683335426912798,-0.6594251024323652,2026-02
BRA,47.90308299122595,0.6536128564894872,48.34030024418597,3.078837322420725,-0.7272589991362683,2026-02
CAN,39.71318476145076,3.6218881303135135,43.69517228399812,-4.370509835393499,2.1154553900556055,2026-02
CHE,40.048820179007336,4.021461067106105,48.30855274647615,-4.770364134403032,2.6397310555949858,2026-02
CHL,44.814534443603335,0.7505953215828145,57.05702901549608,-1.3993786123895688,-0.39465758339083257,2026-02
CIV,51.976284584980235,0.21736243560847743,51.76675739811408,6.605774843340477,-1.070890014246596,2026-02
CMR,50.45955882352941,0.25869541938844326,51.098483480290525,5.195588873785461,-1.047620916976901,2026-02
COL,46.580434136187925,0.7017208579423554,49.9667884168455,1.4968850488077408,-0.6351859453633765,2026-02
CRI,43.2,0.8198837686213815,55.19927911216129,-2.717740658990877,-0.3755853463872155,2026-02
CYP,42.94385432473444,2.7182619735157374,69.61305019018786,-5.271806588406093,1.9124066351250741,2026-02
CZE,41.52744630071599,1.6394839984465226,54.086978768251136,-4.2129655055317485,0.4139486686091831,2026-02
DEU,40.37684603632661,2.165699062753615,45.53041931268856,-3.9994334292356513,0.7088742649282727,2026-02
DNK,39.20454545454545,2.514383380782746,51.95223653503367,-6.195534360265469,1.2311445548174846,2026-02
DOM,51.02711585866886,0.6241488916665621,53.07524417160399,5.448000177416731,-0.6287342942592955,2026-02
DZA,46.9208211143695,0.2680858266939692,56.072143591706855,0.8639237450480906,-0.9037891834471072,2026-02
ECU,49.871904355251914,0.36600879602779607,47.648193691275516,5.157998004127904,-1.0335711580159053,2026-02
EGY,50.6175611947002,0.23503964813331524,55.883745420166456,4.590699266616468,-0.9419278893362732,2026-02
ESP,43.85861367958555,1.8263831395769314,48.425980495978266,-0.9792915918946647,0.44782727789208576,2026-02
EST,41.98047419804742,3.2182493132928185,64.72643055638973,-5.45613575264592,2.280305410423573,2026-02
FIN,37.56962025316455,2.2231519038258245,53.517779511723084,-8.08004677205799,0.9822307411773832,2026-02
FRA,42.480478012076766,2.8905038777723675,45.908972490164224,-1.956152419869312,1.4439116230010676,2026-02
GBR,39.508966939781125,3.0752626545203783,42.93499825992651,-4.4535366601244135,1.5482819070267442,2026-02
GEO,45.51131928181109,2.130583618230064,57.31034119987861,-0.742978153534338,0.9921779093362182,2026-02
GHA,48.78201124297314,0.2958347954321446,48.719685907487204,3.897281888454124,-1.0747820144964562,2026-02
GRC,44.06614785992218,1.2133977696225304,57.99434370990988,-2.2971969033696595,0.09348110150134503,2026-02
GTM,49.71910112359551,0.23571751291648463,53.64737317798668,4.048773584971954,-1.0017006471197052,2026-02
HND,53.04347826086957,0.19610868581655191,52.491752091725836,7.557385998764978,-1.0725466773998518,2026-02
HRV,42.992424242424235,1.6753247767879156,63.90533057042428,-4.313281569566051,0.7151859975895581,2026-02
HTI,42.51207729468599,0.11800977512034475,36.93889147166692,-0.49449498369391165,-1.5710497093070033,2026-02
HUN,45.36862003780718,1.001847748606121,59.01904109819393,-1.1580874478538092,-0.09037067058501802,2026-02
IDN,47.83346806790622,0.24700270977305827,48.456878086167094,2.9906369378207103,-1.1307179695895002,2026-02
IND,50.01089525469753,0.23393230902966455,48.4885153103504,5.163020349610861,-1.1429331952139719,2026-02
IRL,39.80039920159681,2.7457600224358396,49.834628714302006,-5.26208028119391,1.405280854858056,2026-02
IRQ,41.24043495771244,0.3509323043256563,46.2150073949832,-3.2449851908493272,-1.0873876243209972,2026-02
ISR,41.29621314174525,4.312309116056193,49.59603081321281,-3.7282277912070967,2.9653804892193962,2026-02
ITA,41.69767853978381,1.7434475720170977,46.84173535812279,-2.887657923012746,0.3220685152150877,2026-02
JAM,49.71264367816091,0.6664222519340566,72.36485177291223,1.0582758812969857,-0.06505006751280673,2026-02
JOR,49.323308270676684,0.3422969598196042,70.48206888877142,0.9691037621161982,-0.4400682277095056,2026-02
JPN,36.9336847045233,1.5019747469938538,43.986655178468254,-7.196479649840711,0.0034209823849462584,2026-02
KAZ,43.814432989690715,0.5965722121289637,51.98901344105213,-1.5915099956095489,-0.6856725097140238,2026-02
KEN,48.547589616810875,0.36924384764130713,49.271359975004785,3.5749094403608552,-0.9864608469398135,2026-02
KGZ,40.64665127020785,0.3776686034070235,58.61854561669619,-5.81620708994344,-0.7253754738454281,2026-02
KHM,50.0,0.15535141040795994,66.57575968817648,2.2685601366129475,-0.7326039014572686,2026-02
KOR,40.25302922309337,3.009269411659475,45.78249601466499,-4.163437654627387,1.5592584140063972,2026-02
KWT,41.64759725400457,0.436931800524087,67.88681335095394,-6.292857776174337,-0.4155848626947639,2026-02
LBN,43.142857142857146,0.7257637890036541,65.75452728161869,-4.457657470629826,-0.18438997860698225,2026-02
LKA,52.00836820083683,0.6380611383872808,56.23082372207745,5.926173198887852,-0.5295246427565233,2026-02
LTU,43.94213381555154,2.2915714247649697,59.99149778779755,-2.739607901694413,1.2256391538262776,2026-02
LUX,43.21705426356589,4.194161157620353,72.36485177291223,-5.437313533298031,3.4626888381734893,2026-02
LVA,41.977077363896846,2.288947986827339,58.75949900258281,-4.5082525367393345,1.189713972930624,2026-02
MAR,47.33460257020467,0.644423481225852,51.84067876817639,1.9523078895256418,-0.6418308250478615,2026-02
MDA,48.93267651888342,1.5506901351129412,61.238703816569306,2.0520985651593264,0.5184706689954113,2026-02
MDG,49.4908350305499,0.10559192563463038,70.47545331840671,1.1376852114979172,-0.6769520851420755,2026-02
MEX,45.606605970781274,0.41668311743941167,48.242443549100315,0.7979611381780529,-0.966833869452359,2026-02
MKD,50.89058524173028,1.313070139075852,69.55909329640896,2.683526424349033,0.5057563101176632,2026-02
MNG,53.91304347826087,0.41339028391012744,72.36485177291223,5.258675681396944,-0.31808203553673586,2026-02
MOZ,54.106280193236714,0.046268366872516856,64.8336053359824,6.6525838676157605,-0.8887785307363252,2026-02
MUS,51.33333333333333,1.3281068654881052,55.584133735480236,5.354237097856576,0.1430406257873278,2026-02
MYS,44.1222983658408,0.5879817393007349,52.47950293015957,-1.3618410696019083,-0.6810047268638426,2026-02
NGA,48.52607709750567,0.2224309795296372,46.02486924720638,4.070969786472517,-1.2210285091553605,2026-02
NLD,38.644981041708235,3.3347382179185834,47.509476449299406,-6.0468102669184915,1.9314086449697554,2026-02
NOR,40.473372781065095,2.716165169534005,56.459380805079206,-5.645260009954896,1.5547574376875737,2026-02
NPL,49.67741935483871,0.3085260506477325,59.43950635707879,3.0836790552577895,-0.7723269141759157,2026-02
NZL,40.66591844369623,2.9806121594492723,50.623431382106666,-4.522316167094189,1.6614548503043722,2026-02
OMN,52.02312138728325,0.35163479956400223,68.0612823803809,4.054851573986731,-0.4961658502611346,2026-02
PAK,52.44738708914637,0.22037623169351833,50.72504767850426,7.242952266462773,-1.0960343216724067,2026-02
PAN,49.35064935064935,0.7075055250850139,48.94728977683553,4.429634173463448,-0.6569590015424566,2026-02
PER,46.58952496954933,0.5513970135281859,53.46660827531331,0.9480159357323217,-0.690907341524512,2026-02
PHL,47.10973038943747,0.4517805810382412,49.870393431601435,2.0415491046810246,-0.8877318425485861,2026-02
POL,41.70250303230787,1.4712744805715432,48.90134149082279,-3.2111868240788795,0.10556794134753322,2026-02
PRI,44.091710758377424,1.0818443543371448,36.93889147166692,1.085138479997525,-0.6072151300902033,2026-02
PRT,42.355131487084016,2.468817721134801,50.772598832562096,-2.856884194170604,1.1536925069500468,2026-02
PRY,47.32673267326733,0.43052031187483897,70.03603637873213,-0.9563629538435947,-0.3639014297503538,2026-02
PSE,48.54771784232364,0.31663897628752874,72.36485177291223,-0.10664995454028059,-0.41483334315933457,2026-02
QAT,45.16129032258064,1.001364040432225,60.32051093683462,-1.5729044255176277,-0.055674787225082234,2026-02
ROU,45.28809908454496,1.174655161497018,52.419432687692236,-0.18646363248796405,-0.09595504309821434,2026-02
RWA,54.897959183673464,0.22626657485137325,54.09766371396776,9.155843926396585,-0.9989799338279863,2026-02
SAU,46.86274509803921,0.5375716861873419,53.88542894379206,1.1544654396754481,-0.6934116688655427,2026-02
SEN,51.10081112398609,0.3112893878155992,54.24390105884854,5.335381929302024,-0.9100042285975276,2026-02
SGP,39.85412380774266,4.584991637585042,47.780191375647426,-4.880826318169859,3.1889796683549307,2026-02
SLV,49.01960784313726,0.4200491808166057,56.9565503408366,2.821713633313081,-0.7279197292671354,2026-02
SRB,42.52365930599369,1.4877019634420283,56.31604443889408,-3.5721220371137505,0.32241975470445117,2026-02
SVK,43.37121212121212,1.1487573921898309,60.71982076098672,-3.4266427285786847,0.10251217349067576,2026-02
SVN,43.45479082321187,2.1259025156968177,67.27110908078927,-4.387505348655857,1.256742958354003,2026-02
SWE,38.964864296233955,2.78920572484654,51.26655264567566,-6.325900136171462,1.4874324093120561,2026-02
TGO,56.52173913043479,0.2041527470138618,72.36485177291223,7.8673713335708655,-0.5273195724330015,2026-02
THA,46.72959099188608,0.4664385610854958,51.99380933506986,1.3228834195849188,-0.8156765245664914,2026-02
TUN,52.902155887230506,0.8528582141646621,59.00452162445154,6.377763173506132,-0.23975267601610573,2026-02
TUR,46.8128390596745,0.5902530760285344,53.54496040257384,1.1588387118763706,-0.6499333691418178,2026-02
TWN,40.75057532306604,1.3781871452676981,51.373789095672414,-4.557285316091708,0.07931250198547635,2026-02
TZA,52.258064516129046,0.04955456716851625,58.76413929463213,5.771994835387609,-1.049554016561439,2026-02
UGA,50.989010989010985,0.0664558290960977,65.60493277057388,3.4123455302648935,-0.8477415772052027,2026-02
UKR,44.860513012544466,0.8131280043151674,50.36577415560675,-0.28664450910688544,-0.5129939502751268,2026-02
URY,42.114384748700175,1.0021191287658413,72.25715036248945,-6.522812714940663,0.2677355688785171,2026-02
USA,41.41989334569905,3.7947390985403753,42.61932629394589,-2.492284145905792,2.259225528777515,2026-02
UZB,48.73035066505441,0.14116780456171693,55.75473430262333,2.724056377347928,-1.039286988842462,2026-02
VNM,47.36326530612245,0.3464592501441934,53.340204829674235,1.7419081837209873,-0.8992618737448044,2026-02
ZAF,48.633742792679875,0.3576107953887096,50.31624330396558,3.4944817435460465,-0.9698500109193313,2026-02
ZMB,52.131147540983605,0.09968288793080715,36.93889147166692,9.124575262603706,-1.589376596496541,2026-02
ZWE,55.3935860058309,0.14728445578572089,71.08903707772551,6.942615391615497,-0.6186739796793256,2026-02
PRY,49.27,0.55,56.887928730512236,-1.4051800325342967,-0.7443094707921549,2026-04
MNG,57.07,0.93,58.75236194278111,6.193661509925256,-0.283966149675989,2026-04
TZA,54.2,0.05,56.47655339805824,3.569204301965911,-1.2620367136974666,2026-04
SLV,53.4,0.52,61.691320000000005,2.206569824540196,-0.5673187324425584,2026-04
OMN,49.64,0.62,49.45207234363225,-0.2329065097102827,-0.9947400410767172,2026-04
ZWE,56.0,0.19,51.878514750762974,5.865298426397267,-1.32017826852132,2026-04
MKD,50.47,0.98,62.198850574712644,-0.7781889444475993,-0.08544790774791156,2026-04
PRI,51.49,1.72,45.77435544430537,2.0138917525555726,-0.05322251600398675,2026-04
ZMB,55.69,0.14,45.25927325581396,6.26946528442663,-1.6554187595587893,2026-04
SVN,49.08,1.89,53.57558176100628,-1.2378024644669807,0.4529528036256436,2026-04
ISL,46.0,4.34,61.147501692620175,-5.1347562303836725,3.229246709209547,2026-04
LUX,47.38,4.8,59.55635383639823,-3.583083227365826,3.6206799714393214,2026-04
KWT,51.45,0.85,51.64314049586778,1.3406935554626997,-0.6703211630047913,2026-04
KGZ,50.79,0.31,49.32973282442748,0.9302930132426113,-1.3100119720914543,2026-04
LVA,48.48,2.38,53.51352374839538,-1.831106867106513,0.9402785609645394,2026-04
BEN,51.15,0.35,58.09271905031092,0.3448320650857397,-0.89239189342641,2026-04
AGO,55.26,0.08,57.08191216216216,4.563890599954803,-1.2059502155301767,2026-04
PAN,50.68,1.19,53.81614479105356,0.3362425762740173,-0.23668070394943008,2026-04
UGA,56.94,0.1,55.52203475336324,6.412189754594046,-1.2531694276383285,2026-04
MLT,47.47,3.87,57.61757042253521,-3.2839029368242976,2.607132704972675,2026-04
PSE,53.37,0.38,44.757701030927834,4.003581191845186,-1.4370328233191834,2026-04
RWA,56.66,0.18,49.38682666666667,6.794133012892729,-1.437551648562248,2026-04
KHM,53.47,0.18,56.24374125874126,2.8643229978427627,-1.142069199895309,2026-04
HND,52.05,0.22,57.18444444444443,1.3428281303440457,-1.0615318303469643,2026-04
BHR,53.17,1.31,55.24669238187077,2.671897145762834,-0.055034653179331317,2026-04
ARE,51.32,2.73,47.709622850804216,1.6350908130218542,1.0401732364760778,2026-04
MUS,48.74,1.49,55.75418259023354,-1.8128572679964563,0.1468344320233408,2026-04
UZB,54.6,0.16,51.37458982772764,4.519668172423522,-1.3718937162206224,2026-04
MDA,49.11,1.27,51.66,-1.0011254594657046,-0.24959464271678078,2026-04
BFA,57.1,0.13,49.162400442477875,7.2583469309845015,-1.4972227636648086,2026-04
BIH,47.44,0.65,60.447500000000005,-3.6192312612742583,-0.4909182011782066,2026-04
AUS,46.67,5.83,48.477403358063256,-3.0977469853790325,4.1732589139010035,2026-04
MDG,54.11,0.09,53.77152477763659,3.77105674339748,-1.3386034974518073,2026-04
CYP,48.28,2.91,54.260713342140036,-2.1117230592977236,1.5024769218765033,2026-04
EST,48.32,3.35,54.292128755364814,-2.0751125484066435,1.9438306944954986,2026-04
ARM,48.03,0.93,60.46683870967742,-3.0313177640161797,-0.21008484541552208,2026-04
JAM,49.45,0.81,52.76000000000001,-0.7798072668044682,-0.6621927552980111,2026-04
AZE,50.0,0.37,61.44005356186394,-1.166320398185654,-0.7281464628176862,2026-04
LBN,48.19,0.79,53.810543187889586,-2.1531530524646243,-0.6369220917335603,2026-04
ALB,53.43,0.83,65.44,1.8321151722359375,-0.09577827123438565,2026-04
ARG,48.78,1.34,49.97958233890215,-1.1498209093720035,-0.2520082507057544,2026-04
AUT,45.18,2.65,50.818584997564535,-4.840343047455711,1.0941465761760292,2026-04
BEL,46.87,3.23,48.115352897474,-2.8586844371876126,1.5576572091984895,2026-04
BGD,51.28,0.11,48.382905803195975,1.522448596985278,-1.5508132337873306,2026-04
BOL,52.12,0.49,57.24922603342128,1.4058386793785473,-0.7887402216310648,2026-04
BRA,51.51,0.86,50.225540248514314,1.5536420640443254,-0.7214092787592167,2026-04
CHE,45.47,4.74,47.454652377521626,-4.187399771898875,3.039185889503668,2026-04
BGR,50.33,1.28,55.172777777777775,-0.1601280189621832,-0.08821982749007606,2026-04
CIV,52.96,0.28,52.7084638218924,2.7357531029783857,-1.19441358449133,2026-04
CMR,55.73,0.3,51.20494949494948,5.667971100870481,-1.2392039634533794,2026-04
COL,51.13,1.1,48.55994529177719,1.353347354735142,-0.5531841375087823,2026-04
CHL,48.85,1.73,49.09323946288698,-0.9841911144198932,0.09979690818215547,2026-04
CAN,46.22,4.65,48.387154641875085,-3.5380098210633832,2.98936985982424,2026-04
DEU,46.1,2.36,50.04401329509906,-3.836772529672011,0.7707682483232725,2026-04
CZE,48.54,1.91,52.66057430848569,-1.6790799752000893,0.4335227306695386,2026-04
DZA,50.3,0.4,48.7191966873706,0.5061653152349166,-1.246321576849509,2026-04
DNK,44.72,3.37,51.6760798058776,-5.392860350759534,1.8510982783267882,2026-04
DOM,54.36,0.66,54.35473335928376,3.9581328811016903,-0.7434715087891718,2026-04
CRI,49.72,1.56,54.1018206734534,-0.6545797237589923,0.14562981970127442,2026-04
ECU,52.23,0.37,54.417571059431516,1.821353161263012,-1.0307636673454827,2026-04
ESP,49.25,2.43,50.49154770122876,-0.7350581589136098,0.8600536806281687,2026-04
NLD,47.13,3.74,50.58829678814082,-2.865496664816426,2.1742228527424183,2026-04
EGY,51.0,0.31,51.119460085530996,0.9471947714324074,-1.2328879265086086,2026-04
NZL,46.56,4.37,50.14268078512397,-3.3874180169826857,2.785020089463321,2026-04
MEX,50.9,0.6,50.0392863397548,0.9637374736038637,-0.9894354485904203,2026-04
MYS,48.42,0.8,48.1720698159742,-1.314803770273329,-0.8698987099056141,2026-04
FIN,45.53,2.4,51.123209798994964,-4.523209794722966,0.8572736584872747,2026-04
NOR,44.3,3.92,49.03035839598998,-5.527406715631962,2.287087197951407,2026-04
NPL,51.29,0.37,48.737306659505904,1.494211384122302,-1.2755411706128594,2026-04
NGA,51.21,0.21,45.210136379134006,1.7947667874551385,-1.5875361965556012,2026-04
PAK,50.98,0.29,47.69169341216217,1.2970252659151313,-1.4005993900984604,2026-04
FRA,45.89,3.87,48.50936056158265,-3.8811949296255577,2.214636033685954,2026-04
QAT,47.75,1.66,49.1115340583858,-2.0861649650183764,0.03058527032416203,2026-04
PRT,48.86,3.06,49.21755063410941,-0.9876033639408703,1.4351538028577746,2026-04
PER,49.84,0.87,48.17242395969397,0.10515802025692977,-0.7998834489231278,2026-04
GBR,45.02,3.4,47.67237239124969,-4.660890139828936,1.7085680163941677,2026-04
GEO,49.12,1.72,49.711085401766944,-0.7808520895864319,0.11642151148845703,2026-04
PHL,48.9,0.41,49.27399198337292,-0.9536929651583606,-1.2124139912480867,2026-04
POL,49.07,1.3,49.23800185356812,-0.779809898202366,-0.32396490041280845,2026-04
ROU,48.46,1.18,50.89360161870503,-1.5684367821624434,-0.3726207607059362,2026-04
SAU,49.27,0.79,49.489627058123396,-0.6069583837010981,-0.8231217098509414,2026-04
GHA,55.28,0.4,45.96156115107914,5.783693651079169,-1.3651553306979491,2026-04
SEN,52.5,0.38,53.57010825439782,2.1827880861300883,-1.0572830641416653,2026-04
SRB,47.25,1.29,53.678518518518516,-3.078908573942563,-0.1426113812917671,2026-04
THA,53.22,0.59,52.49059210526316,3.01925983852162,-0.8938022486580511,2026-04
SWE,45.89,3.0,48.811302897644374,-3.913772258858188,1.357647521523188,2026-04
SVK,51.33,1.5,57.10336809815951,0.6315756642617956,0.21497437707219658,2026-04
TWN,49.62,2.12,52.74716163354716,-0.608422102682745,0.6472540057917715,2026-04
USA,49.47,4.25,48.85572836429542,-0.33856543583456755,2.609561931494751,2026-04
URY,48.11,1.77,54.20898373983741,-2.276141820484824,0.36024775752689675,2026-04
VNM,50.97,0.43,52.89627328168782,0.7254898610476204,-1.0363203818827826,2026-04
SGP,44.78,6.44,48.242103386809276,-4.96235987096523,4.773119220494621,2026-04
TUN,53.36,1.23,53.88288643533123,3.009041649939803,-0.19380463130561765,2026-04
ZAF,51.43,0.43,47.28447855175128,1.790960716468561,-1.278147347342503,2026-04
TUR,50.57,0.68,51.63367094626723,0.46171524933659214,-0.8407292307539475,2026-04
GTM,51.9,0.35,52.03605263157894,1.748301262379485,-1.1533895477116562,2026-04
UKR,48.95,0.69,51.978961352657,-1.195539013833475,-0.815849760780794,2026-04
HRV,49.04,1.73,55.556000800640504,-1.491474928932334,0.3782942584972142,2026-04
HUN,49.8,0.95,53.029929624664895,-0.45893066290402373,-0.5105607792258702,2026-04
IRQ,48.63,0.22,48.3935131782946,-1.1286958597854735,-1.440356134150755,2026-04
ISR,53.04,3.03,54.95005061460593,2.5739025831002493,1.6521822744064931,2026-04
IRL,46.44,3.6,46.08409201557936,-3.0695265166059826,1.840124845887836,2026-04
JOR,48.17,0.55,53.57903409090909,-2.148174945150977,-0.8868984264167332,2026-04
JPN,48.23,1.97,51.021683091286306,-1.812255819119315,0.42289860615199837,2026-04
GRC,48.27,1.35,54.22975088967972,-2.118382441281696,-0.058857331474163166,2026-04
IND,53.09,0.31,49.112657022302585,3.2537138755387005,-1.3193663382129663,2026-04
KAZ,49.61,0.7,50.505664512503515,-0.3765812577099297,-0.8693379889184152,2026-04
IDN,48.61,0.37,48.50368335807801,-1.160582401650501,-1.2856086119153014,2026-04
LTU,51.6,2.25,53.01816220880068,1.3423389536255002,0.7889321319359432,2026-04
ITA,47.22,1.56,48.9494247852046,-2.5986745818115438,-0.07640044378208688,2026-04
MAR,50.22,0.86,49.48778398846014,0.34324046978861844,-0.753201132560653,2026-04
LKA,54.04,0.48,55.666915621436715,3.4965581879833465,-0.8669261307314631,2026-04
KEN,56.59,0.34,47.304905959664644,6.94875675129547,-1.3672670767150785,2026-04
KOR,43.71,3.92,49.463862956702634,-6.164178629045573,2.305768047389974,2026-04
BWA,51.52,0.52,45.60891328210758,2.601755963889943,-1.2792007900987792,2026-05
BIH,50.91,0.61,55.981385199240975,0.5262880489607582,-0.4693020441199599,2026-05
AGO,54.54,0.1,50.857582781456955,4.880201124425049,-1.3349182332670275,2026-05
ARM,48.0,0.95,52.32761609907121,-1.8674915719785972,-0.38289094889814845,2026-05
BHR,47.5,1.5,51.72550847457627,-2.2824231898146508,0.12531992626438648,2026-05
BFA,52.6,0.15,46.67325105358218,3.53138169754299,-1.5753307007792983,2026-05
COG,53.34,0.24,45.23677455357143,4.47433334090568,-1.5850289828520228,2026-05
ALB,48.41,1.02,59.22095278246207,-2.4314121395172847,0.16553931089226304,2026-05
ARE,50.28,2.84,47.101073969882506,1.150937016456517,1.144362238705731,2026-05
ARG,47.87,1.48,49.52983644541366,-1.6022091023578113,-0.047070126271111734,2026-05
BEL,42.7,3.8,46.78720730078645,-6.384718536356672,2.082578403252432,2026-05
AUT,45.94,2.61,47.85272837790899,-3.295259985268636,0.9665306195961045,2026-05
AUS,45.5,6.4,47.73737521305089,-3.718962388771331,4.748524562853849,2026-05
BOL,51.56,0.56,54.14282356441535,1.436048027776046,-0.6469069415725555,2026-05
BGD,50.75,0.11,46.84183319002579,1.6575636805879128,-1.603630300952742,2026-05
BRA,51.18,0.96,50.0247930071628,1.637861283339852,-0.5327177933880867,2026-05
CAN,47.33,4.13,48.6444527363184,-2.017118243742239,2.5414800450882433,2026-05
AZE,48.58,0.43,52.802195295794704,-1.3545421835827938,-0.8699529017943968,2026-05
BEN,47.37,0.39,51.285637686710075,-2.350276333068983,-1.0152091926483893,2026-05
CHE,44.15,5.02,48.75522000586682,-5.212767925018248,3.43916781894586,2026-05
BGR,48.61,1.36,52.145211654755364,-1.231720679290639,0.01444931755202794,2026-05
CHL,48.82,1.84,49.303457181694604,-0.6202252560542476,0.29721807914713994,2026-05
CIV,52.94,0.3,46.15690857681433,3.9443328068700154,-1.4611673175945017,2026-05
COL,50.02,1.18,49.231571448333106,0.5899310727962046,-0.36777113169036824,2026-05
CMR,55.19,0.38,48.80046296296297,5.820839953361116,-1.1976921052517566,2026-05
CRI,48.93,1.57,50.87130281690141,-0.7317373018147251,0.1360340022646911,2026-05
CZE,48.52,1.84,50.563425788693635,-1.0982390971257345,0.38466587629692106,2026-05
CYP,47.74,3.08,54.23487547488392,-2.3969574662255155,1.8794818976010474,2026-05
EGY,50.87,0.36,50.79783729009844,1.2186422271194743,-1.079064853730356,2026-05
DEU,45.22,2.4,49.148037314348834,-4.198266861685248,0.846431203222453,2026-05
DOM,52.1,0.67,53.91766825288919,2.007858948794059,-0.552533788067113,2026-05
DNK,42.27,3.57,45.76584406031629,-6.670415898532731,1.7816909502057972,2026-05
ESP,48.1,2.69,49.46201546457092,-1.3626270594100802,1.1582227759946353,2026-05
DZA,47.43,0.56,46.077632128514054,-1.554466671950287,-1.2066694791017074,2026-05
ECU,49.38,0.58,52.564083080040525,-0.5209006548201032,-0.7364790188948463,2026-05
EST,49.22,3.21,54.90194744251525,-1.011204293146072,2.055779855967382,2026-05
UZB,53.38,0.3,49.112604400538835,3.966739254381956,-1.2560280090484481,2026-05
GRC,47.81,1.51,52.279002849002836,-2.050623280718348,0.1737350609824504,2026-05
ROU,47.88,1.37,47.92541267834568,-1.3655291391463251,-0.26842474522389637,2026-05
LKA,52.19,0.56,49.39301740020472,2.7371212870138635,-0.9765660169188595,2026-05
THA,52.54,0.73,52.28716719329579,2.678223225234781,-0.6056982948014755,2026-05
KAZ,49.26,0.71,49.32733272016555,-0.18359849590106592,-0.8311248452452211,2026-05
PRI,49.92,1.68,48.549810469314075,0.5862532270893155,0.0849114228854233,2026-05
KOR,43.76,3.78,48.9201029776675,-5.626063307914677,2.2106114792016665,2026-05
LBN,45.52,0.96,51.63225272658893,-4.249247612416127,-0.4211524649426228,2026-05
GEO,48.09,1.8,52.88352540272614,-1.85603285457983,0.5056917933619771,2026-05
JPN,47.45,1.91,50.34853339728985,-2.137878166068937,0.43975132513419957,2026-05
MAR,47.71,0.9,48.70258334650023,-1.6453311890051694,-0.6844854148612068,2026-05
IRQ,49.44,0.24,46.9554533183352,0.3315109350265999,-1.4657445251664716,2026-05
OMN,50.08,0.73,53.137186516853944,0.0981288007141714,-0.5467029222445741,2026-05
KHM,52.29,0.21,58.30465992647059,1.5780456977140034,-0.7080557591399843,2026-05
FRA,45.6,3.97,47.7110372960373,-3.615241253381633,2.3166965864966924,2026-05
IND,51.87,0.3,48.57305778581929,2.5329687451722904,-1.2934751030909128,2026-05
SWE,44.3,2.98,47.192907481026374,-4.842037621139212,1.2907359199303676,2026-05
MEX,50.36,0.63,49.60464712125231,0.8772213202057273,-0.8918779105531672,2026-05
IRL,46.74,3.23,47.54369034765708,-2.451597749164719,1.56508191458003,2026-05
PER,47.58,1.05,46.949431473620386,-1.5276382725789972,-0.6561624697502997,2026-05
QAT,48.08,1.66,48.20471790678659,-1.204990595780977,0.04096036232870204,2026-05
RWA,55.68,0.2,49.641630036630026,6.191996213180175,-1.319311120822064,2026-05
TUN,49.79,1.4,48.21554891972597,0.5034791516354886,-0.2182879140035907,2026-05
PRT,47.49,3.32,47.0886565924942,-1.6373086024956933,1.6235004138214024,2026-05
SAU,48.61,0.93,49.46188467777614,-0.8526085812832704,-0.6017863012292225,2026-05
SEN,51.82,0.41,50.46025316455695,2.216337579637454,-1.0524947931489665,2026-05
URY,48.01,1.89,51.49431333333334,-1.739758935402989,0.4992738869415647,2026-05
KGZ,50.95,0.35,47.23019572953737,1.802694133043083,-1.3366760987709343,2026-05
NAM,52.91,0.44,50.8,3.258336670064672,-0.9989147514058103,2026-05
ZAF,51.43,0.46,47.58128843338214,2.2330902298692976,-1.202308599949109,2026-05
JAM,49.49,0.66,50.738131553860825,-0.1529222869623652,-0.7832087149997419,2026-05
PAN,50.85,1.28,54.076332263242364,0.7354422078007659,0.0684782467687246,2026-05
SRB,45.59,1.31,53.661159817351596,-4.4659004245556915,0.06966330992922098,2026-05
HTI,52.26,0.14,47.65388048411498,3.0528341094307194,-1.5172703673360828,2026-05
NLD,45.27,3.9,49.29662609606073,-4.169260130585549,2.356743969405432,2026-05
HRV,49.03,1.8,54.79573266219239,-1.1861978073345938,0.6384080464537274,2026-05
NOR,41.26,4.04,43.96881048387095,-7.426523184301232,2.12696829696555,2026-05
SGP,46.3,5.81,48.883954853273146,-3.080956143787553,4.238102627924085,2026-05
LVA,47.7,2.37,49.01873405299313,-1.6999983349226468,0.8074569436202479,2026-05
KEN,54.61,0.34,47.564877955025935,5.415408773577276,-1.3234475649792317,2026-05
MKD,47.13,0.98,52.80770526315789,-2.805320655720152,-0.3195704839265219,2026-05
VNM,51.38,0.53,51.76727784026996,1.5916754526555295,-0.8417810816512341,2026-05
NZL,46.33,4.84,45.9905376344086,-2.6421615832792185,3.0672857499325006,2026-05
KWT,48.86,0.92,46.56636969484391,-0.1935176395498175,-0.8127487739964544,2026-05
UGA,56.02,0.11,47.41962357954546,6.8459309430726805,-1.5635289075552095,2026-05
MOZ,52.13,0.08,45.683457484188324,3.2012240350241825,-1.7140270689234751,2026-05
GTM,51.75,0.37,53.594162508909484,1.7035652463752982,-0.8749866210338856,2026-05
LTU,47.99,2.28,53.3954039908407,-2.0283532863162677,1.0212185951331518,2026-05
PHL,49.17,0.44,49.25954908675798,-0.2640217295612999,-1.1058293508903407,2026-05
TZA,54.86,0.07,51.82572289156627,5.063418081785272,-1.2977247178959963,2026-05
MNG,57.44,1.37,51.93333083270817,7.628214764158102,0.009743783586033006,2026-05
HUN,48.1,1.07,50.53351351351352,-1.514012960878837,-0.3874101774695846,2026-05
SVN,48.69,2.13,55.04763022743948,-1.5617869901897095,0.9858909321906317,2026-05
ZMB,54.12,0.15,47.90675105485232,4.877107456130915,-1.4897199504033491,2026-05
TTO,51.9,1.05,50.8,2.248336670064674,-0.3889147514058102,2026-05
ZWE,57.63,0.2,45.740459001782526,8.693170612869473,-1.590070893253607,2026-05
TUR,50.0,0.64,52.020937323546015,0.17583733836335824,-0.7141759104466315,2026-05
SVK,48.3,1.43,50.67978529411764,-1.3346788737921145,-0.0172582221526405,2026-05
MLT,49.89,4.0,51.11452702702703,0.1938989246392282,2.5829149160198677,2026-05
PRY,52.29,0.59,52.41189991142604,2.4106004446842846,-0.7370412525764517,2026-05
MUS,50.62,1.74,48.05411378555799,1.3562874090456276,0.11050772202483938,2026-05
GHA,54.68,0.38,44.88642254680107,5.863832595177449,-1.4693450737838791,2026-05
MDA,50.77,1.45,53.09687203791469,0.7938246055198732,0.17049906171209317,2026-05
ISR,51.94,3.05,53.34273105745212,1.929088574648297,1.7875628437369173,2026-05
GBR,44.81,3.35,46.90780223702998,-4.291756713097932,1.6409482637896984,2026-05
MDG,52.27,0.1,61.4544066278549,1.1130357938155768,-0.5994483993329164,2026-05
HND,52.74,0.26,57.45113652609005,2.1486351934380465,-0.7172943312476194,2026-05
TGO,52.28,0.22,52.21853684210526,2.4279196195430544,-1.1204615666765756,2026-05
USA,49.59,3.87,48.672014648010496,0.23898768957997163,2.2833929724812925,2026-05
PSE,51.87,0.43,52.17021118012423,2.024747279108361,-0.9138155968187327,2026-05
NGA,51.7,0.24,46.31130329388279,2.682519250187873,-1.51045159196118,2026-05
UKR,48.9,0.78,48.59075278015398,-0.43953128053609447,-0.8122469865596351,2026-05
LUX,46.79,4.85,47.76457935425193,-2.4328059080791533,3.200412659277971,2026-05
NPL,51.27,0.41,47.553352601156085,2.0770371256653277,-1.2542474792006586,2026-05
FIN,45.91,2.19,49.46079290558163,-3.552454330962398,0.6581379246023822,2026-05
POL,47.85,1.33,48.49640214985773,-1.476201013406218,-0.2687953677917292,2026-05
ISL,48.38,4.02,53.39009708737863,-1.6376035039294408,2.760850270863113,2026-05
PAK,50.69,0.31,47.63349320652175,1.485714512619495,-1.34868534109456,2026-05
TWN,49.66,2.08,52.50352875017573,-0.23234527590601317,0.7593182234133016,2026-05
MYS,47.2,0.87,48.118765538674026,-2.072846871634269,-0.755005139676267,2026-05
IDN,47.51,0.46,47.73935782048164,-1.709242500166269,-1.191337834787277,2026-05
ITA,46.36,1.7,49.00262023000523,-3.0377217039744764,0.1363385678796727,2026-05
JOR,48.93,0.64,51.53594570135745,-0.8256409373066091,-0.7478366292620818,2026-05
SLV,52.38,0.59,55.35508689525599,2.0847741954644263,-0.5327701168464524,2026-05
