geo_id,gdp_pwa,coding_share,personal_share,lang_group,agency_ai_alone,hof_pdi,hof_idv,hof_uai,hof_pdi_regional,hof_idv_regional,hof_uai_regional,globe_pdi_practices,globe_participative,hof_pdi_extended
ABW,55553.99364615255,,,,,,,,,,,,,
AGO,5796.591076911293,17.22689075630252,34.33962264150943,portuguese,,,,,,,,,,
ALB,15160.177657549832,25.13513513513514,30.69908814589666,english,,,,,,,,4.62,4.389583333333333,
AND,68285.58866303651,,31.343283582089555,mixed,,,,,,,,,,
ARE,60127.05878296327,28.595151112587185,30.808861411643484,english,0.0208894878706199,,,,80.0,38.0,68.0,,,80.0
ARG,20966.423275351695,32.02973497091144,33.90275952693823,spanish,0.0237341772151898,49.0,46.0,86.0,,,,5.640540540540542,5.998366013071895,49.0
ARM,12551.43122594346,15.770171149144252,34.8968105065666,english,,,,,,,,,,
ATG,33696.80448281085,,,,,,,,,,,,,
AUS,102513.1805350331,24.125818297940288,41.712403951701425,english,0.0153721682847896,38.0,90.0,51.0,,,,4.740285204991085,5.6942829457364335,38.0
AUT,87151.06570374031,23.538461538461537,39.45981554677207,english,0.0311871227364185,11.0,55.0,70.0,,,,4.953846153846153,5.8920118343195265,11.0
AZE,10460.39769104414,33.05785123966942,36.29893238434164,english,,,,,,,,,,
BDI,639.8290120031005,,,,,,,,,,,,,
BEL,88245.97318402125,25.034162339437003,40.3393665158371,english,0.018542199488491,65.0,75.0,94.0,,,,,,65.0
BEN,2655.416999442524,27.703984819734345,27.798507462686565,french,,,,,,,,,,
BFA,1832.887591889975,13.553113553113556,23.837209302325583,french,,,,,,,,,,
BGD,3967.2406267898255,39.089813140446054,31.40013726835964,english,0.0436941410129096,80.0,20.0,60.0,,,,,,80.0
BGR,27428.09326705219,26.31578947368421,40.750853242320815,english,,70.0,30.0,85.0,,,,,,70.0
BHR,38161.782937228934,,30.96085409252669,english,,,,,,,,,,
BHS,52316.51473694657,,43.90243902439024,,,,,,,,,,,
BIH,14058.115992760766,11.11111111111111,32.035928143712574,english,,,,,,,,,,
BLZ,12013.264719491846,,,,,,,,,,,,,
BOL,6038.784004183883,19.36758893280632,20.781758957654723,spanish,,,,,,,,4.509756097560977,5.37,
BRA,14782.600419414845,28.991336633663373,33.02416579109453,portuguese,0.0215239980207817,69.0,38.0,76.0,,,,5.326086956521742,6.0408745247148286,69.0
BRB,38322.71932498115,,25.92592592592593,english,,,,,,,,,,
BRN,46216.28972529656,,23.52941176470588,english,,,,,,,,,,
BTN,5380.966137503524,,32.8125,english,,,,,,,,,,
BWA,12027.171116893962,,29.585798816568047,english,,,,,,,,,,
CAN,83397.40614599641,29.94333724110981,41.78007263816566,english,0.0159739201303993,39.0,80.0,48.0,,,,,,39.0
CHE,159447.77850270874,23.382045929018787,41.30690737833594,english,0.0197910940076965,34.0,68.0,58.0,,,,4.89685534591195,5.795171339563863,34.0
CHL,24248.62384782136,26.43985419198056,33.04529981670594,spanish,0.0273348519362186,63.0,23.0,86.0,,,,,,63.0
CIV,4825.4978829441125,24.600638977635786,26.117440841367223,french,0.0515759312320916,,,,,,,,,
CMR,3250.193069497753,27.641408751334044,24.80544747081712,french,0.081081081081081,,,,,,,,,
COG,4157.189959547441,,37.83783783783784,french,,,,,,,,,,
COL,11313.865939573909,27.239557121288374,23.210044112656934,spanish,0.0216503267973856,67.0,13.0,80.0,,,,5.563888888888888,5.458333333333333,67.0
COM,2876.526673067729,,,,,,,,,,,,,
CPV,7683.461672886343,,,,,,,,,,,,,
CRI,26951.561234857145,18.414533443435175,29.54333643988816,english,,35.0,15.0,86.0,,,,4.7368421052631575,5.526086956521739,35.0
CYP,38404.71104586875,14.991482112436117,37.842778793418645,english,,,,,,,,,,
CZE,49714.93948841886,25.79916047788182,43.21329639889196,english,,57.0,58.0,74.0,,,,3.588749999999999,5.738729508196721,57.0
DEU,88693.9787891109,32.797555264515616,44.73476787262552,english,0.0198517401683628,35.0,67.0,65.0,,,,5.251794871794871,5.719660194174757,35.0
DJI,5520.591664256729,,30.0,french,,,,,,,,,,
DMA,15220.33454164301,,,,,,,,,,,,,
DNK,113263.93711245504,22.085889570552148,42.671009771986974,english,0.020631067961165,18.0,74.0,23.0,,,,3.894267515923566,5.701388888888889,18.0
DOM,16637.61618246597,20.33598585322723,28.561872909699005,english,,,,,,,,,,
DZA,8969.58842511948,34.47395301327886,29.59409594095941,english,0.042152466367713,,,,,,,,,
ECU,9988.291688510177,16.469428007889547,19.061413673232902,spanish,,78.0,8.0,67.0,,,,5.599999999999999,5.510204081632653,78.0
EGY,5227.316547705825,47.30105731775181,29.20531005637389,english,0.0292365998917162,,,,80.0,38.0,68.0,4.918303571428571,4.631426202321724,80.0
ESP,53518.68827011927,33.122701122323875,37.25072741466184,english,0.0159229408295655,57.0,51.0,86.0,,,,5.519189189189189,4.825418994413408,57.0
EST,49410.33974231546,14.550641940085592,47.68583450210379,english,,40.0,60.0,60.0,,,,,,40.0
FIN,86239.00920358354,18.735362997658076,43.108182317408016,english,,33.0,63.0,59.0,,,,4.889090909090907,5.924418604651163,33.0
FJI,9643.44070961718,,46.15384615384616,,,,,,,,,,,
FRA,75225.64794338809,32.21784776902887,40.17413758855856,french,0.0264462809917355,68.0,71.0,86.0,,,,5.277027027027027,6.142265193370166,68.0
FSM,6691.48150252884,,,,,,,,,,,,,
GAB,13766.979263379795,,27.810650887573964,french,,,,,,,,,,
GBR,83152.8295627269,26.752676904941215,41.995374743493706,english,0.0191667623091931,35.0,89.0,35.0,,,,5.153086419753086,5.68213572854291,35.0
GEO,14463.249642754525,23.44569288389513,36.37691745799854,english,,,,,,,,5.221666666666667,4.417643229166666,
GHA,3978.246329458356,22.938689217758984,30.744336569579296,english,0.0632411067193675,,,,77.0,20.0,54.0,,,77.0
GIN,3137.3506232314494,,36.7816091954023,french,,,,,,,,,,
GMB,1635.3522496322375,,,,,,,,,,,,,
GNB,1709.8915346276524,,,,,,,,,,,,,
GNQ,11229.18585716984,,,,,,,,,,,,,
GRC,39376.65689246587,21.617915904936016,37.43565746373421,english,,60.0,35.0,112.0,,,,5.403333333333333,5.745726495726496,60.0
GRD,17383.70277864502,,,,,,,,,,,,,
GTM,9620.500626667832,13.082437275985663,30.816831683168317,english,,95.0,6.0,101.0,,,,5.602419354838711,5.252252252252252,95.0
GUY,46285.034274087586,,,,,,,,,,,,,
HND,5256.315221358912,11.778290993071591,30.788804071246823,english,,,,,,,,,,
HRV,38045.172524694855,17.22222222222222,43.08943089430895,english,,73.0,33.0,80.0,,,,,,73.0
HTI,3475.4520114928823,,37.93103448275862,french,,,,,,,,,,
HUN,36106.862456746145,23.753280839895012,44.363193174893354,english,,46.0,80.0,82.0,,,,5.558247422680412,5.011839708561021,46.0
IDN,7231.199089520412,28.813653238765447,19.030907278165504,english,0.0439499816108863,78.0,14.0,48.0,,,,5.1789772727272725,4.467440119760479,78.0
IND,3948.7128605939074,52.14582038420955,27.817374238198532,english,0.0395431834403997,77.0,48.0,40.0,,,,5.466019417475729,5.070540935672514,77.0
IRL,163661.46945325768,16.177178623013962,39.20879120879121,english,0.0216508795669824,28.0,70.0,35.0,,,,5.150666666666668,5.761217948717948,28.0
IRQ,10043.662811380043,13.521126760563378,47.83549783549784,english,0.048582995951417,,,,80.0,38.0,68.0,,,80.0
ISL,124196.00871446758,,50.80213903743316,english,,,,,,,,,,
ISR,90237.43265143564,23.454313332117454,41.631931287103704,english,0.0220095693779904,13.0,54.0,81.0,,,,4.72638888888889,4.8015432098765425,13.0
ITA,63346.04219526605,28.242314898341547,39.02289702461124,english,0.0243185462319615,50.0,76.0,75.0,,,,5.426877934272303,5.570488721804511,50.0
JAM,9671.355122194287,5.483870967741936,33.12101910828025,english,,45.0,39.0,13.0,,,,,,45.0
JOR,7135.879551781071,29.67525195968645,31.914893617021285,english,,,,,,,,,,
JPN,55246.96466016575,27.103543852702437,43.08948295181687,japanese,0.0175195942830797,54.0,46.0,92.0,,,,5.10943396226415,5.3095854922279795,54.0
KAZ,22317.150362946555,28.373450036469738,38.36116910229645,english,0.0606060606060606,,,,,,,5.312146892655367,5.132231404958676,
KEN,3558.849073408154,31.881918819188193,25.736040609137056,english,0.0329218106995884,,,,64.0,27.0,52.0,,,64.0
KGZ,3906.36602991404,17.753623188405797,36.47058823529411,russian,,,,,,,,,,
KHM,4189.637022057561,32.87858117326057,36.25218914185639,english,,,,,,,,,,
KIR,3749.284836090518,,,,,,,,,,,,,
KNA,33782.966368255504,,,,,,,,,,,,,
KOR,51496.35067757943,30.858015785453617,33.34204337601255,korean,0.0123546511627906,60.0,18.0,85.0,,,,5.606779661016949,5.575107296137339,60.0
KWT,40520.77402630855,14.244186046511626,44.44444444444444,english,,,,,80.0,38.0,68.0,5.1241379310344835,4.994791666666667,80.0
LAO,3137.563145458921,13.648293963254591,32.35294117647059,english,,,,,,,,,,
LBN,7649.559298285476,34.38395415472779,28.258064516129032,english,,,,,80.0,38.0,68.0,,,80.0
LBR,1501.5941581816312,,,,,,,,,,,,,
LCA,19268.8086637085,,,english,,,,,,,,,,
LKA,6855.768591970304,37.865612648221344,24.576802507836994,english,,,,,,,,,,
LSO,1603.0035663184583,,,,,,,,,,,,,
LTU,45109.332193465,21.91387559808613,41.60377358490566,english,,42.0,60.0,65.0,,,,,,42.0
LUX,199973.81446042765,,36.26943005181347,english,,40.0,60.0,70.0,,,,,,40.0
LVA,37168.53471842537,21.240310077519386,48.18481848184818,english,,44.0,70.0,63.0,,,,,,44.0
MAR,6159.655576326082,42.063983488132095,31.56467854376453,english,0.0379048931771192,70.0,46.0,68.0,,,,5.801923076923076,5.390522875816994,70.0
MDA,11853.79921916384,24.94929006085193,32.838283828382835,english,,,,,,,,,,
MDG,950.4549962287342,29.331046312178387,26.77760968229955,french,,,,,,,,,,
MDV,17551.84408141015,,32.065217391304344,english,,,,,,,,,,
MEX,21055.23141283793,29.720889664195376,32.853137387605145,spanish,0.0268608414239482,81.0,30.0,82.0,,,,5.223882113821137,4.618032786885246,81.0
MHL,12247.933161279034,,,,,,,,,,,,,
MKD,14284.258368739234,17.878787878787875,27.728613569321535,english,,,,,,,,,,
MLT,63416.5934217836,,36.39705882352941,english,,56.0,59.0,96.0,,,,,,56.0
MNE,20082.201107362056,6.756756756756757,42.63565891472868,english,,,,,,,,,,
MNG,10677.466362993113,,23.7410071942446,english,,,,,,,,,,
MOZ,1200.8185090654026,7.947019867549669,32.240437158469945,portuguese,,,,,,,,,,
MRT,3827.747429501387,,30.303030303030305,english,,,,,,,,,,
MUS,16566.49364893835,5.128205128205129,32.78145695364238,english,,,,,,,,,,
MWI,960.6402944020084,,20.54054054054054,english,,,,,,,,,,
MYS,16744.801251132354,31.632862118418352,30.926675663517766,english,0.020358306188925,104.0,26.0,36.0,,,,5.17391304347826,5.089583333333334,104.0
NAM,7434.795398545627,,34.78260869565217,english,,,,,,,,5.293333333333334,5.533854166666667,
NER,1446.5138295852926,,26.984126984126984,french,,,,,,,,,,
NGA,1441.664986299227,34.42742523705325,35.23859465128474,english,0.0408986175115207,,,,77.0,20.0,54.0,5.797836538461537,5.1214859437751015,77.0
NLD,105769.21585185928,26.64008232570105,41.46609651802076,english,0.0127511591962905,38.0,80.0,53.0,,,,4.107534246575341,5.588850174216028,38.0
NOR,133499.89761071428,21.348314606741575,43.844856661045526,english,0.0235690235690235,31.0,69.0,50.0,,,,,,31.0
NPL,2250.486467692543,41.403674046161086,28.169856459330145,english,0.0463917525773195,,,,,,,,,
NRU,22698.43507683632,,,,,,,,,,,,,
NZL,74633.69897073443,20.455168631752127,43.715469613259664,english,,22.0,79.0,49.0,,,,4.8868131868131846,5.61911231884058,22.0
OMN,27874.66708509641,6.0606060606060606,29.75206611570248,english,,,,,,,,,,
PAK,2515.0984411018367,48.19562641387483,29.347094458155702,english,0.0351123595505618,55.0,14.0,70.0,,,,,,55.0
PAN,29533.717672235955,12.233285917496444,31.57894736842105,english,,95.0,11.0,86.0,,,,,,95.0
PER,12646.323877661176,22.371541501976285,19.381527193815273,spanish,0.0272314674735249,64.0,16.0,87.0,,,,,,64.0
PHL,5979.632691012824,31.038275406951165,27.297433316557623,english,0.0192107995846313,94.0,32.0,44.0,,,,5.4415525114155265,5.483333333333333,94.0
PLW,24558.587479935795,,,,,,,,,,,,,
PNG,4746.363305666457,,39.130434782608695,english,,,,,,,,,,
POL,38209.25361666856,34.39407585309716,40.00442526828189,english,0.0197368421052631,68.0,60.0,93.0,,,,5.101631701631701,5.2768719806763285,68.0
PRI,59332.5492819456,,44.77317554240632,english,,,,,,,,,,
PRT,46013.61009194968,27.66259585345072,38.31845238095239,english,0.0179968701095461,63.0,27.0,104.0,,,,5.440909090909091,5.256329113924051,63.0
PRY,9785.666997682889,10.3397341211226,32.22416812609457,spanish,,,,,,,,,,
QAT,93076.97642309398,16.596638655462186,34.18994413407821,english,,,,,,,,4.733168316831683,4.619047619047619,
ROU,31327.812791877608,31.289261142686208,39.06490310673639,english,0.0337186897880539,90.0,30.0,90.0,,,,,,90.0
RWA,1702.5314089029812,30.93415007656968,22.633136094674555,english,,,,,,,,,,
SAU,41985.798549031635,30.994989262705797,35.267857142857146,english,0.0244372990353697,,,,80.0,38.0,68.0,,,80.0
SEN,3054.5670941438534,25.845410628019323,25.794155019059723,french,0.0845070422535211,,,,,,,,,
SGP,121453.275988157,26.90232558139535,33.02572157863735,english,0.0154061624649859,74.0,20.0,8.0,,,,4.986363636363638,5.318807339449541,74.0
SLB,3652.4105498553017,,,,,,,,,,,,,
SLE,1509.4225004344053,,51.42857142857142,english,,,,,77.0,20.0,54.0,,,77.0
SLV,8315.64872508447,16.027088036117384,26.119402985074625,spanish,,66.0,19.0,94.0,,,,5.676923076923076,5.44,66.0
SMR,92936.3005676187,,,,,,,,,,,,,
SRB,21462.94212470453,26.575698505523064,39.468008626887126,english,,86.0,25.0,92.0,,,,,,86.0
STP,5799.635701275046,,,,,,,,,,,,,
SUR,10572.67468747999,,,,,85.0,47.0,92.0,,,,,,85.0
SVK,39478.157128320294,22.591362126245848,41.36933461909354,english,,104.0,52.0,51.0,,,,,,104.0
SVN,53656.97978357421,17.6672384219554,41.90193164933135,english,,71.0,27.0,88.0,,,,5.33320610687023,5.331692913385827,71.0
SWE,92702.13665967331,27.708609271523184,42.86064769381747,english,0.0197486535008976,31.0,71.0,29.0,,,,4.851471135940409,5.491433891992551,31.0
SWZ,6705.410759611218,,,,,,,,,,,,,
SYC,24982.71491126988,,1.7196034796682178,,,,,,,,,,,
TCD,1813.1504634520168,,32.35294117647059,french,,,,,,,,,,
TGO,1794.2569461842215,,29.03225806451613,french,,,,,,,,,,
THA,10509.89704549089,28.51307189542483,33.33333333333333,english,0.0156075808249721,64.0,20.0,64.0,,,,5.627027027027025,5.173814898419865,64.0
TJK,2135.408282527255,,38.68613138686132,english,,,,,,,,,,
TKM,17213.224529371688,,,,,,,,,,,,,
TLS,2355.9425874914064,,,,,,,,,,,,,
TON,8938.936614813096,,,,,,,,,,,,,
TTO,26700.53225320523,,38.07531380753138,english,,47.0,16.0,55.0,,,,,,47.0
TUN,6506.121121775293,50.84835630965006,23.0,english,0.0478260869565217,,,,,,,,,
TUR,22651.310447180294,46.43576705363138,40.695296523517385,english,0.0199769496734537,66.0,37.0,85.0,,,,5.571621621621618,5.377758420441347,66.0
TUV,11158.798283261802,,,,,,,,,,,,,
TWN,48391.047952063214,30.464876033057852,35.08862724802691,english,0.0148482892188508,58.0,17.0,69.0,,,,5.181944444444445,4.528601694915254,58.0
TZA,2148.799090380761,30.864197530864196,35.8433734939759,english,,,,,64.0,27.0,52.0,,,64.0
UGA,2079.882474647875,27.631578947368425,25.416036308623298,english,,,,,,,,,,
UKR,7490.372998752378,34.46586082979418,32.224893162393165,english,0.0375699440447641,,,,,,,,,
URY,36408.30401277872,16.272965879265094,35.714285714285715,spanish,,61.0,36.0,100.0,,,,,,61.0
USA,132531.7570859901,26.10597212974185,40.43061765268305,english,0.0180879587018288,40.0,91.0,46.0,,,,4.88244680851064,5.898824517212426,40.0
UZB,5015.875475814878,26.096033402922757,34.26150121065375,english,0.0678466076696165,,,,,,,,,
VCT,17284.20770798316,,,,,,,,,,,,,
VNM,6717.646893699442,42.61480787253984,27.567777669808574,english,0.0241518113858539,70.0,20.0,30.0,,,,,,70.0
VUT,6411.074253636131,,,,,,,,,,,,,
WSM,8801.859269148988,,,,,,,,,,,,,
XKX,10548.29170836731,,42.64705882352941,english,,,,,,,,,,
ZAF,9272.848440503294,25.834627329192543,34.126093785057215,english,0.0410958904109589,49.0,65.0,49.0,,,,5.160439560439557,5.538389513108615,49.0
ZMB,2182.304943750481,9.749303621169917,27.540106951871657,english,,,,,64.0,27.0,52.0,5.314285714285714,5.125,64.0
ZWE,3813.703651493487,20.54054054054054,28.21917808219178,english,,,,,,,,5.666666666666667,5.5,
PSE,,27.035830618892508,31.343283582089555,english,,,,,,,,,,
CUW,,,,,,,,,,,,,,
CYM,,,36.36363636363636,english,,,,,,,,,,
GP,,,46.87500000000001,,,,,,,,,,,
JE,,,100.0,,,,,,,,,,,
MCO,,,34.090909090909086,mixed,,,,,,,,,,
MQ,,,42.98245614035088,,,,,,,,,,,
NCL,,,46.666666666666664,french,,,,,,,,,,
PYF,,,35.2112676056338,french,,,,,,,,,,
RE,,,40.3921568627451,,,,,,,,,,,
HKG,,,,,,68.0,25.0,29.0,,,,4.959090909090907,4.983430799220272,68.0
IRN,,,,,,58.0,41.0,59.0,,,,5.432648402,4.9821029082774055,58.0
RUS,,,,,,93.0,39.0,95.0,,,,5.521666666666663,5.176910299003322,93.0
VEN,,,,,,81.0,12.0,76.0,,,,5.400000000000002,4.776408450704225,81.0
LBY,,,,,,,,,80.0,38.0,68.0,,,80.0
ETH,,,,,,,,,64.0,27.0,52.0,,,64.0
