iso3,HD.HCI.HLOS,HD.HCI.LAYS,HD.HCI.EYRS,SE.SEC.ENRR,SE.PRM.ENRR,SE.XPD.TOTL.GD.ZS
,346.629669189453,7.87082147598267,11.7409467697144,96.4631271362305,99.8059997558594,3.6236863467978
ABW,,,,124.379366731084,107.716996929947,3.61855755636695
AFE,,,,45.6060791015625,101.309242248535,3.96229304413263
AFG,354.7587890625,5.05283832550049,8.90189075469971,59.6136016845703,112.230903625488,4.34319019317627
AFW,,,,46.3004913330078,91.0609893798828,3.21562023947166
AGO,325.965484619141,4.23497772216797,8.12006568908691,51.4839046246776,86.7353918783767,2.51273663315785
ALB,434.127593994141,8.95301818847656,12.8893814086914,108.355392456055,111.511650085449,3.09153008460998
AND,,,,101.923820495605,99.8579545454545,1.89867997169495
ARB,,,,68.8945465087891,91.5640716552734,3.76860740670194
ARE,448.040679931641,9.64599704742432,13.4558057785034,102.129724902444,108.044420617858,3.89404010772705
ARG,408.172637939453,8.41131019592285,12.8795232772827,105.574584297051,102.535244031037,5.00324010848999
ARM,442.969451904297,7.99462080001831,11.2798700332642,90.9458714101262,101.990554375733,2.43869996070862
ATG,406.997436523438,8.44442176818848,12.9675598144531,108.880778588808,112.255406797116,3.10505161832136
AUS,515.685363769531,11.2225046157837,13.6014432907104,131.931564331055,99.6071014404297,5.05915021896362
AUT,507.639373779297,10.9062051773071,13.4275989532471,100.622657775879,101.308898925781,5.27749013900757
AZE,415.946197509766,8.28151321411133,12.4437866210938,91.1228035886648,105.625024046785,3.66036009788513
BDI,422.747802734375,5.16467428207397,7.63557195663452,44.9151717353101,101.661087301601,4.87114173892375
BEL,516.807861328125,11.1832885742188,13.5244760513306,142.960266113281,102.108009338379,6.27611017227173
BEN,383.9228515625,5.66641664505005,9.22453594207764,43.5606498718262,108.036239624023,3.22974322056608
BFA,403.654327392578,4.53306150436401,7.01878643035889,29.9905774531085,77.1665925504108,5.32757840997187
BGD,368.315277099609,5.9894208908081,10.1635427474976,64.2997191043961,106.491310395865,2.0343847791384
BGR,441.093322753906,8.68730926513672,12.3093404769897,94.7816314697266,95.2764205932617,4.50109004974365
BHR,451.705993652344,9.28683853149414,12.8496723175049,98.8139181413527,96.8752475247525,1.88778167912993
BHS,,,,79.4858750299258,92.856648199446,2.74191570247934
BIH,416.134063720703,7.80188322067261,11.7178030014038,87.8663787841797,101.194877624512,3.24564826597779
BLR,488.143096923828,10.784273147583,13.8077774047852,94.7902702871216,96.8224030073024,5.04593992233276
BLZ,,,,86.4571583269413,96.4819245941926,4.62276317232973
BMU,,,,74.3967514038086,92.8512496948242,1.86510440752276
BOL,,,,90.5272216796875,93.6766510009766,7.53980016708374
BRA,413.244750976563,7.87283945083618,11.9070472717285,104.144660949707,104.296913146973,5.61920976638794
BRB,,,,104.371182990274,83.9370240790286,3.55593188106322
BRN,437.515930175781,9.21892356872559,13.1694107055664,91.8381544399811,94.8207871800668,4.42539978027344
BTN,386.739410400391,6.32679033279419,10.2245693206787,86.1810001963554,114.881123575514,5.84518003463745
BWA,391.318298339844,5.0830454826355,8.11846351623535,70.6292572021484,109.27325614686,8.05833660991541
CAF,368.730163574219,2.69615483283997,4.56999969482422,15.8074398040772,96.8125991821289,1.82995911310419
CAN,533.997985839844,11.724045753479,13.7220153808594,104.320877075195,95.0100479125977,4.84426021575928
CEB,,,,99.31640625,98.6306533813477,4.31669998168945
CHE,515.139038085938,10.9337730407715,13.2655611038208,101.4287109375,101.21174621582,4.86427021026611
CHL,452.218231201172,9.40742969512939,13.0017833709717,105.608551025391,99.4942321777344,4.91201019287109
CHN,441.0,9.27002716064453,13.1377935409546,92.2603063015232,99.644962886981,3.89714002609253
CIV,373.230529785156,4.81159114837646,8.05733776092529,65.3065056618336,93.2964368826882,3.61279988288879
CMR,378.868835449219,5.28687429428101,8.72147846221924,44.840795775403,114.407278765947,2.83907623667935
COD,310.197143554688,4.53227567672729,9.13184547424316,55.4860992431641,117.602096557617,2.84466514463005
COG,370.614074707031,5.28511667251587,8.91276931762695,50.520320892334,87.880241394043,3.34005209256916
COL,419.027526855469,8.62216186523438,12.8603744506836,101.573776245117,104.830467224121,5.26166009902954
COM,392.225524902344,5.12938976287842,8.17353343963623,54.8057289123535,97.0049189979678,2.34146896682989
CPV,,,,96.4315940376876,102.973013922324,4.3482854136693
CRI,428.555694580078,8.99331092834473,13.1157264709473,121.810760498047,104.774353027344,5.31208992004395
CSS,,,,85.9280090332031,94.0412826538086,3.23358011245727
CUB,,,,91.7456844321038,98.1092191903079,8.44086351669284
CUW,,,,89.9053421020508,79.3049163818359,5.44313725490196
CYM,,,,84.7603098178773,95.7366909653192,1.57024002075195
CYP,502.162170410156,10.9170904159546,13.5876054763794,106.741279602051,105.259872436523,4.74210977554321
CZE,512.221618652344,11.1165237426758,13.5641040802002,97.6154174804688,99.699089050293,4.30291986465454
DEU,517.281433105469,11.0330896377563,13.3306179046631,100.243698120117,102.638023376465,5.23916006088257
DJI,,,,,,3.75143003463745
DMA,403.783233642578,8.00887203216553,12.396614074707,102.585807800293,96.7877094972067,5.38572189060925
DNK,517.877807617188,11.0988283157349,13.3946027755737,125.628089904785,99.7760925292969,6.35586023330688
DOM,345.216522216797,6.55853319168091,11.8739490509033,76.3648403372637,101.939084340722,3.7606477375256
DZA,374.089080810547,7.091552734375,11.8480348587036,105.164131811213,106.368889468205,8.97772026062012
EAP,,,,91.0118637084961,99.9748001098633,3.01801614079218
EAR,,,,76.7462997436523,105.642349243164,3.393709897995
EAS,,,,92.0157470703125,100.047248840332,3.51481008529663
ECA,,,,101.207878112793,96.6787490844727,3.70918011665344
ECS,,,,103.311096191406,99.9414596557617,4.56857490539551
ECU,420.148559570313,8.69649028778076,12.9366292953491,92.8118025876465,97.2490097236115,3.69074988365173
EGY,355.986511230469,6.52936267852783,11.4635009765625,84.8286031306453,96.7073863024522,
EMU,,,,107.966987609863,102.890296936035,4.74210977554321
ERI,,,,44.0441284179688,89.7312469482422,
ESP,506.621185302734,10.5146961212158,12.9715948104858,118.537803649902,102.936981201172,4.58553981781006
EST,543.2060546875,11.7193126678467,13.4839639663696,108.538726806641,97.8220596313477,5.20733976364136
ETH,348.199035644531,4.34911251068115,7.80644083023071,33.9114221981431,84.4160102082984,2.2978069565991
EUU,,,,106.954109191895,102.439392089844,4.65688991546631
FIN,533.707641601563,11.7387523651123,13.7467031478882,142.395156860352,98.865608215332,6.37578010559082
FJI,383.335968017578,6.95113611221313,11.3332958221435,98.0927630329298,110.377230542693,4.24679790890603
FRA,510.260589599609,11.268723487854,13.8026580810547,103.78540802002,103.439743041992,5.32434988021851
FSM,379.902587890625,7.18635177612305,11.8226890563965,,82.1598198983817,11.5591397849462
GAB,456.127685546875,6.02492713928223,8.25553798675537,70.2639966402203,100.171603677222,2.31594287726056
GBR,520.3564453125,11.5380058288574,13.8582963943481,112.120048522949,102.171287536621,5.90681982040405
GEO,399.766296386719,8.27399158477783,12.9356689453125,100.959315536762,99.3560206839885,3.98011682083814
GHA,307.275787353516,5.95872831344604,12.1200742721558,75.7174682617188,100.967018127441,2.90963831638452
GIB,,,,78.5279769897461,101.773180642778,
GIN,408.249084472656,4.5682201385498,6.99361658096313,38.5548782348633,100.474517822266,1.72470879088585
GMB,352.899627685547,5.37541961669922,9.52009296417236,107.027125590442,98.6058833319274,2.80838156544977
GNB,,,,,113.436782836914,2.01027011871338
GNQ,,,,,47.5486488342285,
GRC,468.63623046875,9.9642505645752,13.2888927459717,105.191741943359,102.020217895508,3.37547993659973
GRD,394.749145507813,8.27358818054199,13.0994386672974,100.731679432948,110.590518436374,5.12544845968893
GTM,405.257568359375,6.29768991470337,9.71248054504395,49.5765804970836,101.488831252809,3.07588005065918
GUY,346.365905761719,6.76324939727783,12.2039461135864,91.4304496450171,97.5535955044616,4.45058012008667
HKG,548.631408691406,11.8867826461792,13.5414037704468,107.160326941213,103.152955896153,3.80552005767822
HND,399.750793457031,6.1338038444519,9.59004306793213,51.7639813154374,78.9690848390083,4.54962037172702
HPC,,,,42.031810760498,100.075187683105,3.24413772101569
HRV,487.581237792969,10.4461622238159,13.390284538269,105.025161743164,101.157791137695,4.0916600227356
HTI,337.815307617188,6.14986038208008,11.3780002593994,,183.989440244666,0.964648012977964
HUN,495.481231689453,10.2715682983398,12.9565553665161,107.350929260254,102.887977600098,3.8011999130249
IBD,,,,87.8844375610352,105.780838012695,3.6590050458908
IBT,,,,74.2192764282227,102.438049316406,3.51481008529663
IDA,,,,49.8824882507324,97.2686233520508,3.22974322056608
IDB,,,,51.6991004943848,91.0903167724609,3.34005209256916
IDN,394.915100097656,7.82776832580566,12.3883724212647,98.836444459078,100.036318150714,1.27517088245674
IDX,,,,49.2888603210449,100.371231079102,3.21562023947166
IND,399.0,7.10217046737671,11.1249532699585,78.1058073224606,120.520368565055,4.09865814174589
IRL,521.328552246094,11.5947971343994,13.9005393981934,130.604965209961,96.4761428833008,2.90461993217468
IRN,432.108215332031,8.19246196746826,11.849552154541,85.1469802856445,101.962623596191,2.82443290958712
IRQ,363.432495117188,4.03086042404175,6.93192768096924,,,
ISL,497.682769775391,10.7183113098144,13.4602708816528,108.911361694336,98.2218322753906,7.30798006057739
ISR,480.752197265625,10.5865087509155,13.7629480361938,98.5473403930664,97.4422836303711,5.93291997909546
ITA,492.987823486328,10.4518785476685,13.2506809234619,100.678756713867,103.566017150879,4.06775999069214
JAM,387.132995605469,7.05798578262329,11.3946399688721,84.4572372436523,97.2972106933594,5.51383018493652
JOR,429.954071044922,7.6661262512207,11.1438150405884,91.7518621587381,98.5516247069238,3.23356008529663
JPN,537.723449707031,11.7351493835449,13.6398515701294,101.537071228027,101.125762939453,3.33663988113403
KAZ,416.154632568359,9.12743663787842,13.7080001831055,97.198884231219,97.5368516005886,4.86469984054565
KEN,454.958404541016,8.46923923492432,11.6346340179443,84.3083880306996,98.2483475806861,4.02242346098974
KGZ,420.086517333984,8.65210056304932,12.8724975585938,91.339996215143,98.5949565397186,6.82694680798777
KHM,451.889587402344,6.84398031234741,9.46578025817871,58.7893230437643,108.971332849667,2.1809128340295
KIR,411.484497070313,7.38194513320923,11.2123680114746,90.2786712646484,95.2685003274394,16.39053
KNA,409.074462890625,8.47775077819824,12.9526405334473,137.513208876365,121.118748518606,3.49726171629099
KOR,537.209716796875,11.684027671814,13.5934190750122,96.2539901733398,100.866508483887,5.40910005569458
KWT,383.402221679688,7.38203382492065,12.0337619781494,95.3934020996094,82.3634126791806,6.43592667889685
LAC,,,,97.849609375,104.340461730957,3.79014883614714
LAO,368.14208984375,6.25232076644897,10.614652633667,51.8523602531839,93.8514019047136,1.23375160355741
LBN,389.889038085938,6.33523941040039,10.1555166244507,63.7923011779785,81.7691124093498,1.22490869993085
LBR,331.745941162109,2.20650243759155,4.15698862075806,37.7416801452637,66.5939255094706,2.2665256232687
LCA,417.760650634766,8.4803295135498,12.6871833801269,87.8672424011515,96.7822958387075,3.84700018653403
LCN,,,,98.0161209106445,104.589141845703,3.81964993476868
LDC,,,,46.8867797851562,100.6826171875,3.20149725837724
LIE,,,,118.726867675781,102.110137939453,2.55604004859924
LKA,400.0,8.46218395233154,13.2221622467041,87.9534065332114,91.4511421235026,1.82774571561927
LMY,,,,73.9114227294922,102.346519470215,3.45929503440857
LSO,392.911987304688,6.31405115127563,10.0436792373657,59.3586515505342,80.1830208282055,6.62253066096596
LTE,,,,94.1665420532227,100.273399353027,4.03084428001739
LTU,495.886291503906,10.9752321243286,13.8328495025635,104.860809326172,100.533866882324,4.25285005569458
LUX,492.847839355469,9.79557704925537,12.4221620559692,108.577438354492,99.2204437255859,3.74451994895935
LVA,503.869781494141,10.9788007736206,13.6181030273438,101.252647399902,97.5693511962891,4.3196702003479
MAC,560.613525390625,11.5738143920898,12.9030666351318,94.6616766467066,89.8103044496487,3.50183010101318
MAR,380.405212402344,6.31768131256104,10.3798542022705,89.9834863018408,116.588650279809,6.02096928801329
MCO,,,,158.546615600586,120.58309173584,1.73223996162415
MDA,438.620941162109,8.28882122039795,11.8109121322632,99.3439166347193,107.605837807201,6.55709981918335
MDG,350.773315429688,4.71344089508057,8.39830303192139,34.1320359801924,132.73958355273,3.04770386693564
MDV,,,,79.3565296847573,99.7145381635289,5.16706374664829
MEA,,,,65.7879486083984,94.6325531005859,4.38311004638672
MEX,430.065124511719,8.82425403594971,12.8240079879761,103.093322753906,102.280960083008,4.05987977981567
MHL,375.029693603516,5.65948820114136,9.43173313140869,85.7558637219654,101.801289343951,7.70088005065918
MIC,,,,79.1449584960938,103.311218261719,3.56927475138052
MKD,413.617309570313,7.29640483856201,11.0252952575684,90.0724868774414,96.3131713867188,
MLI,307.364959716797,2.57839322090149,5.24293899536133,38.9389470920545,72.7972336510107,4.18465094218116
MLT,474.434997558594,10.1930236816406,13.427845954895,103.027229309082,97.7078399658203,4.71258020401001
MMR,424.631286621094,6.78796720504761,9.9909725189209,77.0191497802734,120.214569091797,1.99976003170013
MNA,,,,,,3.73344993591309
MNE,436.129730224609,8.9080924987793,12.765830039978,93.8724975585938,106.109619140625,
MNG,434.618682861328,9.15325736999512,13.1627712249756,96.8181201904352,92.3400789423552,5.21229982376099
MOZ,368.243591308594,4.47178792953491,7.58972454071045,37.2411918640137,119.162225223393,5.97607342054314
MRT,342.093566894531,4.23143672943115,7.73077392578125,36.0277030077074,105.434763333022,7.61007976531982
MUS,472.767211914063,9.40572452545166,12.4344024658203,90.7246586359898,107.347861424363,4.247389793396
MWI,359.484069824219,5.50565242767334,9.57214260101318,36.644092994481,139.016258677384,2.74888371105811
MYS,445.675323486328,8.88928508758545,12.4660329818726,80.2757406864183,90.3595586965317,3.51481008529663
NAC,,,,98.0855178833008,96.7801818847656,4.84426021575928
NAM,406.661865234375,6.10606479644775,9.38443183898926,81.9566828199727,120.719328687086,9.08440819434816
NER,304.922241210938,2.682461977005,5.4982500076294,19.8664761204349,64.6534815281519,4.07412707618114
NGA,309.024963378906,5.03834247589111,10.1899995803833,46.8931503295898,89.5871124267578,0.319069049792343
NIC,391.990447998047,6.74772310256958,10.758749961853,70.1749572753906,109.536392211914,2.86954998970032
NLD,519.634643554688,11.5390224456787,13.8787689208984,137.514724731445,104.15657043457,5.17918014526367
NOR,513.587829589844,11.2338733673096,13.6708278656006,116.254272460938,98.5439224243164,5.43234014511108
NPL,368.557586669922,7.22666120529175,12.2549734115601,90.3878462155916,124.621898762462,3.68849173764595
NRU,,,,91.5133521769495,99.5668650325592,5.77715015411377
NZL,519.748413085938,11.3902349472046,13.696813583374,114.231056213379,96.6948623657227,5.21326017379761
OED,,,,105.364547729492,100.67236328125,5.05915021896362
OMN,423.513427734375,8.64499092102051,12.7578458786011,95.1220397949219,94.7204132080078,4.38311004638672
OSS,,,,73.5171127319336,102.251792907715,5.00431592836751
PAK,338.656555175781,5.0792350769043,9.37386798858643,48.2805022055997,83.726068200404,1.94658005237579
PAN,376.864685058594,6.48086738586426,10.7480020523071,76.5998992919922,96.9385299682617,2.47225999832153
PER,415.025421142578,8.63224697113037,12.9995756149292,108.289047241211,112.787780761719,4.35778999328613
PHL,361.64599609375,7.49233388900757,12.9483213424683,85.2945085684493,94.0330906383194,3.92501087473821
PLW,463.211456298828,8.69223594665527,11.7282238006592,95.7270847691247,106.937269372694,3.43726476321334
PNG,363.320617675781,5.99894571304321,10.3196477890015,52.0929750873194,121.090488343548,0.782122804685732
POL,530.085815429688,11.3741827011108,13.4107799530029,107.881309509277,105.358512878418,4.31372976303101
PRE,,,,44.7690887451172,98.3118515014648,3.24413772101569
PRI,,,,81.4824139700154,87.9278775085621,4.27101949674789
PRK,,,,94.2515411376953,92.0648422241211,
PRT,508.514892578125,11.3100528717041,13.9008378982544,120.347076416016,110.98851776123,4.55160999298096
PRY,385.544281005859,6.97648620605469,11.309476852417,79.1305613911018,89.4386417386793,3.53410005569458
PSE,412.317749023438,8.04729080200195,12.1982545852661,89.1210984011759,91.4422361153306,5.43442010879517
PSS,,,,83.7621612548828,97.7588119506836,
PST,,,,103.438346862793,99.3445510864258,4.96171021461486
QAT,427.477844238281,8.77822017669678,12.8343200683594,99.578857421875,97.5567016601562,3.23368000984192
ROU,442.161743164063,8.36918926239014,11.8299312591553,81.6316070556641,84.946662902832,3.2788200378418
RUS,497.546234130859,10.8980865478516,13.6897916793823,92.4840470838527,97.7462041476013,4.16454853394225
RWA,358.083984375,3.92577123641968,6.85204315185547,48.790277194547,149.572183149389,4.61476993560791
SAS,,,,76.874153137207,119.026802062988,2.86143825839217
SAU,398.968933105469,7.88817739486694,12.3571290969849,110.66346516974,103.984471859469,4.48087978363037
SDN,379.633666992188,4.30143785476685,7.0815601348877,43.5378608703613,72.3981094360352,
SEN,412.453857421875,4.83831882476807,7.33160591125488,44.0673682244069,85.3279669566335,6.16277045366329
SGP,575.272155761719,12.813289642334,13.9209003448486,103.082801906213,100.245139192048,2.19099857819757
SLB,350.518615722656,4.67510604858398,8.33605194091797,49.0498504638672,81.8445759596103,8.29349080062944
SLE,315.875946044922,4.85470771789551,9.60564613342285,86.9079513549805,162.123997594776,2.62455277942046
SLV,435.922760009766,7.63728857040405,10.9498882293701,62.1425847697468,89.8804082588561,3.31666994094849
SMR,,,,60.3746397694525,93.5309973045822,2.89753007888794
SOM,,,,3.34785008430481,20.9155502319336,8.14262404011e-06
SRB,457.453491210938,9.75260734558105,13.3245878219604,89.8402786254883,95.9914169311523,3.40377998352051
SSA,,,,45.9034194946289,97.1018218994141,3.25853222146531
SSD,335.587432861328,2.51134634017944,4.67714595794678,122.120628356934,98.4412384033203,1.56539228959694
SSF,,,,45.9050216674805,97.1016311645508,3.25853222146531
SST,,,,77.5084533691406,100.858131408691,4.78955296464152
STP,,,,90.4435729980469,110.377998352051,5.0288576428727
SUR,,,,76.1109237670898,91.9199272065514,2.86623341491363
SVK,485.350006103516,9.79978275299072,12.6194791793823,93.1929931640625,102.752586364746,4.65688991546631
SVN,520.809020996094,11.3709392547607,13.6457633972168,107.626876831055,100.884101867676,5.28065013885498
SWE,519.361755371094,11.5808744430542,13.9364252090454,131.96354675293,114.869583129883,7.31909990310669
SWZ,440.304504394531,4.52542972564697,6.42372179031372,82.023935767308,116.527002594136,6.03082905337534
SXM,,,,111.371100164204,135.070755004883,3.92363832601723
SYC,463.379333496094,9.70082473754883,13.0843467712402,70.824577331543,93.3800582885742,4.45409960547034
SYR,,,,38.736930847168,81.4114685058594,
TCA,,,,119.728975687525,125.059584610146,2.94998113247616
TCD,333.111328125,2.83042907714844,5.31059169769287,23.49298947746,88.464521953345,3.20149725837724
TEA,,,,90.9757614135742,100.048690795898,3.01801614079218
TEC,,,,98.6327209472656,97.0421981811523,3.93686432529785
TGO,383.717803955078,5.97273874282837,9.72840404510498,63.4192515229188,114.272773524266,4.14281885166484
THA,426.599975585938,8.68309020996094,12.7213582992554,92.507325535959,101.004223573604,2.52122219628772
TJK,390.565551757813,6.78547477722168,10.8584127426147,86.9035257819264,95.7571411611065,5.43682120015444
TKM,,,,94.6464126735365,95.6921775462619,4.28878021240234
TLA,,,,98.0442428588867,104.723831176758,3.79014883614714
TLS,371.441253662109,6.29272079467773,10.5883512496948,84.7410404382553,119.652693100113,5.24052834781801
TMN,,,,,,3.51486315596325
TON,385.956787109375,7.14021062850952,11.5625162124634,92.4258049730721,108.789986091794,5.31016278046634
TSA,,,,76.874153137207,119.026802062988,2.86143825839217
TSS,,,,45.9050216674805,97.1016311645508,3.25853222146531
TTO,458.288940429688,9.11580753326416,12.4318504333496,95.6815649255588,98.262990670178,3.23358011245727
TUN,384.078735351563,6.49405193328857,10.5675792694092,90.3264236450195,104.424217224121,6.73398856321206
TUR,477.962646484375,9.22749519348145,12.06618309021,118.411979675293,102.43807220459,3.09571003913879
TUV,346.497955322266,5.99778366088867,10.8185768127441,90.6571654790182,101.138952164009,12.8456897735596
TZA,388.480163574219,4.48491764068604,7.21548700332642,28.231330871582,92.6902654262381,3.15504437906936
UGA,397.15966796875,4.33587217330933,6.82325077056885,,106.169578552246,2.56105027176925
UKR,478.17333984375,9.87451553344727,12.9065580368042,86.1695022583008,93.3063201904297,5.14010000228882
URY,437.696624755859,8.55120277404785,12.2105159759522,119.105005958635,104.532465643859,4.76461982727051
USA,511.798675537109,10.556770324707,12.8917512893677,97.4734878540039,96.9717330932617,5.42038011550903
UZB,474.075134277344,9.13336372375488,12.0410289764404,96.8399222342106,94.4316700664149,5.47287597270024
VCT,391.392700195313,7.71073007583618,12.3129692077637,124.871794871795,111.436840631127,6.4582691706334
VEN,,,,97.7908172607422,113.693878173828,
VGB,,,,75.5833129882812,72.7799911499023,3.17283855528435
VNM,519.100280761719,10.6805419921875,12.8594398498535,93.4123434096522,106.332886485835,2.88738689372749
VUT,347.685821533203,5.62425851821899,10.1101665496826,134.670675170038,112.491972007523,7.63695001602173
WLD,,,,77.2785720825195,102.159400939941,3.56927475138052
WSM,369.907897949219,7.24516868591309,12.2415075302124,87.3532286947715,101.043324329961,5.45616637544294
YEM,321.327026367188,4.17876148223877,8.12793731689453,43.6906890869141,76.9753799438477,
ZAF,342.763977050781,5.60340404510498,10.2173156738281,104.133480684239,101.772235793474,6.02110004425049
ZMB,358.140441894531,5.03629302978516,8.78896331787109,56.7889289855957,115.550919335782,4.07374933049157
ZWE,396.138824462891,7.00661039352417,11.054536819458,52.4158515930176,93.0772110334414,0.384771297211919
