geo_id,automation_pct,expected_automation_pct,auto_resid,aui,log_gdp,coding_share,directive,bachelors_plus,broadband,median_hh_income,directive_resid,z_bachelors_plus,z_log_gdp,z_broadband,z_coding_share
AL,49.331103678929765,63.54760467047337,0.8442044735325496,0.3963800287006222,11.4974612400688,10.777957860615883,38.54515050167224,28.889669436722325,89.44956118437568,62212,-0.4771472969173871,-1.0280077144906268,-1.15559200717585,-1.3401973912696683,-0.47088769855098767
AR,46.18973561430793,67.67146979789625,-2.474994700193186,0.3559565309798594,11.480746913675384,5.135951661631419,36.70295489891135,26.176781086431205,88.3805361631509,58700,-2.4188470478839577,-1.4050320677136277,-1.2297184872045086,-1.9488165730631835,-1.347733321367901
AZ,48.157641781480294,53.92191226928835,0.08582587844740175,0.6980118332309821,11.655546914204145,17.215428033866417,37.74431272028196,33.51516255314787,92.31919763716309,77315,-1.0457281315659657,-0.38517862409675097,-0.4544967736146078,0.2935490180887587,0.5295840032428141
CA,50.351793287735035,49.95579916550845,2.451005842298052,2.126665498802744,11.971942803168192,21.982627825823094,42.327964501973476,37.487788587830714,94.19941114537596,95521,3.6336214224544037,0.1669180964197527,0.9486895105590726,1.3639954381871062,1.2704726381087792
CO,46.06274672761271,51.31147661392392,-1.8965008315257919,1.3043920503162054,11.84787078980483,18.932038834951456,36.83773114481612,46.43288724422466,94.49313726984043,92911,-1.8893228807640199,1.4100654729348816,0.3984416929552668,1.5312201055182142,0.7963690109024266
CT,45.18479958355023,58.248306040429426,-3.0735809570179953,0.8704291660918975,11.94802956214914,10.020345879959306,36.283185840707965,42.90423692596884,92.56484373538171,91665,-2.6112459438445867,0.9196703913061911,0.8426365149972804,0.4334006813709731,-0.5886310553647296
DC,43.48072562358277,53.53299424853633,-4.574319187078331,3.8194718815935618,12.833789349305954,7.012700165654334,36.11111111111111,65.94418525674078,92.13351540160096,108210,-2.669545593782196,4.121653110856183,4.770898631425324,0.1878360852409046,-1.056060704776858
DE,52.78450363196126,65.97980319962105,4.192722101697733,0.7215895102511056,11.983740050796722,3.3783783783783785,43.09927360774819,36.46324240149735,92.77923931192483,81361,4.018289640859649,0.024531527798903094,1.0010092044639314,0.555460743376182,-1.6208844640372893
FL,50.0,51.804258356470804,2.0195024918172066,0.694255522529669,11.672464741347582,24.56249352801077,39.31914893617021,34.91620625422075,92.91431501732802,73311,0.5802046508390006,-0.19046821694804628,-0.37946778672283965,0.6323622785792467,1.6714193702881803
GA,49.521178637200734,51.60015981717977,1.5494823551703831,0.7969123844249343,11.702372010109087,18.498563218390803,40.018416206261506,35.41558613658026,92.37080791048395,74632,1.2843965852135995,-0.12106676991135953,-0.24683183667732983,0.32293186853382544,0.7290009181400533
IA,50.0,64.75585233752167,1.4609982121796605,0.3834677535905934,11.747294502190202,8.198924731182796,39.726027397260275,31.549672848125365,89.93212153662424,71433,0.6745759645879872,-0.6583330591928562,-0.04760477040440417,-1.0654652934044402,-0.8717050374348501
ID,45.31772575250836,61.27045644980549,-3.0709772749919324,0.503002794368721,11.526051686209733,2.9654036243822075,36.95652173913044,32.14258361772653,92.81248806672812,74942,-2.0108310777407326,-0.5759331331495148,-1.0287960427443312,0.5743899822080765,-1.6850664398459323
IL,46.70623145400594,50.422370916308445,-1.2146757017895595,0.8811237163626064,11.835734834592671,20.566146735990756,37.52225519287833,38.27775836425594,91.64663888148337,80306,-1.1833457292727587,0.27670434840114283,0.3446198624795158,-0.08935330081195256,1.050331929357701
IN,45.540691192865104,57.619170665050824,-2.690559497884294,0.4348039897157123,11.69112421239755,14.582195521572912,35.395763656633214,30.214670951273792,90.8075158237325,69477,-3.483487810983938,-0.8438652896873148,-0.29671477140086544,-0.5670842974609236,0.12034333231279244
KS,45.73643410852713,68.78985538973093,-2.976523716830066,0.5183784141223926,11.746536279190936,7.943416757344941,36.434108527131784,35.81915826795321,91.62748035074138,70333,-2.7146787846651534,-0.06498022960335609,-0.05096741875106638,-0.10026066880900522,-0.9114145025706502
KY,51.38297872340426,63.5543833173474,2.8957872062425736,0.3466248935539725,11.521436055464946,8.116545265348595,42.12765957446808,27.84642492215848,90.05207695498983,61118,3.1051982148835293,-1.172992888065746,-1.0492659349894606,-0.9971720662789231,-0.8845079432593272
LA,47.63779527559055,67.19066910908253,-1.0062017420864109,0.3754584759332098,11.637332720599437,10.12536162005786,38.48425196850394,26.991520493939042,88.010458499985,58229,-0.6259488076616648,-1.2918034499092974,-0.5352750249600736,-2.159509831017074,-0.5723101601397529
MA,45.25488938762424,49.83841444187228,-2.640836142606723,1.4234039277139832,12.02205146543397,19.11187823630943,36.389868547611414,47.78163561635906,93.87993647946578,99858,-2.3016421728035468,1.5975081233520947,1.1709167583272022,1.1821115665194066,0.8243185356511121
MD,47.49864056552474,53.67088563176016,-0.5623504574534195,0.984597447574848,11.81579957541326,16.272896203875764,38.907014681892335,43.746985123,92.91324120492386,98678,0.12303081565678298,1.036791537807273,0.2562088456879067,0.6317509338362867,0.3831015499548902
MI,48.91550663645193,55.14366003984071,0.7910059936495912,0.5127367276389831,11.606649986480592,18.32909783989835,38.68565878925219,32.675642878506636,91.56976383273906,69183,-0.13386143873308498,-0.5018510858719024,-0.6713500916035681,-0.1331199370816026,0.7026636597058342
MN,48.645598194130926,53.204651783763836,0.6047123103193286,0.7748942666348392,11.822675419561337,16.451969083548033,39.27765237020316,39.98924287879845,92.16756979942264,85086,0.5049181933915037,0.5145583471023162,0.28670257375841735,0.20722399415528522,0.4109319466556438
MO,49.70430864545198,57.680990183365765,1.470392146494376,0.9866031486526072,11.6485870945269,20.08627662442707,39.56631934666291,33.22479152029813,90.74182666861222,68545,0.6855762447846061,-0.42553301274791594,-0.4853629253317133,-0.6044825613445961,0.9757534918293945
NC,46.27722772277228,51.49317479146707,-1.6898551043578394,0.7685642805938462,11.68736901275125,18.287037037037035,37.2079207920792,36.79334714470097,91.53061612427433,70804,-1.5235174026791967,0.07040791902187181,-0.31336873190356496,-0.15540757845747452,0.696126830503529
NE,50.0,65.97980319962105,1.4082184697364752,0.5152675263175608,11.904937242166904,2.5974025974025974,39.53488372093023,35.2863959805576,92.07127972241062,74590,0.4538997540416929,-0.13902100492880684,0.6515260914381177,0.152403960271753,-1.7422588778402899
NH,46.83195592286501,67.5157117654335,-1.8260577258847164,0.853436852915324,11.806319034582089,10.461956521739133,37.60330578512397,40.74832802277478,93.85909923387996,96838,-1.5147378985207425,0.6200523993799015,0.2141635305467848,1.1702484696718278,-0.5199986674202237
NJ,48.49005646943285,55.392116071573994,0.3548417973590716,0.8464216079702884,11.838641003608895,15.65728175005064,39.258531794745885,43.77591063603724,94.04675540779498,99781,0.433016606925527,1.0408114683891332,0.357508451254827,1.2770852085311357,0.28742656837182384
NM,44.97681607418856,64.32773277444251,-3.5437241552686842,0.5237041605533537,11.570581320878922,7.239819004524888,35.08500772797527,31.64805986443761,88.60445025566789,62268,-3.9561136693689747,-0.6446596984050139,-0.8313112624848414,-1.8213374130117246,-1.0207633029840788
NV,48.560641812175554,61.26761757251076,0.17206120397908364,1.080031690429606,11.720234567084,20.421245421245423,38.31996224634261,28.7207428548858,93.91059741892813,76364,-0.6473220716668422,-1.051484329461624,-0.1676130610177085,1.199567505826811,1.0278122654130335
NY,45.8578158911651,48.5217511921296,-1.9811319126409401,1.5760184933238062,12.09643906949629,23.90168175937905,37.13408501402784,40.63985601889212,92.00143880341139,82095,-1.525656128311411,0.6049774748618048,1.5008188505274285,0.11264200696562687,1.568720102262753
OH,47.80990552533639,55.91328551049994,-0.3477832423956002,0.5011465126496323,11.725222893266267,17.279821627647713,37.38906384196966,32.03405927936597,91.1706789221503,67769,-1.4490265682425019,-0.5910153308650801,-0.1454902992370218,-0.3603276515188051,0.5395916563458439
OK,49.59443800695249,68.64054472494264,0.8879188211482116,0.3582911393837469,11.53708941352069,11.61217587373168,39.39745075318656,28.714199449341216,90.17579077531063,62138,0.2522661369334145,-1.0523937009228777,-0.9798447506719394,-0.9267390992245776,-0.34123870713242604
OR,45.3184957789716,55.79814578252241,-2.834227883235471,1.0193010648621166,11.697921784891763,15.508221225710017,35.149654643131235,37.651929491014286,93.3018464084929,80160,-3.6856575771539895,0.18972962047439526,-0.2665681708214903,0.8529923232716051,0.26426050585909655
PA,46.32538297459764,50.92441355025792,-1.6171734824368826,0.6671707647604618,11.72737580961952,19.55656623081296,37.32790382005041,35.3433745436433,91.02178370533538,73824,-1.389810816567696,-0.13110239453237948,-0.13594231583006386,-0.4450969349608716,0.8934291866762454
RI,47.38878143133462,65.97980319962105,-1.2030000989289036,0.7639645348007197,11.644951188035462,3.795066413662239,37.33075435203095,39.04662851417623,92.85958826974188,84972,-1.750229614857588,0.38355827438562407,-0.5014878318089366,0.601205151592697,-1.5561253930733834
SC,51.4792899408284,59.807409284301535,3.1536770707590094,0.4216480893338432,11.533814458056227,14.213197969543147,41.86390532544378,32.916376755022306,90.82628586700022,67804,2.9318541630860295,-0.46839503373380154,-0.9943688729797849,-0.5563981038274561,0.06299602057362894
TN,46.99828473413379,54.371964726623354,-1.092938527086119,0.5372917845688571,11.683678753438203,12.247474747474747,37.77873070325901,31.683342568999347,91.03538456320136,67631,-1.0221693995661596,-0.6397562755030284,-0.3297346880797503,-0.4373536709382957,-0.24250449504978214
TX,47.53808787811879,49.33930620662084,-0.3361148892925456,0.7092668371335306,11.790278360260846,24.120855461461176,37.712519319938174,34.241614359098385,92.48309488488448,75780,-0.966948489693678,-0.28421979832834665,0.14302463468387958,0.3868592838224069,1.6027827201559917
UT,73.39932339305851,58.33981918012179,25.13699658300129,3.782670557286112,11.777080641571123,12.661870503597122,67.66069414860293,38.38698832001051,94.14769384142221,93421,28.76405425667214,0.29188460947474176,0.08449398212566654,1.3345516528762291,-0.17810167590094597
VA,50.28543665735455,52.10617681138198,2.2919196899904293,1.569808047970331,11.820455572085569,20.91232227488152,41.297218510870884,42.42534666348867,92.13470598089147,89931,2.5509892785893697,0.8531164944394054,0.27685775706009064,0.18851390791040512,1.1041323853120546
VT,43.60189573459716,72.00415009510634,-5.249670307755949,1.0998703556170335,11.622341208136167,3.488372093023255,36.018957345971565,43.67210957973921,92.02645093915855,81211,-3.20738722021121,1.0263856900077892,-0.6017609857491215,0.1268819595309136,-1.6037899228719334
WA,44.169416941694166,49.43739804217266,-3.7090157845958487,1.5094838436735678,12.015073495187858,22.268344938403857,35.16226622662266,40.45106716381214,94.14761395753023,94605,-3.5195684267931,0.578740495380286,1.139970110528536,1.3345061732400998,1.31487702029032
WI,46.37002341920375,61.4697029393373,-2.027271602244859,0.4844873987423783,11.688743077810114,11.142857142857144,36.70960187353629,33.75427820114396,91.60538064121619,74631,-2.2625585332077804,-0.3519474656815689,-0.30727488140988485,-0.1128425138192252,-0.4141773144929421
WV,50.44642857142857,65.97980319962105,1.8546470411650446,0.2343635744496908,11.491444141360278,6.097560975609757,41.07142857142857,23.98939342560746,86.82797144870395,55948,1.9904446045400306,-1.7090248280428713,-1.1822772792442142,-2.832725412825961,-1.1982859637996568
