geo_id,ai_autonomy_mean,ai_education_years_mean,artifact_academic_paper_or_thesis_pct,artifact_advice_or_recommendation_pct,artifact_analysis_or_summary_pct,artifact_app_or_website_pct,artifact_audio_or_music_pct,artifact_blog_or_article_pct,artifact_chart_or_visualization_pct,artifact_code_fix_or_debug_pct,artifact_config_or_infra_pct,artifact_creative_writing_pct,artifact_data_or_spreadsheet_pct,artifact_document_or_report_pct,artifact_educational_material_pct,artifact_email_or_message_pct,artifact_explanation_or_answer_pct,artifact_game_or_interactive_pct,artifact_idea_or_brainstorm_pct,artifact_image_or_graphic_pct,artifact_marketing_or_social_content_pct,artifact_math_or_calculation_pct,artifact_ml_or_ai_system_pct,artifact_none_pct,artifact_other_pct,artifact_plan_or_strategy_pct,artifact_presentation_or_slides_pct,artifact_recipe_or_meal_plan_pct,artifact_resume_or_job_application_pct,artifact_script_or_snippet_pct,artifact_sql_or_database_query_pct,artifact_translation_pct,artifact_ui_or_design_mockup_pct,artifact_video_or_animation_pct,collaboration_bucket_augmentation_pct,collaboration_bucket_automation_pct,collaboration_directive_pct,collaboration_feedback_loop_pct,collaboration_learning_pct,collaboration_none_pct,collaboration_task_iteration_pct,collaboration_validation_pct,human_education_years_mean,human_only_ability_pct,human_only_time_mean,human_with_ai_time_mean,multitasking_pct,usage_pct,usage_per_capita_index,use_case_coursework_pct,use_case_personal_pct,use_case_work_pct,wave
AK,2.65,12.29,0.29,11.49,6.75,3.3,0.0,0.29,3.16,2.87,0.86,1.72,2.73,15.66,2.44,4.17,19.83,1.44,0.57,0.43,2.16,2.16,0.29,6.9,0.0,4.02,0.72,0.86,1.15,2.73,0.14,0.14,0.57,0.14,52.08,47.92,27.83,18.84,21.74,2.61,26.23,2.75,11.66,91.26,4.16,45.25,27.79,0.11,0.53,9.89,49.0,41.12,2026-04
AL,2.71,12.27,0.94,12.99,5.67,3.64,0.02,0.58,1.79,2.66,1.47,2.86,2.43,14.4,2.52,4.24,17.06,0.67,1.07,0.49,2.21,2.05,0.42,7.84,0.07,4.06,1.67,0.74,1.34,2.86,0.31,0.16,0.63,0.13,48.03,51.97,32.48,17.9,16.17,3.05,26.9,3.5,11.67,91.3,4.45,42.16,25.04,0.72,0.48,15.13,47.08,37.8,2026-04
AR,2.72,12.34,0.65,11.74,6.93,3.59,0.0,0.3,1.95,2.9,1.56,2.6,2.77,15.85,1.95,4.37,16.33,0.65,0.78,0.56,2.56,2.12,0.09,7.67,0.04,4.46,1.3,1.17,1.3,2.6,0.52,0.17,0.39,0.13,46.75,53.25,34.14,17.77,14.34,2.52,27.58,3.65,11.74,91.21,4.25,38.73,26.2,0.37,0.42,12.95,47.49,39.56,2026-04
AZ,2.7,12.3,0.63,13.11,5.74,3.91,0.05,0.4,1.66,2.58,1.7,1.7,2.71,13.88,1.64,5.6,17.21,0.46,0.83,0.78,2.41,1.83,0.37,7.29,0.17,4.5,1.64,0.93,1.88,2.83,0.33,0.23,0.76,0.26,48.94,51.06,31.84,17.77,15.25,2.84,29.1,3.2,11.62,90.97,4.34,40.96,26.58,2.07,0.94,11.61,45.92,42.48,2026-04
CA,2.67,12.53,0.74,13.95,6.42,2.79,0.02,0.41,1.88,2.26,1.34,1.43,2.68,13.59,1.67,6.2,18.5,0.28,0.91,0.61,2.05,1.71,0.33,7.57,0.15,4.12,1.63,0.73,1.9,2.61,0.3,0.38,0.69,0.14,51.78,48.22,31.55,15.39,18.28,2.65,28.74,3.39,11.94,92.02,4.02,38.83,25.26,18.48,1.56,11.29,45.71,43.0,2026-04
CO,2.68,12.42,0.61,13.95,5.96,2.98,0.01,0.37,1.72,2.23,1.35,1.36,2.91,15.35,1.27,5.91,17.26,0.34,0.82,0.68,2.35,1.69,0.3,7.9,0.15,4.39,1.72,1.1,1.68,2.42,0.23,0.25,0.63,0.1,50.43,49.57,31.73,16.47,16.49,2.78,29.38,3.15,11.9,92.62,4.03,39.58,26.11,2.65,1.46,9.35,46.3,44.36,2026-04
CT,2.68,12.48,1.16,13.3,6.2,3.0,0.04,0.45,1.86,2.05,1.27,1.3,2.86,13.61,2.0,6.04,18.6,0.42,0.98,0.67,1.9,1.95,0.33,7.45,0.15,3.89,2.02,0.75,2.02,2.68,0.18,0.2,0.6,0.07,51.03,48.97,32.17,15.43,17.49,2.8,28.78,3.33,11.91,92.38,4.02,38.35,24.06,1.16,1.07,15.72,46.15,38.14,2026-04
DC,2.66,13.26,1.85,10.59,7.77,2.29,0.02,0.8,1.98,1.81,1.16,1.2,2.39,16.58,2.06,6.22,15.13,0.23,1.11,0.57,1.81,1.53,0.36,8.17,0.1,3.89,3.11,0.73,2.71,2.73,0.21,0.46,0.27,0.15,55.24,44.76,32.42,11.46,15.8,1.96,34.22,4.14,12.96,92.96,4.21,38.31,23.63,0.85,3.72,19.74,36.86,43.41,2026-04
DE,2.69,12.12,0.67,15.92,5.33,3.92,0.0,0.5,1.51,2.86,0.95,1.46,2.58,12.72,1.68,4.88,19.06,0.45,0.95,0.78,2.19,1.85,0.34,7.12,0.17,4.54,2.13,0.5,0.95,2.69,0.62,0.17,0.45,0.06,50.15,49.85,31.72,16.62,18.48,3.04,27.44,2.7,11.41,91.14,4.16,38.8,25.0,0.29,0.97,11.89,50.87,37.24,2026-04
FL,2.73,12.3,0.6,12.88,5.93,4.03,0.04,0.43,1.59,2.52,1.57,1.6,2.88,14.89,1.88,5.91,15.65,0.37,0.79,0.82,3.06,1.53,0.41,8.14,0.17,4.47,1.53,0.65,1.4,2.56,0.4,0.29,0.82,0.2,46.6,53.4,34.72,17.34,14.3,2.5,28.26,2.88,11.57,89.71,4.49,39.34,26.07,6.96,1.04,9.65,43.06,47.29,2026-04
GA,2.71,12.37,0.85,13.13,5.49,3.81,0.05,0.43,1.73,2.69,1.27,1.78,2.66,13.96,1.92,5.57,16.72,0.37,0.91,0.7,2.67,1.74,0.37,6.93,0.12,4.68,2.0,0.64,2.22,2.93,0.39,0.32,0.76,0.18,50.18,49.82,31.9,16.77,15.84,2.32,29.87,3.3,11.72,90.77,4.48,40.69,26.53,3.12,0.93,13.33,44.15,42.52,2026-04
HI,2.7,12.18,0.82,14.1,5.53,3.08,0.0,0.32,1.67,1.31,1.52,1.95,2.34,15.38,1.28,5.67,17.86,0.39,0.71,0.43,2.45,1.59,0.25,9.0,0.28,4.82,1.31,0.82,0.74,2.55,0.21,0.5,1.03,0.11,48.96,51.04,33.56,16.3,16.83,2.31,28.04,2.95,11.52,91.38,4.08,39.38,26.32,0.45,1.16,8.09,48.72,43.19,2026-04
IA,2.67,12.49,0.82,12.42,6.21,3.33,0.08,0.74,2.01,2.71,1.73,2.22,2.8,13.24,1.89,4.28,18.05,0.53,0.9,0.58,2.51,2.59,0.25,7.36,0.12,3.78,1.77,0.86,1.23,3.5,0.62,0.12,0.66,0.08,48.72,51.28,32.91,16.85,15.56,2.98,28.06,3.64,11.93,92.31,3.92,41.88,24.34,0.39,0.42,18.05,43.79,38.16,2026-04
ID,2.74,12.43,0.4,11.99,5.77,3.63,0.08,0.48,1.82,2.62,1.33,0.97,2.83,15.79,1.49,5.21,16.88,0.4,1.05,0.89,3.19,1.82,0.32,9.81,0.24,3.63,1.09,0.77,1.09,2.91,0.12,0.24,0.93,0.2,45.55,54.45,35.63,17.23,13.74,2.92,26.96,3.53,11.84,90.55,4.15,38.77,24.92,0.4,0.69,9.13,45.05,45.82,2026-04
IL,2.69,12.29,0.78,13.82,5.8,3.08,0.03,0.46,1.83,2.64,1.44,1.46,2.63,12.38,1.86,5.56,18.28,0.37,0.93,0.59,1.84,2.07,0.24,9.11,0.22,3.88,1.77,0.74,2.07,2.67,0.36,0.35,0.63,0.1,50.89,49.11,31.17,15.75,17.91,4.46,27.33,3.37,11.67,92.2,4.02,38.71,24.29,3.82,1.01,14.35,46.93,38.72,2026-04
IN,2.7,12.46,1.23,11.54,5.15,3.19,0.05,0.38,2.11,3.17,1.5,1.88,2.35,13.65,2.01,4.46,17.69,0.52,0.92,0.61,1.67,3.05,0.32,9.31,0.09,3.64,2.2,0.65,1.86,3.31,0.42,0.26,0.72,0.1,50.49,49.51,30.45,16.66,16.68,4.86,27.57,3.78,11.85,90.83,4.26,41.55,24.63,1.32,0.65,21.58,43.11,35.31,2026-04
KS,2.69,12.23,0.62,13.09,6.33,3.03,0.08,0.51,1.71,2.84,1.63,2.72,2.25,12.43,1.98,4.7,18.84,0.66,1.09,0.74,2.33,1.86,0.12,7.11,0.12,4.58,1.44,0.39,1.86,3.26,0.39,0.58,0.51,0.19,49.48,50.52,30.33,18.77,16.9,2.81,28.18,3.01,11.47,90.4,4.37,45.54,24.9,0.42,0.49,13.17,49.53,37.3,2026-04
KY,2.72,12.27,0.84,13.59,6.86,3.86,0.06,0.41,1.28,2.59,1.68,3.33,2.77,13.65,2.27,4.02,17.67,0.56,1.06,0.72,2.21,2.06,0.19,6.98,0.22,3.86,1.28,0.78,1.43,2.77,0.31,0.12,0.44,0.12,48.03,51.97,32.54,17.66,15.72,3.41,27.35,3.31,11.63,91.39,4.42,42.33,23.74,0.52,0.39,12.19,48.89,38.91,2026-04
LA,2.71,12.35,1.3,14.14,5.58,3.87,0.0,0.54,1.52,2.71,1.33,2.52,2.57,15.12,2.25,4.61,16.93,0.51,0.79,0.57,1.9,1.52,0.22,7.61,0.16,4.09,1.71,0.62,1.35,2.87,0.22,0.14,0.65,0.08,48.63,51.37,32.72,17.2,15.46,2.84,28.68,3.11,11.68,90.84,4.47,39.59,25.16,0.6,0.45,14.41,45.59,40.0,2026-04
MA,2.67,12.92,1.68,13.15,6.47,2.58,0.03,0.57,2.02,2.52,1.23,1.34,2.76,13.42,1.88,5.87,18.23,0.36,0.91,0.62,1.75,2.21,0.26,6.65,0.11,3.69,2.45,0.81,2.16,3.13,0.2,0.29,0.55,0.12,53.66,46.34,30.44,14.85,18.43,2.25,30.14,3.88,12.45,92.21,4.09,39.57,24.35,3.2,1.49,19.03,42.66,38.32,2026-04
MD,2.67,12.4,0.81,14.42,5.68,2.87,0.03,0.33,1.98,2.33,1.41,1.88,2.39,14.3,1.93,5.55,17.84,0.44,0.95,0.72,1.98,2.18,0.31,6.58,0.11,3.78,1.87,0.75,2.39,2.85,0.27,0.32,0.56,0.17,51.67,48.33,31.4,15.8,16.9,2.33,29.93,3.62,11.79,92.22,4.18,40.29,26.24,1.95,1.06,13.65,47.35,38.99,2026-04
ME,2.7,12.46,0.85,12.93,6.86,3.4,0.0,0.26,1.5,2.09,1.76,2.02,2.74,14.24,1.7,5.88,18.94,0.59,1.11,0.39,2.35,2.42,0.13,6.27,0.0,3.92,1.24,1.31,1.24,2.61,0.13,0.2,0.85,0.07,51.51,48.49,30.02,17.14,17.53,2.75,28.84,3.73,11.87,91.25,3.8,40.11,26.57,0.25,0.62,12.72,48.34,38.94,2026-04
MI,2.68,12.4,0.84,13.33,6.07,3.56,0.02,0.37,1.73,2.63,1.32,2.01,2.35,13.8,2.17,4.73,18.31,0.56,0.81,0.64,2.02,2.02,0.3,7.61,0.12,3.95,1.83,0.73,1.91,2.89,0.23,0.23,0.73,0.15,49.63,50.37,32.31,16.7,16.65,2.7,28.11,3.52,11.8,91.44,4.16,39.83,25.07,1.97,0.67,15.82,45.7,38.48,2026-04
MN,2.68,12.16,0.62,15.33,5.55,2.98,0.03,0.38,1.79,2.38,1.66,2.09,2.44,12.92,1.82,5.11,19.35,0.47,1.04,0.68,2.11,1.66,0.17,7.65,0.1,4.02,1.59,1.02,1.56,2.21,0.32,0.19,0.58,0.16,50.29,49.71,31.07,16.91,17.21,3.5,27.75,3.57,11.48,92.02,4.06,40.0,25.42,1.41,0.84,10.83,50.68,38.48,2026-04
MO,2.72,12.39,0.82,13.79,6.05,3.25,0.03,0.42,1.68,2.31,1.91,2.36,2.36,14.56,1.79,4.65,17.95,0.59,0.71,0.56,2.25,1.58,0.4,7.71,0.15,3.65,1.59,0.73,1.83,2.91,0.38,0.19,0.68,0.13,49.44,50.56,32.35,16.85,16.31,2.69,28.18,3.63,11.8,91.35,4.14,39.45,24.13,1.28,0.71,11.86,46.64,41.5,2026-04
MS,2.72,12.54,0.67,10.83,5.11,4.37,0.07,0.34,2.22,3.84,1.68,3.36,2.56,15.88,4.44,5.05,15.48,0.67,0.74,0.67,2.42,1.62,0.27,6.26,0.13,3.36,1.75,0.67,1.35,2.96,0.13,0.2,0.81,0.07,48.58,51.42,34.06,16.25,14.01,2.17,30.06,3.45,11.93,90.04,4.49,41.72,26.78,0.24,0.28,17.83,43.27,38.9,2026-04
MT,2.7,12.44,0.42,12.51,6.26,2.37,0.0,0.42,1.86,2.62,1.52,1.86,2.28,15.3,1.94,6.0,17.24,0.51,0.93,0.85,1.69,2.03,0.51,8.2,0.08,4.4,1.44,0.85,1.44,3.38,0.17,0.34,0.51,0.08,47.69,52.31,33.67,17.35,13.18,2.47,29.59,3.74,11.96,91.97,3.81,38.33,25.61,0.19,0.59,10.66,42.98,46.36,2026-04
NC,2.69,12.37,0.86,13.7,5.61,3.36,0.02,0.41,1.73,2.34,1.45,1.97,2.66,13.8,1.98,5.44,17.34,0.38,0.97,0.71,2.34,2.07,0.23,7.2,0.05,4.17,1.84,0.79,2.08,2.89,0.31,0.35,0.8,0.15,50.56,49.44,31.48,16.62,16.36,2.7,29.59,3.25,11.78,91.36,4.32,41.11,25.99,2.87,0.89,13.72,45.99,40.3,2026-04
ND,2.72,12.4,0.72,13.26,4.84,3.76,0.0,0.18,2.51,2.33,2.33,2.87,3.41,14.7,3.05,1.97,16.49,0.72,1.43,0.18,1.61,2.15,0.0,6.27,0.0,3.23,3.76,0.9,1.25,4.66,0.72,0.0,0.54,0.18,49.54,50.46,31.96,16.88,14.9,3.23,28.37,4.67,11.87,91.4,4.22,38.85,25.94,0.09,0.39,17.71,43.29,39.0,2026-04
NE,2.7,12.1,0.52,14.14,5.67,3.74,0.04,0.34,1.63,2.66,1.38,2.88,2.28,14.31,1.85,4.56,17.83,0.39,0.95,0.73,2.19,1.59,0.47,7.35,0.04,4.04,1.12,1.12,1.72,3.05,0.47,0.13,0.56,0.26,49.25,50.75,31.62,17.66,16.03,2.89,27.92,3.88,11.35,90.46,4.47,41.83,25.44,0.38,0.65,11.51,48.75,39.73,2026-04
NH,2.7,12.6,0.75,13.4,6.73,3.04,0.0,0.47,1.87,2.52,1.63,1.59,2.52,14.76,1.91,5.7,17.19,0.65,1.03,0.84,2.48,1.68,0.47,7.24,0.05,4.02,1.87,0.56,1.4,2.57,0.14,0.33,0.37,0.23,50.1,49.9,31.93,16.92,15.94,2.11,29.77,3.33,12.05,91.78,4.44,40.22,24.29,0.35,0.83,13.03,47.22,39.75,2026-04
NJ,2.69,12.52,0.85,13.92,6.33,3.37,0.01,0.46,2.05,2.28,1.33,1.37,2.97,13.43,1.97,5.48,17.32,0.23,0.71,0.56,2.08,1.72,0.3,7.41,0.16,4.38,2.11,0.73,2.34,2.63,0.36,0.26,0.72,0.16,50.81,49.19,32.79,15.22,16.84,2.39,29.33,3.42,11.87,91.03,4.3,38.73,25.03,2.73,0.98,12.36,45.31,42.33,2026-04
NM,2.71,12.44,0.91,12.75,6.69,2.57,0.06,0.34,1.83,2.8,1.49,2.17,2.34,14.75,1.72,5.09,18.24,0.46,0.86,0.46,3.03,1.72,0.34,7.38,0.06,3.43,1.03,1.66,1.49,2.97,0.4,0.23,0.69,0.06,49.58,50.42,29.6,19.05,15.83,3.5,27.88,4.13,11.92,90.57,4.33,43.27,25.93,0.28,0.47,11.54,48.29,40.17,2026-04
NV,2.71,12.41,1.18,12.92,6.49,3.58,0.01,0.59,1.96,2.85,1.87,2.05,2.39,13.32,1.36,5.12,16.97,0.32,0.87,0.71,2.76,1.34,0.52,8.17,0.18,4.82,1.25,0.69,1.17,3.08,0.35,0.32,0.59,0.19,47.87,52.13,32.23,18.38,16.85,2.92,26.77,2.85,11.79,89.8,4.59,43.15,25.29,1.09,1.12,9.18,46.02,44.8,2026-04
NY,2.67,12.48,0.89,14.73,6.19,2.9,0.02,0.46,1.87,2.02,1.08,1.35,2.81,13.26,1.84,6.37,17.91,0.28,0.86,0.55,2.05,1.67,0.31,7.44,0.19,4.15,1.98,0.85,2.09,2.39,0.29,0.37,0.67,0.16,53.29,46.71,30.84,14.7,17.9,2.5,30.22,3.83,11.86,92.4,4.03,39.35,24.99,9.02,1.54,12.43,46.57,41.0,2026-04
OH,2.68,12.3,0.84,13.63,5.47,4.02,0.04,0.4,1.59,2.42,1.69,2.02,2.72,13.19,2.19,4.39,18.77,0.45,0.89,0.72,2.08,2.06,0.3,7.44,0.15,3.88,1.87,0.91,1.44,2.95,0.36,0.28,0.67,0.16,48.51,51.49,32.6,17.37,16.61,2.98,26.89,3.56,11.66,91.41,4.15,39.61,24.07,2.07,0.6,14.32,48.04,37.64,2026-04
OK,2.69,12.16,0.79,13.81,5.37,3.5,0.03,0.45,1.58,2.08,1.74,2.66,2.42,14.47,2.18,4.13,18.36,0.5,1.0,0.71,2.32,1.63,0.39,7.55,0.08,4.31,1.24,1.1,1.05,3.05,0.47,0.18,0.63,0.21,49.63,50.37,30.78,17.91,16.46,3.33,28.13,3.39,11.5,91.32,4.32,42.52,27.58,0.61,0.52,12.79,48.82,38.39,2026-04
OR,2.67,12.24,0.52,14.05,6.47,3.01,0.01,0.46,1.64,2.4,1.85,2.41,2.49,13.41,1.45,5.01,19.5,0.49,1.21,0.6,2.18,1.64,0.29,7.18,0.1,3.81,1.23,0.93,1.73,2.56,0.41,0.22,0.6,0.16,51.37,48.63,30.35,16.96,17.87,2.72,28.34,3.76,11.65,92.09,4.04,41.16,26.95,1.27,1.01,9.39,51.5,39.1,2026-04
PA,2.68,12.55,1.06,13.46,6.14,3.26,0.0,0.41,1.82,2.79,1.39,1.76,2.76,13.29,2.3,4.86,18.73,0.48,0.8,0.66,1.95,2.18,0.33,7.09,0.11,3.55,2.07,0.76,1.89,2.78,0.28,0.28,0.63,0.1,51.07,48.93,31.85,15.81,17.77,2.59,28.3,3.68,11.95,91.84,4.06,40.43,24.68,3.26,0.86,17.44,45.38,37.17,2026-04
RI,2.66,12.71,1.52,10.57,6.0,3.09,0.05,0.42,2.22,3.92,1.52,2.22,2.58,14.17,2.54,5.12,16.38,0.55,1.11,0.65,2.08,2.72,0.42,6.65,0.28,3.92,1.8,0.6,2.12,3.41,0.32,0.42,0.46,0.18,50.05,49.95,31.55,17.05,14.73,2.7,30.62,3.35,12.25,90.96,4.2,40.11,25.24,0.35,1.06,19.43,41.58,38.99,2026-04
SC,2.72,12.51,1.09,12.52,5.96,4.18,0.02,0.5,1.65,2.34,1.67,1.96,2.78,16.15,2.05,5.91,15.3,0.63,0.69,0.75,2.8,1.44,0.29,7.02,0.23,3.74,1.73,0.73,1.38,2.68,0.44,0.25,1.0,0.1,47.78,52.22,34.69,16.17,14.04,2.63,29.45,3.03,11.93,90.27,4.65,41.13,25.62,0.78,0.5,12.53,42.33,45.14,2026-04
SD,2.73,12.52,0.69,10.21,5.71,4.67,0.0,0.17,2.42,2.94,1.9,2.94,3.63,14.19,0.69,4.5,18.17,0.69,0.87,0.17,3.11,2.42,0.0,7.27,0.0,3.29,1.04,1.21,1.38,4.33,0.52,0.17,0.69,0.0,42.73,57.27,35.36,19.93,11.09,3.47,26.0,4.16,11.88,90.31,4.48,39.61,24.22,0.09,0.36,12.8,42.56,44.64,2026-04
TN,2.71,12.34,0.64,13.77,6.04,3.56,0.01,0.43,1.65,2.43,1.32,2.11,2.85,14.94,1.71,5.02,16.51,0.44,0.93,0.68,2.74,1.62,0.37,8.16,0.05,4.47,1.61,0.69,1.34,2.54,0.3,0.23,0.67,0.13,47.2,52.8,34.24,17.2,14.87,2.57,27.91,3.21,11.73,91.94,4.24,38.92,24.5,1.52,0.71,11.3,45.47,43.22,2026-04
TX,2.71,12.4,0.67,13.03,5.69,3.63,0.03,0.37,1.9,2.56,1.51,1.65,2.77,14.13,1.83,5.58,17.43,0.39,0.85,0.73,2.23,1.87,0.39,7.29,0.11,4.39,1.91,0.73,2.24,2.62,0.36,0.27,0.72,0.11,49.1,50.9,32.75,16.82,16.51,2.62,28.16,3.15,11.72,90.82,4.37,39.9,26.02,9.07,0.96,12.4,44.48,43.13,2026-04
UT,2.7,12.3,0.54,13.17,5.3,3.76,0.05,0.4,1.88,2.69,1.61,1.96,2.8,13.78,2.2,4.76,18.4,0.62,0.83,0.59,2.77,1.62,0.35,7.99,0.12,4.27,1.35,0.89,1.16,2.58,0.4,0.18,0.85,0.13,48.49,51.51,32.74,17.5,17.11,2.47,27.17,3.01,11.71,91.96,4.04,39.19,23.77,1.33,1.26,11.29,45.97,42.74,2026-04
VA,2.67,12.58,1.12,13.05,5.84,3.35,0.03,0.39,2.25,2.79,1.46,1.72,2.44,13.88,2.18,5.25,17.74,0.38,0.88,0.67,1.97,2.17,0.32,7.01,0.16,4.13,2.0,0.76,1.98,2.86,0.31,0.28,0.49,0.12,51.71,48.29,30.79,16.24,17.6,2.61,29.3,3.46,12.02,91.71,4.26,40.61,25.14,2.8,1.09,16.11,44.71,39.18,2026-04
VT,2.64,12.79,1.56,13.33,5.93,1.95,0.0,0.97,2.53,2.63,2.14,2.72,3.02,14.3,1.46,5.84,17.12,0.19,0.97,0.39,1.65,2.04,0.1,6.71,0.19,3.6,1.75,0.97,2.24,3.02,0.0,0.19,0.49,0.0,52.59,47.41,32.29,14.19,16.54,1.96,31.7,3.33,12.38,94.46,3.86,41.31,26.46,0.17,0.9,16.03,45.29,38.68,2026-04
WA,2.66,12.32,0.4,15.11,5.75,2.84,0.03,0.38,1.92,2.6,1.55,1.68,2.29,12.99,1.31,5.05,20.09,0.35,1.05,0.69,1.8,1.67,0.24,7.82,0.29,4.0,1.06,0.86,2.09,2.75,0.37,0.26,0.64,0.1,51.81,48.19,30.4,16.4,19.29,2.9,27.25,3.77,11.73,92.95,3.81,39.32,25.36,3.43,1.45,9.43,52.5,38.07,2026-04
WI,2.67,12.39,0.84,14.17,5.3,3.59,0.03,0.4,1.93,2.49,1.65,2.02,2.51,12.34,2.12,5.21,19.57,0.58,1.25,0.52,2.23,2.06,0.43,6.04,0.06,3.9,1.7,0.69,1.8,3.21,0.4,0.31,0.57,0.09,51.57,48.43,29.9,17.24,17.07,2.67,29.67,3.45,11.78,91.98,3.89,41.36,25.58,1.06,0.61,14.98,47.38,37.64,2026-04
WV,2.7,12.41,1.32,14.29,4.1,4.1,0.0,0.53,1.19,2.12,2.78,3.84,2.65,14.29,1.72,3.57,16.93,1.32,0.93,0.4,2.12,1.46,0.26,7.94,0.0,4.1,1.72,0.79,1.32,3.04,0.4,0.13,0.26,0.4,47.18,52.82,31.13,19.74,14.44,3.71,27.42,3.58,11.87,90.34,4.68,43.26,26.72,0.12,0.24,12.7,49.6,37.7,2026-04
WY,2.7,12.78,0.49,12.5,5.15,3.92,0.0,0.74,1.23,4.41,2.45,2.45,2.45,12.01,1.47,3.92,15.93,0.0,0.49,0.98,1.72,0.98,0.25,9.8,0.25,5.15,2.94,1.23,1.96,3.68,0.0,0.74,0.49,0.25,44.1,55.9,33.17,20.79,13.61,3.47,25.5,3.47,12.31,89.24,4.62,43.67,26.89,0.07,0.4,11.74,38.39,49.88,2026-04
AK,2.71,12.16,0.34,13.82,5.73,4.27,0.11,0.45,1.8,1.91,2.36,2.13,2.47,16.74,1.24,5.17,19.33,0.22,1.12,1.01,2.02,0.79,0.22,6.74,0.0,4.16,0.79,0.9,1.01,1.69,0.34,0.45,0.34,0.34,50.17,49.83,31.31,17.45,17.68,2.14,28.94,2.48,11.45,92.36,4.54,44.97,26.6,0.11,0.51,3.48,54.88,41.64,2026-05
AL,2.74,12.03,0.5,15.48,5.5,4.13,0.05,0.26,1.24,2.04,1.81,3.27,2.66,14.41,1.43,4.82,18.01,0.59,0.92,1.18,2.45,1.07,0.26,6.74,0.1,3.85,0.93,0.83,1.75,2.18,0.31,0.19,0.85,0.19,47.59,52.41,32.39,18.61,14.89,2.69,27.95,3.47,11.26,90.86,4.6,42.17,25.28,0.71,0.47,5.62,53.81,40.57,2026-05
AR,2.76,12.26,0.73,14.55,5.96,3.67,0.07,0.62,1.21,2.22,1.94,3.05,3.01,14.66,1.98,4.82,16.32,0.52,0.83,0.76,2.39,1.04,0.31,6.93,0.17,4.99,0.9,1.14,1.77,1.94,0.35,0.14,0.8,0.21,46.4,53.6,32.97,19.25,14.42,2.57,27.9,2.88,11.56,90.93,4.65,42.92,26.29,0.35,0.39,6.31,52.53,41.16,2026-05
AZ,2.72,12.15,0.56,15.03,5.69,3.49,0.04,0.45,1.56,2.36,1.37,1.45,2.56,14.26,1.55,5.84,17.17,0.32,0.91,0.83,3.04,1.33,0.41,6.99,0.09,4.76,1.19,0.88,2.13,2.15,0.35,0.26,0.79,0.19,49.09,50.91,31.43,17.97,15.63,2.97,28.82,3.18,11.44,91.39,4.29,42.37,27.89,2.08,0.95,7.15,49.09,43.76,2026-05
CA,2.7,12.48,0.85,14.85,6.34,2.94,0.02,0.47,1.72,2.07,1.13,1.42,2.71,13.75,1.8,6.35,18.39,0.29,0.83,0.67,2.21,1.67,0.3,6.76,0.14,4.3,1.57,0.88,1.85,2.24,0.26,0.39,0.65,0.16,52.0,48.0,31.43,15.29,17.97,2.64,29.21,3.45,11.87,92.53,4.14,40.25,26.11,19.25,1.62,10.7,47.77,41.52,2026-05
CO,2.73,12.28,0.47,16.15,5.73,2.91,0.04,0.54,1.58,2.15,1.44,1.33,2.85,14.79,1.04,6.2,17.86,0.27,0.88,0.68,2.39,1.23,0.33,7.22,0.14,4.38,1.24,1.08,1.76,2.03,0.3,0.21,0.62,0.15,48.91,51.09,32.74,17.0,15.87,2.65,28.53,3.21,11.66,93.05,4.13,39.59,25.87,2.56,1.41,5.46,50.67,43.88,2026-05
CT,2.7,12.29,1.3,16.28,5.56,3.26,0.01,0.4,1.81,2.19,1.05,1.49,2.67,13.32,1.91,6.05,18.25,0.33,0.67,0.78,2.01,1.37,0.26,6.95,0.17,4.34,1.64,0.77,1.89,2.04,0.23,0.27,0.55,0.19,51.41,48.59,31.59,15.71,16.96,2.66,29.42,3.67,11.62,92.65,4.13,39.23,25.49,1.16,1.07,10.7,50.36,38.93,2026-05
DC,2.67,13.06,1.49,13.25,6.94,2.32,0.0,0.83,2.01,1.73,0.89,1.46,2.84,16.36,2.08,6.63,16.63,0.37,0.7,0.62,1.98,1.41,0.24,6.44,0.15,3.71,1.65,0.91,3.11,1.93,0.31,0.32,0.52,0.18,54.48,45.52,31.66,12.69,16.15,2.59,33.2,3.71,12.68,93.52,4.38,41.51,25.79,0.76,3.32,12.9,42.68,44.42,2026-05
DE,2.69,11.92,1.02,16.83,5.65,3.22,0.04,0.67,1.22,1.84,1.1,2.43,2.24,12.99,1.33,5.26,20.67,0.39,0.9,0.43,2.12,1.49,0.24,6.51,0.12,4.16,1.1,0.78,1.41,2.08,0.47,0.51,0.67,0.12,48.78,51.22,31.48,17.99,17.08,3.42,26.13,3.9,11.17,92.15,4.2,39.61,24.13,0.31,1.05,8.91,55.22,35.87,2026-05
FL,2.75,12.22,0.34,14.14,5.93,4.13,0.02,0.42,1.45,2.2,1.42,1.52,3.08,15.34,1.37,6.31,15.81,0.36,0.77,0.99,3.2,1.15,0.35,7.18,0.13,4.83,1.3,0.84,1.71,2.16,0.29,0.29,0.77,0.2,47.26,52.74,33.4,17.89,14.55,2.74,28.65,2.77,11.43,89.79,4.59,40.6,27.44,7.01,1.05,5.51,46.61,47.88,2026-05
GA,2.74,12.17,0.6,14.28,5.76,3.84,0.04,0.38,1.61,2.09,1.39,1.93,2.87,14.27,1.63,6.12,16.97,0.37,0.76,0.87,2.63,1.24,0.27,6.84,0.16,4.85,1.64,0.89,2.22,2.05,0.29,0.28,0.7,0.18,48.8,51.2,32.53,17.24,15.51,2.8,28.96,2.97,11.48,91.52,4.6,41.86,27.06,3.12,0.93,6.98,49.81,43.21,2026-05
HI,2.72,12.12,0.63,15.12,6.42,2.94,0.05,0.44,1.84,1.59,1.12,2.28,2.91,15.64,1.43,6.69,16.98,0.25,0.52,0.58,3.13,1.32,0.25,7.02,0.14,4.69,1.1,0.66,1.02,2.03,0.14,0.27,0.66,0.16,49.94,50.06,32.3,16.11,16.33,3.28,29.21,2.76,11.52,92.62,4.23,41.67,28.59,0.45,1.14,6.72,50.88,42.4,2026-05
IA,2.71,12.35,0.91,13.97,5.77,3.63,0.0,0.45,1.39,2.62,1.85,2.37,2.53,14.13,2.62,4.31,19.51,0.52,0.94,0.71,2.33,1.59,0.19,6.42,0.1,3.79,1.49,1.0,1.46,1.88,0.52,0.23,0.65,0.13,47.99,52.01,32.27,18.25,16.85,2.86,26.06,3.71,11.78,91.6,4.01,39.95,24.21,0.38,0.41,14.61,47.73,37.65,2026-05
ID,2.74,12.19,0.19,14.49,5.79,4.13,0.06,0.56,1.53,1.94,1.78,2.16,3.22,15.99,1.25,4.97,16.68,0.34,0.69,0.69,3.47,1.35,0.25,6.48,0.09,4.29,1.03,1.25,1.41,2.41,0.41,0.16,0.78,0.16,48.31,51.69,32.73,17.74,15.17,2.36,28.99,3.02,11.53,91.39,4.39,44.7,27.54,0.39,0.68,6.76,48.76,44.48,2026-05
IL,2.69,12.27,0.74,15.7,5.85,3.15,0.03,0.44,1.6,2.31,1.18,1.41,2.67,12.92,1.83,5.71,18.62,0.36,0.86,0.62,2.11,1.76,0.26,7.07,0.25,4.25,1.54,0.94,2.3,2.21,0.26,0.36,0.61,0.12,51.42,48.58,30.9,16.11,17.55,3.22,28.7,3.51,11.6,92.58,4.14,41.11,25.81,3.79,1.0,11.49,50.62,37.89,2026-05
IN,2.72,11.98,0.84,13.99,5.14,3.05,0.01,0.34,1.4,2.7,1.32,1.94,2.46,13.53,2.14,5.01,18.04,0.59,0.79,0.89,2.63,1.72,0.24,10.41,0.12,3.52,1.24,0.79,1.91,2.1,0.31,0.21,0.51,0.11,49.97,50.03,30.33,16.35,16.25,6.69,27.06,3.32,11.25,92.34,4.12,40.54,25.01,1.23,0.61,11.5,51.29,37.21,2026-05
KS,2.7,11.95,0.75,15.07,5.11,4.18,0.0,0.39,1.2,2.02,1.14,2.56,2.98,13.02,1.68,5.2,20.0,0.36,0.69,0.78,2.17,1.32,0.33,6.98,0.12,3.94,1.05,0.78,2.2,2.26,0.51,0.36,0.75,0.09,49.46,50.54,30.97,18.03,16.74,3.05,28.56,2.65,11.18,91.67,4.44,42.89,25.87,0.41,0.48,9.71,53.07,37.22,2026-05
KY,2.75,12.1,0.5,14.16,6.23,3.66,0.07,0.5,1.05,2.62,1.95,2.86,2.45,13.8,1.4,4.62,17.46,0.88,1.02,1.12,3.21,1.36,0.24,7.23,0.21,4.71,1.09,0.95,1.21,2.28,0.29,0.17,0.59,0.1,46.96,53.04,32.21,19.2,15.52,3.08,26.67,3.32,11.35,90.91,4.53,42.41,24.85,0.51,0.39,6.76,53.2,40.04,2026-05
LA,2.74,12.19,1.01,14.04,5.47,3.83,0.0,0.49,1.44,2.43,1.46,2.22,2.66,14.12,2.03,5.9,18.24,0.47,1.01,1.1,2.14,1.23,0.28,7.06,0.19,4.14,1.08,0.76,1.25,2.64,0.25,0.23,0.72,0.09,48.11,51.89,32.78,17.49,15.75,3.13,27.59,3.26,11.44,90.11,4.49,41.22,26.99,0.64,0.48,8.94,50.4,40.66,2026-05
MA,2.69,12.68,1.33,15.2,6.41,2.84,0.02,0.46,1.78,2.07,1.14,1.33,2.73,13.08,2.01,6.08,18.83,0.37,0.88,0.55,1.71,1.75,0.25,6.54,0.15,4.14,1.59,0.88,2.4,2.31,0.2,0.29,0.57,0.12,53.3,46.7,30.12,15.39,18.67,2.55,29.71,3.56,12.13,92.96,4.25,40.87,25.92,3.05,1.42,12.48,48.46,39.05,2026-05
MD,2.7,12.34,0.78,14.8,5.56,3.29,0.02,0.37,1.58,2.24,1.31,2.0,2.36,14.18,2.16,6.02,17.68,0.31,0.81,0.88,2.32,1.74,0.25,6.32,0.09,4.27,1.61,0.9,2.52,2.43,0.2,0.2,0.65,0.15,51.92,48.08,30.96,15.85,16.88,2.65,30.25,3.41,11.7,92.09,4.53,42.41,26.86,2.0,1.09,10.61,49.56,39.83,2026-05
ME,2.7,12.23,0.52,15.38,6.52,3.33,0.0,0.98,1.74,1.88,1.13,2.35,2.81,13.74,2.06,5.3,18.57,0.47,1.08,0.56,1.83,1.59,0.23,6.52,0.09,4.13,1.22,0.98,1.59,2.06,0.61,0.23,0.47,0.0,50.19,49.81,30.62,17.57,16.91,3.25,28.03,3.63,11.68,92.03,4.28,45.34,27.69,0.26,0.65,8.78,51.34,39.89,2026-05
MI,2.71,12.08,0.64,16.04,5.85,3.64,0.03,0.41,1.41,2.54,1.33,2.15,2.56,13.3,1.4,5.21,18.75,0.47,0.98,0.74,2.39,1.35,0.31,6.44,0.15,4.36,1.08,0.78,1.85,2.47,0.26,0.28,0.66,0.18,49.77,50.23,30.41,18.44,16.67,2.75,28.32,3.41,11.37,91.38,4.24,41.5,26.03,1.81,0.61,6.72,53.28,40.0,2026-05
MN,2.7,11.98,0.58,16.1,5.37,3.19,0.04,0.49,1.73,2.18,1.46,2.07,2.21,12.49,1.51,5.69,19.84,0.43,1.04,0.82,2.2,1.44,0.28,7.2,0.12,4.28,1.14,1.1,1.83,2.11,0.13,0.2,0.63,0.12,50.46,49.54,31.6,16.39,17.3,3.13,28.02,3.56,11.27,92.56,4.07,40.02,25.73,1.37,0.81,7.62,54.14,38.24,2026-05
MO,2.72,12.15,0.57,15.29,5.69,3.52,0.03,0.45,1.32,2.32,1.64,2.41,2.52,13.62,1.56,5.18,17.17,0.58,0.86,0.7,2.56,1.44,0.33,7.25,0.17,4.45,1.35,1.12,2.15,2.37,0.32,0.27,0.62,0.16,48.39,51.61,32.03,18.12,15.93,2.81,27.42,3.68,11.44,91.78,4.26,41.75,25.95,1.26,0.7,6.59,52.6,40.81,2026-05
MS,2.73,12.23,0.66,12.62,5.93,4.75,0.05,0.41,1.84,2.71,1.58,3.22,3.01,15.64,2.55,3.88,15.69,0.56,1.12,1.02,2.15,1.74,0.31,7.61,0.2,4.29,0.97,1.02,1.48,2.35,0.05,0.1,0.46,0.0,47.81,52.19,33.11,17.58,14.81,2.87,28.24,3.38,11.5,90.81,4.66,43.62,25.55,0.24,0.28,9.4,49.51,41.08,2026-05
MT,2.72,12.4,0.45,14.4,6.03,3.11,0.0,0.13,1.82,1.88,1.69,2.27,3.37,17.38,1.17,5.97,16.6,0.71,1.3,0.52,2.92,0.97,0.39,5.64,0.13,3.89,1.36,0.97,1.04,2.33,0.39,0.06,0.71,0.39,49.03,50.97,31.06,18.39,13.84,2.99,30.08,3.64,11.85,91.83,4.32,43.59,26.91,0.19,0.58,5.9,47.99,46.11,2026-05
NC,2.73,12.18,0.56,15.44,5.74,3.67,0.04,0.49,1.58,2.03,1.48,2.02,2.78,14.04,1.68,5.73,16.63,0.44,0.98,0.8,2.69,1.34,0.29,6.8,0.18,4.56,1.33,1.13,2.2,2.03,0.23,0.21,0.67,0.2,48.53,51.47,32.6,17.37,15.78,2.91,28.2,3.14,11.5,91.83,4.46,40.92,26.52,2.85,0.88,7.2,51.3,41.5,2026-05
ND,2.73,12.33,0.86,13.54,6.48,3.89,0.0,0.14,2.02,2.16,1.01,2.45,3.03,13.98,1.3,5.48,15.42,0.43,0.86,1.01,2.31,1.44,0.14,5.62,0.43,4.9,2.02,1.73,2.02,4.03,0.14,0.0,0.86,0.29,51.51,48.49,28.32,18.21,15.32,4.05,30.2,3.9,11.65,90.49,4.47,45.86,27.95,0.09,0.37,11.96,49.71,38.33,2026-05
NE,2.72,11.96,0.84,15.94,6.54,3.4,0.0,0.37,1.35,2.36,1.01,2.22,2.43,13.38,1.35,4.89,18.57,0.57,1.01,0.61,2.63,1.62,0.2,6.91,0.17,4.58,1.31,0.91,1.35,2.22,0.44,0.24,0.57,0.0,48.11,51.89,31.85,18.26,15.35,3.45,27.62,3.48,11.22,91.6,4.26,43.04,25.43,0.36,0.63,7.32,54.72,37.96,2026-05
NH,2.72,12.5,0.91,14.87,6.57,3.47,0.1,0.44,1.69,2.23,1.21,1.62,2.02,14.67,2.02,5.33,18.31,0.34,0.74,0.67,2.53,1.62,0.27,6.37,0.0,4.35,1.15,0.88,1.79,2.33,0.37,0.4,0.67,0.07,49.49,50.51,32.54,16.66,16.12,2.58,28.94,3.16,11.89,92.65,4.05,39.18,26.58,0.36,0.88,12.14,47.84,40.02,2026-05
NJ,2.72,12.43,0.78,14.99,6.17,3.55,0.03,0.43,1.78,2.05,1.19,1.37,2.98,13.66,1.98,6.29,17.19,0.33,0.69,0.79,2.2,1.4,0.32,6.78,0.14,4.54,1.64,0.74,2.43,2.11,0.3,0.37,0.64,0.12,51.03,48.97,31.97,15.85,17.13,2.34,29.44,3.27,11.72,91.83,4.36,40.2,26.24,2.85,1.02,9.79,48.55,41.66,2026-05
NM,2.71,12.51,1.1,14.0,6.02,3.34,0.04,0.45,1.67,2.73,1.87,2.03,2.24,15.99,1.46,4.72,18.39,0.33,0.73,0.81,2.52,1.51,0.33,6.71,0.16,3.99,1.42,1.06,1.14,2.24,0.16,0.37,0.45,0.04,49.62,50.38,30.5,18.25,16.21,3.23,27.97,3.84,11.93,91.25,4.61,47.79,26.48,0.3,0.49,8.75,52.89,38.36,2026-05
NV,2.72,12.33,0.97,14.61,5.95,3.84,0.02,0.58,1.61,2.49,1.33,2.07,2.13,14.65,1.3,5.29,17.0,0.37,0.83,0.77,2.96,1.19,0.33,7.08,0.17,5.17,1.2,0.83,1.3,2.25,0.46,0.41,0.61,0.24,48.37,51.63,31.87,18.25,16.06,2.92,28.01,2.89,11.65,90.13,4.7,44.82,27.07,1.1,1.13,7.81,48.98,43.21,2026-05
NY,2.69,12.39,0.94,15.99,6.26,2.92,0.02,0.45,1.63,1.71,1.0,1.46,2.87,13.08,1.99,6.72,18.12,0.31,0.8,0.67,2.19,1.53,0.25,6.71,0.19,4.17,1.63,0.87,2.15,1.95,0.25,0.41,0.62,0.14,53.1,46.9,30.71,14.9,18.03,2.75,30.07,3.54,11.74,92.74,4.09,39.88,25.81,9.08,1.55,10.48,49.31,40.21,2026-05
OH,2.72,12.14,0.77,15.24,5.34,4.23,0.04,0.42,1.6,2.26,1.28,2.46,2.7,12.83,1.71,5.36,18.15,0.5,0.94,0.92,2.32,1.33,0.21,6.82,0.16,4.51,1.34,1.01,1.73,2.26,0.36,0.28,0.75,0.16,49.22,50.78,31.65,17.62,16.61,2.99,28.06,3.08,11.45,91.53,4.43,41.36,25.46,2.02,0.59,7.29,52.75,39.95,2026-05
OK,2.74,12.04,0.56,15.22,5.94,3.6,0.04,0.48,1.36,2.58,1.74,2.81,2.56,13.77,1.86,4.38,18.18,0.48,1.14,0.74,2.3,1.43,0.21,7.34,0.12,4.22,0.77,1.2,1.51,2.17,0.37,0.17,0.68,0.08,47.46,52.54,32.41,18.4,16.25,3.29,26.38,3.27,11.32,91.92,4.39,42.26,24.73,0.63,0.53,7.42,54.0,38.58,2026-05
OR,2.67,12.14,0.48,15.77,5.95,2.83,0.02,0.44,1.39,2.31,1.14,2.03,2.42,14.49,1.46,5.36,19.81,0.39,0.93,0.69,2.32,1.64,0.22,6.9,0.11,3.89,1.18,1.11,1.5,2.21,0.17,0.26,0.44,0.13,50.88,49.12,30.75,17.0,17.9,2.81,28.41,3.14,11.53,93.15,3.98,42.1,26.4,1.39,1.1,9.3,52.87,37.82,2026-05
PA,2.7,12.28,0.98,15.36,5.72,3.5,0.03,0.45,1.65,2.34,1.21,1.98,2.64,12.89,1.87,5.6,18.75,0.47,0.82,0.76,2.1,1.5,0.24,6.38,0.15,4.57,1.49,0.97,1.95,2.16,0.27,0.32,0.75,0.13,51.2,48.8,30.45,16.99,17.55,2.78,28.81,3.42,11.58,92.06,4.28,42.32,26.04,3.01,0.8,10.18,51.75,38.07,2026-05
RI,2.7,12.64,1.96,13.55,6.24,3.47,0.0,0.54,1.77,2.08,0.96,1.89,2.5,12.51,2.35,5.43,18.56,0.46,0.89,0.5,1.58,2.31,0.19,6.24,0.31,4.51,1.58,0.65,2.81,2.7,0.12,0.35,0.89,0.12,51.15,48.85,30.96,16.62,16.74,2.6,29.79,3.29,12.07,92.53,4.28,43.85,26.83,0.32,0.96,13.55,46.28,40.16,2026-05
SC,2.76,12.23,0.46,13.9,6.64,3.87,0.03,0.54,1.5,2.41,1.44,2.18,2.81,15.15,1.52,6.4,16.31,0.41,0.86,0.83,2.93,0.97,0.32,6.94,0.14,4.54,1.21,0.87,1.58,2.03,0.23,0.12,0.72,0.14,46.5,53.5,34.09,17.92,13.47,2.79,28.74,2.99,11.59,90.7,4.56,40.55,26.21,0.8,0.51,5.28,47.67,47.05,2026-05
SD,2.71,12.25,0.38,12.75,6.69,3.28,0.0,0.76,1.52,2.15,1.64,1.26,3.03,15.28,0.51,5.18,17.68,0.88,0.51,0.88,3.41,1.01,0.0,8.96,0.25,3.66,0.76,0.63,1.77,4.42,0.51,0.0,0.25,0.0,46.09,53.91,33.38,18.08,14.79,4.55,25.66,3.54,11.66,91.55,4.09,39.94,25.13,0.1,0.37,8.45,45.78,45.78,2026-05
TN,2.73,12.1,0.42,14.94,6.11,3.69,0.03,0.43,1.45,2.23,1.35,2.15,2.9,14.77,1.24,5.44,17.19,0.42,0.97,0.73,2.85,1.35,0.38,7.36,0.13,4.16,1.24,1.03,1.52,2.09,0.35,0.22,0.7,0.18,47.24,52.76,33.39,17.82,14.68,2.94,27.9,3.28,11.42,91.82,4.32,40.46,25.9,1.46,0.69,5.77,50.67,43.56,2026-05
TX,2.73,12.23,0.47,15.1,5.77,3.55,0.02,0.38,1.69,2.11,1.39,1.65,3.03,14.15,1.71,5.83,17.14,0.37,0.8,0.77,2.4,1.38,0.36,6.75,0.13,4.68,1.43,0.88,2.37,2.19,0.33,0.3,0.69,0.16,48.93,51.07,32.38,17.25,16.22,2.8,28.25,3.09,11.5,91.18,4.49,41.19,26.98,8.91,0.95,7.18,49.66,43.16,2026-05
UT,2.73,12.12,0.27,14.99,6.08,3.62,0.06,0.32,1.43,1.87,1.48,1.61,3.32,14.69,1.25,6.0,17.96,0.36,0.96,0.6,2.59,0.93,0.32,7.49,0.15,4.46,1.17,1.22,1.21,2.24,0.4,0.22,0.57,0.15,48.13,51.87,33.31,17.18,16.63,2.66,27.27,2.94,11.47,92.44,4.07,38.94,25.04,1.28,1.21,4.88,50.85,44.27,2026-05
VA,2.7,12.41,0.79,14.79,5.78,3.45,0.03,0.54,1.76,2.21,1.31,1.91,2.61,14.35,1.86,5.56,17.45,0.37,0.84,0.72,2.08,1.63,0.27,6.62,0.19,4.43,1.6,0.89,2.25,2.23,0.3,0.34,0.7,0.15,50.63,49.37,31.25,16.83,16.28,2.62,29.49,3.54,11.78,92.32,4.42,41.35,26.25,2.76,1.07,10.28,49.59,40.13,2026-05
VT,2.66,12.58,1.65,15.45,6.75,2.93,0.0,0.45,1.58,2.25,1.28,1.43,2.93,16.8,1.05,5.4,17.18,0.53,0.38,0.15,1.58,1.35,0.23,6.83,0.38,3.6,1.58,0.9,1.58,2.7,0.23,0.3,0.53,0.08,49.46,50.54,33.38,15.94,15.56,2.41,29.62,3.08,12.11,92.94,4.13,42.42,25.51,0.16,0.87,11.25,47.64,41.11,2026-05
WA,2.68,12.25,0.47,16.27,5.99,2.59,0.02,0.51,1.7,2.18,1.37,1.57,2.28,13.25,1.43,5.36,20.04,0.35,0.92,0.65,1.69,1.53,0.27,6.94,0.24,4.29,1.29,1.16,2.04,2.29,0.26,0.3,0.58,0.17,51.92,48.08,29.99,16.69,19.15,2.91,27.72,3.55,11.6,93.64,3.82,41.22,26.0,3.57,1.51,9.5,54.28,36.22,2026-05
WI,2.7,12.14,0.75,15.77,5.5,2.94,0.02,0.51,1.6,2.0,1.54,2.17,2.46,12.82,1.78,4.86,20.35,0.45,0.99,0.72,2.14,1.6,0.24,6.73,0.16,4.24,1.49,1.11,1.41,2.34,0.31,0.17,0.72,0.11,50.31,49.69,30.98,17.34,17.9,2.75,27.4,3.63,11.42,92.45,3.98,40.86,25.05,1.02,0.59,9.94,54.17,35.89,2026-05
WV,2.75,12.51,0.68,12.1,7.26,3.39,0.0,0.77,0.77,2.03,1.94,3.68,2.71,15.0,1.26,3.0,18.3,0.58,1.26,1.06,2.13,1.36,0.39,7.74,0.1,4.16,1.65,0.77,1.65,3.58,0.19,0.1,0.29,0.1,50.1,49.9,29.86,17.61,15.95,4.86,27.63,4.09,11.92,92.84,4.82,42.34,25.17,0.13,0.25,8.91,50.24,40.85,2026-05
WY,2.72,12.21,0.67,14.17,7.08,2.7,0.0,0.17,1.69,3.54,1.35,2.87,2.7,15.35,1.52,5.4,17.2,0.17,1.01,1.18,2.36,0.84,0.17,7.25,0.17,3.2,0.84,1.01,1.18,2.36,0.34,0.51,0.84,0.17,51.06,48.94,28.81,17.97,15.25,4.41,29.83,3.73,11.57,91.72,4.64,43.84,27.2,0.07,0.43,7.28,53.47,39.26,2026-05
