geo_id,user_Management,user_Business and Financial Operations,user_Computer and Mathematical,user_Architecture and Engineering,"user_Life, Physical, and Social Science",user_Community and Social Service,user_Legal,user_Educational Instruction and Library,"user_Arts, Design, Entertainment, Sports, and Media",user_Healthcare Practitioners and Technical,user_Healthcare Support,user_Protective Service,user_Food Preparation and Serving Related,user_Building and Grounds Cleaning and Maintenance,user_Personal Care and Service,user_Sales and Related,user_Office and Administrative Support,"user_Farming, Fishing, and Forestry",user_Construction and Extraction,"user_Installation, Maintenance, and Repair",user_Production,user_Transportation and Material Moving,wf_Management,wf_Business and Financial Operations,wf_Computer and Mathematical,wf_Architecture and Engineering,"wf_Life, Physical, and Social Science",wf_Community and Social Service,wf_Legal,wf_Educational Instruction and Library,"wf_Arts, Design, Entertainment, Sports, and Media",wf_Healthcare Practitioners and Technical,wf_Healthcare Support,wf_Protective Service,wf_Food Preparation and Serving Related,wf_Building and Grounds Cleaning and Maintenance,wf_Personal Care and Service,wf_Sales and Related,wf_Office and Administrative Support,"wf_Farming, Fishing, and Forestry",wf_Construction and Extraction,"wf_Installation, Maintenance, and Repair",wf_Production,wf_Transportation and Material Moving,dissimilarity
AK,6.439555745407946,6.674498077744555,23.48355403673644,2.498932080307561,5.126014523707818,3.214438274241777,2.3814609141392573,10.967535241349852,14.064502349423325,3.4600598035027774,0.0,0.0,0.0,0.0,0.0,12.03545493378898,7.742417770183684,0.0,0.0,0.0,1.9115762494660404,0.0,12.23412261911654,4.328721125455914,1.9724425403809416,2.2902796271637818,1.8549180802408385,2.2517802350489204,1.2699010015631331,5.712094019568112,1.7822613327157992,7.516355004920975,4.0291205928327445,2.2225438545707172,4.871765182655011,3.5726278006136742,1.9738898859491691,7.661668499971053,10.912117177097205,1.110403519944422,5.993747467145256,3.788571759393273,4.798240027789035,7.852428645863487,51.322323969331066
AL,5.553863336379327,5.980302568788709,22.428672961722,3.045994517209869,4.386232104782211,3.076454462381967,1.0965580261955528,10.965580261955528,13.940501573763834,3.8277997766270686,0.6295055335567062,0.39597928723728293,0.7513453142451009,0.0,1.462077368260737,12.651030561478322,7.015940704640064,0.0,0.0,1.4113107929739057,0.9950248756218903,0.3858259721799167,10.293910940272182,5.190690274467447,2.7432819206411305,2.92570609950386,0.7217330645129705,1.6966493047471627,0.8452784470967706,6.291414792633927,1.629023547601962,7.315113834515334,2.766476597963133,2.052184977769229,4.5112559460839075,3.446259064092594,2.1076694310254265,9.117640531240792,10.212098569980691,0.447835692909435,4.900125808277933,3.93073625476024,8.486336246230865,8.368578653673007,46.40990905583198
AR,5.22995522995523,7.01058201058201,23.63654863654864,2.91005291005291,3.9275539275539275,3.1542531542531544,0.8445258445258446,11.507936507936508,14.061864061864062,3.9275539275539275,0.5291005291005291,0.0,0.875050875050875,0.0,1.231176231176231,11.57916157916158,7.7126577126577125,0.0,0.0,0.9157509157509158,0.9462759462759464,0.0,10.298782088050537,5.065461040702962,2.2178021752737633,1.3564019073084168,0.5466173191688276,1.6129536454846094,0.7001557921153051,6.48932682248786,1.685942578646666,7.008609640791217,3.218710175049853,1.994109996648616,4.773359911773537,3.6128794933811976,1.8753939330493743,9.465806793059654,11.24698393589187,0.7551882845492461,5.381843348592673,4.090360880839751,7.929840478470082,8.673469758663984,49.49201055823057
AZ,5.935980551053486,6.077795786061589,22.4371961102107,3.0692868719611024,4.163290113452189,3.140194489465155,1.002836304700162,11.588330632090763,12.803889789303083,4.639384116693679,0.8002431118314427,0.3950567260940033,0.5571312803889791,0.1519448946515397,1.4181523500810373,11.92260940032415,7.435170178282011,0.0,0.0,0.8610210696920584,1.124392220421394,0.4760940032414911,11.52989958904184,6.51444679513033,3.702459079507537,2.704732702588747,0.8071748365484552,1.6626101353268017,1.0015620245693269,5.5381599711238705,2.0537316987367835,6.571380400928227,3.0534617721894364,2.4775421398849247,5.381270532522428,3.4092896523672387,2.5102023933868853,9.342721701149808,11.576957833351416,0.3981917497508975,5.046567338658777,3.4341927378595307,4.08001275495965,7.203432160417089,43.314481561955965
CA,5.798276735935125,6.315255955397872,21.37861125190066,3.030917384693361,4.368981246832235,3.2235174860618354,1.1556006082108465,12.529143436391282,13.076533198175369,4.257475924987329,0.6994424733907755,0.4358844399391789,0.6386213887480994,0.1824632539280284,1.2265585402939685,11.444500760263558,7.8560567663456675,0.050684237202230115,0.14191586416624433,0.7906741003547898,1.0035478966041562,0.3953370501773949,11.521495786470348,5.963072895024777,4.3867768886934195,2.689644573802756,1.5316741865032293,1.7453123175248757,1.3188822407574756,5.694989836841813,2.976080917597006,5.58001901131292,3.9887702279013464,2.014893281320444,5.463271722285566,3.575453395005699,2.7329997436216287,8.651792446414134,9.807219022076817,1.3250367932920737,4.6491784171668185,2.527387233198046,4.40721673054402,7.448832332644788,41.72811665731416
CO,6.212059894779441,6.4548765681910165,21.47915823553217,3.0959125859975716,4.168352893565358,3.1566167543504657,0.981384055038446,10.997571833265884,12.302711452853096,4.906920275192229,0.6879805746661272,0.44516390125455285,0.6475111290975314,0.0,1.3759611493322543,12.474706596519628,7.800485633346822,0.0,0.141643059490085,0.981384055038446,1.2950222581950628,0.3945770942938082,14.30443437719525,7.1567544311091105,5.316728083373577,3.275825635356732,1.475174937668441,1.8362823294393429,1.1675625869770352,5.950545960362903,2.626270189935952,6.193907149615413,2.650891869578709,1.8396773290808053,5.696714211468499,2.5343513678675658,2.498243801587337,9.158884079482336,9.148254874997384,0.4472832705205518,5.11448763744196,2.8473893721915897,2.9440992685203575,5.816237236229152,38.21523218582406
CT,5.905032467532469,6.300730519480521,20.17045454545455,2.709009740259741,4.778814935064936,3.4395292207792214,0.903003246753247,13.210227272727277,13.047889610389612,4.677353896103897,0.59862012987013,0.35511363636363646,0.6696428571428573,0.22321428571428578,1.4914772727272732,12.155032467532472,7.041396103896107,0.0,0.0,0.7102272727272729,1.1465097402597404,0.46672077922077937,12.223658196775691,6.955536389570756,3.652464671929941,2.7643070390764946,1.3389769787036423,1.9563457838519205,1.3215152922444104,7.8055330723810785,2.376116234326279,7.0165726796258205,3.711590260731109,2.027731705698932,4.417328998872155,3.492018841637365,3.0149804285809063,9.04823193790221,9.477502819611225,0.2137862402972202,4.447953293969349,2.3599283487029785,4.790924169043985,5.5869966164665295,40.62427937285298
DC,5.902038332826286,6.104857519521347,18.730351891288915,2.231011053645675,4.431599229287091,3.0422878004259206,1.1864922421661088,13.872832369942195,16.610891390325524,3.9549741405536967,0.618598519419937,0.4563431700638881,0.6794442754284556,0.0,1.4602981442044418,9.867153432714735,9.066017645269241,0.0,0.0,0.6490213974241963,0.7808538687759863,0.35493357671635734,18.30152047633632,13.804201685034547,7.891786105472988,1.5734256658897303,5.1545134112346025,1.899946531559358,8.429066067266413,6.12421289783375,5.894765803038876,3.712163291579499,1.5461723344944118,2.8135820221452787,3.934342831335621,1.862310978680108,2.1717011789012495,3.939793497614685,7.009037723801762,0.0,0.8728852712614918,0.4202204145621039,0.886382159190602,1.7579696527666024,39.55918919023734
DE,5.3767820773930755,6.25254582484725,20.835030549898168,3.136456211812627,4.684317718940936,3.4928716904276986,1.0285132382892057,12.179226069246436,13.411405295315681,5.397148676171079,0.9877800407331975,0.0,0.7535641547861507,0.0,1.15071283095723,12.219959266802444,7.260692464358452,0.0,0.0,0.9164969450101833,0.9164969450101833,0.0,12.393100535563097,6.804883320213591,4.023762266298388,1.5608858503080332,1.5394712578495386,2.2873957277888044,1.2446240450182322,6.393247265178088,1.3889742608495643,6.665490185969873,3.823099603631756,2.5108609657584635,5.231307341041265,3.409877282488217,1.673907310505642,7.9337099393451505,10.70095116481503,0.2569751095019322,4.192104757013775,3.4604395146818847,4.756617208211306,7.74831508796837,44.83182023482643
FL,6.738054348924134,7.394686331952722,22.41640569754521,2.747752298211941,3.7074451964844934,2.949792908374583,1.3536720880897062,10.132336599656531,12.455803616526923,4.2630568744317605,0.6970401050611172,0.5354076169310032,0.5758157389635317,0.16163248813011416,1.3334680270734418,11.496110718254371,8.364481260733408,0.04040812203252854,0.15153045762198203,0.8889786847156279,1.1415294474189313,0.45459137286594614,12.206310667171737,6.289830722487104,3.2043495621876223,1.7989981544459868,0.7324161009095446,1.4445828260505935,1.3194709442890564,4.874368604801236,2.169339015831881,6.517056115372053,2.8827823928276395,2.2802213546580785,5.905223043659164,4.258323513830472,2.8361706221907252,10.69841709147956,11.074498226898308,0.4854724939766726,5.205133258691133,3.0575905106560826,3.12329614735358,7.636148630231768,42.1222324326139
GA,6.1727143725927425,6.801135211838637,21.457530914250963,2.8887086965335493,4.307723494830731,3.344820595986215,1.1048043786742348,11.838637745793633,13.288060004054325,3.8921548753294135,0.6182850192580579,0.3851611595378066,0.729779039124265,0.17230893979322928,1.307520778430975,11.737279545915264,7.662679910804783,0.0,0.0,0.7703223190756132,1.0946685586863978,0.42570443948915465,11.781981440756043,6.739799130430554,4.13101597776811,1.9929098256559272,0.9032359908830996,1.46799228063534,1.0676596551722848,6.399972767505949,2.0435031611015244,5.7478330902484105,2.260839411703314,1.9537818190931953,5.105755969171919,3.369965027941362,2.3924381947699396,9.712536336488888,10.650299239472751,0.3365719302563857,4.597278920216648,3.265542628017972,5.3060719109916406,8.77301529171874,42.310075462235886
HI,6.095451307621859,6.512669176757912,20.443675587666633,2.747532308944744,4.182354736949222,3.4395034089752725,1.160069197110003,12.831993487330823,13.574844815304774,4.762389335504223,0.7733794647400021,0.468098097079475,0.7224992367965808,0.0,1.46535056477053,11.030833418133714,7.479393507682914,0.0,0.0,0.9158441029815815,0.9463722397476341,0.4477460059021065,9.763788959847869,5.2495002508104545,2.5738393465451797,2.137653761782476,1.125876900731468,2.1858692641146393,1.1913122253251176,6.621845216258507,2.234234504031684,6.221297176697837,3.154970913474137,3.02005734949501,7.9371401618663295,4.932655521199099,3.1834210546018102,9.508186902453447,10.764335502032688,0.5646604325918827,5.3763279852059265,2.7586155262901766,2.8041357520944543,6.690275292549806,43.126400793335236
IA,6.3438206868188365,4.791281102200289,23.75077112893276,3.074234011926795,4.328603742545754,2.9714168208924536,0.5654945506888753,14.959901295496609,13.212009047912812,3.7322640345465765,0.0,0.0,0.0,0.0,1.172115977791487,11.957639317293852,7.001850709438619,0.0,0.0,0.6271848653094798,1.0281719103434095,0.48324079786140245,11.119399376163647,5.641668883139492,3.000640762144256,2.0939623280218584,0.993362671373649,1.8653432308919895,0.6328432913412482,6.621551369780207,1.5372851028846386,6.241023285054526,2.868740479241725,1.4466112145465095,5.144111033198733,3.120209396232802,2.5510191745049204,8.689460067219576,10.030224629446042,0.9079478685591316,5.343654036801508,3.854607442512755,7.990666634427061,8.305667722513723,49.45296983268486
ID,6.24232501023332,5.710192386410153,24.20180106426525,3.1313958248055678,4.052394596807205,3.2337290216946384,0.9516987310683588,11.113385182153092,12.94514940646746,4.277527629963161,0.5116659844453542,0.0,0.6037658616455179,0.0,0.9312320916905447,11.266884977486697,8.329922226770366,0.0,0.0,1.0437986082685224,1.4531313958248058,0.0,11.503515511936078,5.2820793801847525,2.770862104137762,2.48067082568337,0.8922554067751172,2.0167065586219493,0.7662245975825581,6.0992503302968455,1.9433309942869592,5.94876099965929,3.5243768150305623,1.6109514364842104,5.388137510293406,3.31001763363271,2.484302221880444,9.009921188021949,10.366781696481498,1.6064655941231194,6.64075558674284,3.1482068913219243,5.630372997792325,7.576053719030332,45.345329805567154
IL,5.70318887980376,6.071136549468519,20.95257563368765,2.9129190515126733,4.343826655764513,3.4546197874080122,0.9403107113654946,12.64309076042518,13.082583810302534,4.425592804578904,0.766557645134914,0.4497138184791496,0.7972199509403106,0.18397383483237933,1.318479149632052,12.009403107113654,7.7575633687653305,0.0,0.0,0.695012264922322,1.0834014717906786,0.4088307440719542,11.815794587881747,7.086139801204904,4.0614270839752065,1.9041321635043045,1.0639534975581162,1.7845580672225092,1.3384936002262555,6.5430161807389,1.924356112135475,6.272220668559501,3.398681967347803,2.144496952977739,4.939383453966027,2.734325254813853,2.437538808651426,8.8584212996099,10.20934946825235,0.2813024854916868,3.711931971692792,2.8150630497398534,5.905819599218217,8.76959392523143,43.25915440146982
IN,5.7774981650414166,5.462933836636258,22.20824158540421,3.240012582573135,4.466813463353255,2.9883611198490088,0.8598091643074339,12.876166509384499,13.43189682290028,4.299045821537169,0.681556044877844,0.4928174478347487,0.4928174478347487,0.0,1.8454440599769317,11.25091747929118,6.909929747299988,0.0,0.23068050749711647,0.9751494180559922,1.142917059872077,0.36699171647268525,10.662576795788889,5.25311242519699,2.7700215220106106,2.3938144147282587,0.9793548120440596,1.7717131697581798,0.7241315174936452,5.924841241958768,1.7761415670031266,6.866879426552079,2.97520392769313,1.73947443781497,4.916288530746362,2.9786285548958884,2.1688518346849786,8.09336832751245,10.438913212270794,0.3062089081638979,4.733218588640275,3.6910986263111742,9.71457503623905,9.12158312249242,47.09865356599319
KS,5.704354937640565,5.612349212839911,22.69474545082805,2.4432631363729302,4.518503373543243,3.138417501533429,1.124514414230219,12.206092823553465,13.42261296258434,4.549171948476795,0.7053772234716826,0.0,0.7667143733387856,0.0,1.6663259047229606,11.562052749948887,7.748926599877326,0.0,0.0,0.8893886730729913,1.2471887139644244,0.0,11.532133679572116,6.192842007237447,3.1584475562621104,2.377650679178908,1.0552296877421592,1.791156292700358,0.8766284084994987,7.065545112896447,1.6612152331528371,6.885184215139081,3.14897268733677,1.9909406717546712,4.505503206904743,3.283312793171056,2.3347430584741535,8.789768224402795,10.208359135431747,1.02213532413865,4.919351946036561,3.129887594215728,6.73703787172787,7.333954614024295,44.33456121775944
KY,5.890132248219736,6.012207527975585,22.014242115971516,3.296032553407935,4.354018311291964,2.7873855544252293,0.8850457782299084,11.271617497456765,13.896236012207527,4.252288911495422,1.007121057985758,0.6510681586978637,0.600203458799593,0.0,1.4038657171922686,10.844354018311291,8.097660223804679,0.0,0.0,0.9664292980671414,1.3224821973550356,0.4476093591047813,10.471603382447295,4.867087314671754,2.2718444925897474,1.9002049532117808,0.8387544752593564,2.1148927232498655,1.0272116868406995,5.9425402113981605,1.5949809960323282,7.8602002345884685,3.050465292703301,1.8686036039924157,5.241747923853696,3.1493933404112684,2.0399893735068484,8.35066851958948,11.19349520513064,0.4153731213021865,4.654173823724893,3.627537578751617,8.401067636478027,9.118164110266171,46.59511990504534
LA,5.174341770865101,6.099420555047271,21.378469045440685,2.917556165497611,4.60506251906069,3.2225271932499746,1.2503812137846904,12.747788960048794,13.459388024804309,4.35091999593372,0.75226186845583,0.3049710277523635,0.6506048592050422,0.0,1.4740266341364237,11.039951204635559,8.376537562264918,0.0,0.0,0.75226186845583,1.036901494358036,0.40662803700315137,10.363184895337106,4.591104946505304,1.998819271188001,1.8169338570293987,1.0188340524552808,1.857259832718596,1.339472335346678,6.884072421316341,1.5345535510739068,7.456661885650501,3.474878000383072,2.4787919342140055,5.729489022127094,3.689506728135468,2.5892821533184733,9.77582401133657,10.35525756678282,0.3379700819666077,6.467370672527966,3.483149995396241,5.051382383309477,7.706200401881091,45.99276172416149
MA,5.462099716254559,5.948520470206729,20.865423591406564,2.8577219294689904,4.600729631130928,3.3036076205918112,0.8917713822456425,13.61978111066072,13.406972030806646,4.30685042561816,0.6282934738548844,0.3242805026347791,0.5776246453182001,0.21280907985407374,1.246453182002432,11.410620186461289,7.90433725172274,0.07093635995135793,0.14187271990271585,0.6992298338062423,1.0944466963923796,0.4256181597081475,13.345693786594936,7.299450491643643,4.861887782674786,2.751244058046365,2.65240127241109,2.2545530673358822,1.4830146756632867,7.330080834807363,2.3626115910012846,7.050865280559295,3.2689767627562727,2.0519666411591375,4.764669736981238,3.1100718694390945,2.8259554602848302,7.926147312773359,8.897901608412637,0.2153179949004474,4.664841453348522,2.046000383012465,3.5800212388135986,5.256326697380467,39.92593018147683
MD,6.039040260268402,5.835705571370476,20.892639284261897,2.8975193167954454,4.300528670191135,3.40585603904026,0.9251728344855633,13.074420496136641,14.050427002846686,4.229361529076861,0.7218381455876373,0.27450183001220013,0.6710044733631557,0.12200081333875558,1.4131760878405855,11.498576657177715,7.3403822692151275,0.0,0.0,0.8235054900366002,1.0776738511590078,0.406669377795852,12.957807508262295,7.60735347341977,6.492648154618556,2.331663967880056,2.478813585854601,2.016982944420024,1.643817774922449,6.756985223673681,2.30120086611639,6.067103982807915,2.655737520146974,2.732161396205669,4.651618583180861,3.171543893791789,2.751353463401072,7.645988075245428,9.532508794537806,0.1762664572758911,4.564581149570386,2.791710028841325,2.5351687586959164,6.136984397131147,40.09568464864104
ME,6.818181818181819,5.178497301784974,21.907430469074306,2.8538812785388132,4.8360315483603165,2.9991697799916985,0.7264425072644252,12.868410128684104,13.397675383976756,4.929431299294314,0.9236197592361977,0.0,0.0,0.0,1.4736405147364053,12.38065587380656,7.544624325446243,0.0,0.0,1.1623080116230804,0.0,0.0,12.41371038297632,5.389749668388226,2.948663675105128,1.99079953715463,1.0528321056642114,1.9764061750345725,1.0910732932576976,6.993762876414642,2.03242739818813,7.066435243981599,3.449326898653797,1.718595659413541,5.207857082380831,3.5104281319673754,2.36333361555612,9.031129173369456,10.112465780487115,1.3013292693252054,5.105974656393757,3.134366268732537,5.559930008748906,6.549403098806198,45.21723352150178
MI,5.718058094657729,6.185252894576478,22.00893763965062,3.1586431037984966,4.793824903514118,3.0570790168596385,0.9242331911436117,11.100954702417226,12.736136502132847,4.71257363396303,0.7820434694292099,0.4671947999187488,0.5484460694698355,0.0,1.300020312817388,12.604103189112331,7.200893763965062,0.0,0.1218769043266301,0.8531383302864107,1.3304895388990454,0.3960999390615479,10.791650917468951,5.926646854642455,3.261374618313053,3.326811109357936,0.9430443352960826,1.732926642915183,0.911611597519136,5.493472212402371,1.828738437946364,6.555177206206017,3.405703963738729,1.6426508247879896,5.352294434352748,3.2133339498241447,2.263343725903209,9.089472790466177,10.353500116214049,0.4404315408033635,4.436349431691539,3.020341916032707,8.47719789168436,7.533925482433433,44.223234549906046
MN,5.515563216060023,6.205008618067526,21.565446618675864,3.011254182297476,4.126533509074319,3.508060427861706,0.92264017033357,12.257933691574575,12.673628713373217,4.61320085166785,0.5779174693298186,0.2737503802088615,0.5677785663591202,0.17236135050187573,1.3079184832201158,13.099462638142557,7.026259758694111,0.16222244753117715,0.17236135050187573,0.7198621109195986,1.2369461624252258,0.2838892831795601,12.3935151165232,6.719537318916649,3.987278238505144,2.671241864371195,1.379284327104766,2.192059888725593,0.9788998530338022,6.2520995171110645,2.112901532647491,7.048210161662817,3.840705700188957,1.413368675204703,4.833318024354399,2.6418814297711526,2.348998792777661,8.247198456854923,9.540697826999793,0.5847155154314508,4.299647018685702,2.8375957904681925,6.718946829729163,6.957898120932185,43.40025595567953
MO,5.96772556581752,5.906830406982647,22.399269258093987,3.044757941743632,4.506241753780576,2.9432660103521777,0.8423830305490716,11.448289860956057,13.122906728915055,4.445346594945703,0.6596975540444537,0.35522175987009036,0.6799959403227446,0.2740282147569269,1.4817821983152342,12.036943063026492,7.408910991576172,0.0,0.0,0.8626814168273624,1.2990967218106164,0.3146249873135087,11.437283279339704,6.012209614664561,3.6474840054047895,1.9035277646637472,1.0665342601787486,1.7938365865173296,0.9500056978201769,6.414801308870692,1.7611148192163055,7.116675077734547,3.201947026551842,1.7556449118465822,5.202370293193547,3.2015888778550146,2.1358360330147983,9.02170055513048,10.642942028749571,0.5360509222328944,4.695101502596579,3.20477965715402,6.146026991388152,8.152538785875919,43.89267531688588
MS,5.309098377490245,5.986855617169851,23.01293900184843,2.916409940439515,4.271924419798727,3.121790922160608,1.1501334976381188,11.768330252618608,14.736085438488397,3.3887861983980283,0.780447730540152,0.0,0.0,0.0,0.9139453686588623,11.24460874922982,9.159991784760733,0.0,0.0,0.9858287122612447,1.252823988498665,0.0,9.521269189672893,3.61257863209488,1.5331400742477836,1.3962525676185171,0.7764259376011989,1.843757382147679,0.8733422922947196,6.485573621229923,1.2442683245438515,8.337935360937156,2.9557532645714795,2.400459316250815,5.317649414669021,3.8136859346913616,2.2834400534408825,9.669733468291378,10.768275264349333,0.6071547579750661,4.992091813188447,4.179371130972402,7.487355505459075,9.900486693752145,50.774005539322154
MT,5.242860120908902,6.055868250990202,22.73295809881176,3.898269751928289,4.106733375026058,2.491140296018345,1.1465499270377322,11.767771523869087,14.394413174900983,4.367312903898271,0.0,0.0,0.0,0.0,0.0,11.298728371899106,8.67208672086721,0.0,0.0,2.1471753179070254,1.6781321659370445,0.0,12.818561379300531,5.364242885492166,2.6991030847908504,1.7778267765820488,1.9022995454965752,1.8137460613259553,1.161153115731224,5.216298108725185,1.5002525019026551,6.510992723677565,3.3243120212243857,2.1866309133456148,5.410653446473153,4.324006173849338,3.1148421329653684,9.114963049369456,9.831214925351905,1.2086305861600506,6.397722503965348,3.475457526334882,4.077550091398576,6.769540446537167,47.35715082975893
NC,6.180970716384638,6.484952882764211,21.633397507346235,2.877697841726618,4.29628128483129,3.171547269226872,0.8511500658628025,11.460127672509879,13.486675448373694,4.29628128483129,0.6079643327591447,0.3749113385348059,0.6180970716384638,0.17225656094842437,1.2665923599148847,12.007295571993108,7.579288681730671,0.08106191103455263,0.17225656094842437,0.7903536325868882,1.2463268821562468,0.34451312189684874,12.255202818429924,6.415002563981961,3.980825774270928,2.074951636149354,1.3275155225112265,1.9476511745561216,0.8796312760676279,5.944289126919211,1.9410548003822456,6.822161369873804,2.7900559563729197,1.8369276880607155,5.208554407467783,3.430363129442276,2.117837628242118,9.31453921171608,9.50011720514112,0.3587853952834203,4.988082550659198,3.223906177762533,6.30376283950773,7.338781747201703,42.47214566828478
ND,7.230066886081324,6.773542838942562,22.136107867077186,4.066249071026648,4.363520543582121,3.01518207877694,0.0,12.803906996496442,15.36256502813462,4.671408854443147,0.0,0.0,0.0,0.0,0.0,11.593587429663446,7.983862405775559,0.0,0.0,0.0,0.0,0.0,12.494086317812254,5.365965478727815,2.398394404803129,2.5932410880199774,1.4105046504708998,2.006506269722435,0.7530495091034126,7.279316012544322,1.4131871454838978,6.758180390473728,3.2458189657274685,1.6265674306087312,4.6880258299883435,3.3450712812083907,2.5064257948720448,8.351338565011487,10.428565157803863,1.236874064175035,5.106738915199017,3.6857481478591256,5.278662459213883,8.02773212117074,49.296208238916
NE,5.191734347691991,6.3637298242006795,21.52770638429115,2.8169014084507045,4.060861519481855,3.8552482779891024,1.1000308419862241,11.833042047907885,13.169528117610776,4.780507864706488,0.7916109797470958,0.0,0.5859977382543435,0.0,1.4084507042253522,12.614372365580342,7.669373907679655,0.0,0.0,0.7916109797470958,1.4392926904492649,0.0,11.959797836598032,6.008041201070367,2.9114296087550353,1.769121864728787,1.2068525017817042,2.0188486060445396,1.0874639096834426,6.945476968471039,1.835683646164101,6.76240805733726,3.024382934827083,1.3913621441153814,5.098267472707748,2.9512898386188957,2.4649950342797977,9.11444976554501,10.645658884797212,1.4939422055481597,4.5571288340258445,3.4857050650346064,6.057890500586858,7.209803119279097,44.4440527152547
NH,5.552115583075336,6.078431372549021,23.023735810113525,3.24045407636739,4.901960784313727,3.1785345717234272,0.0,11.661506707946339,14.148606811145514,3.6635706914344692,0.6604747162022705,0.0,0.8255933952528383,0.0,1.0835913312693501,12.012383900928796,8.348813209494326,0.0,0.0,0.6191950464396286,1.0010319917440662,0.0,13.407201203334235,5.900202644828378,4.725593832912027,3.079757452942528,1.0095681784945787,2.0867716798629536,1.0170106754131238,6.112770802431737,1.7700085653999622,7.002083899137193,2.7931560365178516,1.7022426724047883,4.7578446528923894,3.091508763866547,1.9934140430776943,9.167589362191071,9.64586771679863,0.3313869680573255,5.382492113564669,3.0236123007499947,5.82107715127332,6.1788392838489985,44.393351516024495
NJ,5.922458532614228,6.807774498829758,21.145822733285854,2.80858858247685,4.172178691360538,3.113869950137378,1.149893151521319,12.791289304976091,12.597944438791089,4.497812150198435,0.6512669176757915,0.46809809707947503,0.630914826498423,0.1729927750076321,1.190597333876056,11.671924290220826,8.018723923883181,0.0,0.0,0.7326752823852654,1.1193650147552665,0.33580950442658,12.959196573820316,7.347145181125085,4.871502589590858,1.8846704788731805,1.3331090449179346,1.7841377242318208,1.4529710030602832,7.0936714098094145,2.4376528704912017,6.216439017407776,2.7827993074921036,2.3733754326868324,4.415646833510778,3.1968621911376123,2.7467529550172864,8.53815845976548,10.455824411425754,0.17958397285135,4.328968416081479,2.419911796142727,3.662079550643035,7.519540779917689,40.35871541356872
NM,5.24048815506102,5.466106040406112,22.82842785355348,3.804737975592247,5.096913137114142,4.3892934058045325,0.748641165008717,12.788431955696852,13.906266023997539,3.763716541893139,0.7076197313096092,0.0,0.0,0.0,1.1793662188493486,10.768126346015793,7.117218746795201,0.0,0.0,0.7896625987078248,1.4049841041944418,0.0,10.611499783679973,4.5285806240568975,2.7399833275296253,2.849620648537993,2.16383340192261,2.1472664535122985,1.2063270969852375,7.539966444015322,2.3049162683212514,5.502864921333376,4.292844555594247,2.816381229752973,5.967372608608482,4.002764675467199,2.297107642955881,8.261103548703662,10.728734686124918,0.7709434718836725,6.085029598911014,3.358658604788587,3.3828231346354745,6.441377272679308,46.51303202158105
NV,5.793425324675326,6.30073051948052,21.94602272727273,3.3887987012987018,4.687500000000001,3.4598214285714293,1.095779220779221,11.130275974025976,13.443587662337663,4.342532467532469,0.7508116883116884,0.5478896103896105,0.6696428571428573,0.19277597402597405,1.288555194805195,10.9375,7.731331168831169,0.0,0.0,0.7508116883116884,1.1160714285714288,0.4261363636363637,10.739393300856296,5.010513386016972,2.5347764050451405,1.789492010404815,0.9213747769960818,1.2693154960178905,0.9438598677748176,4.7856624782296135,2.4501039774840727,4.604239917203472,2.3561805411454677,2.7050849069149363,7.732108773875152,4.369302840123938,4.441319373732403,9.585651171441109,11.066390763895626,0.1342038703907973,5.398092107925867,3.278261992423167,4.120425006761589,9.764247035340782,47.09926666435571
NY,5.940192600101369,6.517992904206792,19.716168271667513,2.5443487075519515,4.328433857070451,3.710086163203244,1.1150532184490625,12.9954384186518,13.674607197161684,4.835276229092752,0.6994424733907755,0.34465281297516476,0.6588950836289914,0.15205271160669032,1.2062848454130766,11.403953370501775,8.018246325392804,0.04054738976178409,0.11150532184490625,0.6588950836289914,0.881905727318804,0.446021287379625,11.573289553160382,6.5965029816076814,3.4891752084979704,1.7358121960570971,1.2740434466553612,2.04092558735083,1.9204447012314632,7.594868412103168,3.2204758552325337,6.738503147637363,4.966901868438039,2.703106952800178,4.931966890306773,3.396181921450878,3.029833367237136,8.459358090087871,9.988695607702486,0.2012771369733414,4.08227822720714,2.336456337058169,3.2851586859406923,6.434743825263448,40.55837718982359
OH,5.919318872896817,6.324751672410299,21.893371173727957,2.969795256436246,4.4698966146361245,3.253598216095682,0.8007297790391243,11.189945266572066,13.257652544090817,4.297587674842895,0.7804581390634503,0.4054327995134807,0.557470099331036,0.21285221974457733,1.297384958443138,12.152848165416582,7.733630650719643,0.0,0.0,0.8615446989661465,1.287249138455301,0.3344820595986216,11.187806022059435,5.828027553460771,3.21133742304984,2.381355373981194,0.965093797635968,1.8663920287698987,0.9155960450898072,5.866304893361994,1.681592351170908,7.403397693090076,3.0390202384087,1.9040642616717791,5.501356217673239,3.1138979073843975,2.2738019270410392,8.443490181101609,10.382961846620589,0.2735429412453206,4.305025102431649,3.121677854518792,7.67887697673329,8.655381363499703,45.26826530685359
OK,5.7006401788436145,5.92419469566101,22.42658266436338,2.774108322324967,4.2170511126917996,3.3431561833147034,0.8840564983233412,11.685804288182096,13.210039630118892,4.613352301595366,0.6300172746672087,0.4674321715272839,0.6401788436134539,0.0,1.2092267046031908,11.899197236053247,7.499237882329032,0.0,0.0,0.9958337567320394,1.3718118077431156,0.508078447312265,10.84223697412956,4.95717484978996,2.6415427228634236,1.7301620460820912,0.7707228157982753,2.093577796948282,0.9756211080960262,6.321269265364396,1.559359349174616,6.741456888555028,2.8334522169172605,2.1920761836312996,5.3457563972537345,3.272527717554253,2.661783600126857,9.436091324240452,10.921143923461342,0.691437026517714,5.7078191483028515,4.324187415369861,6.08211301769832,7.898488212124394,45.9702339624486
OR,5.281332520820638,5.728214503351614,20.719073735527115,3.1383302864107248,4.438350599228113,3.3516148689823275,0.9750152346130407,12.390818606540725,13.609587649807029,4.986796668697948,0.700792199878123,0.38594353036766194,0.5687588868576071,0.2234409912654885,1.1476741824091,12.25878529352021,7.739183424741011,0.0,0.0,0.8734511476741823,1.1070485476335568,0.37578712167377615,12.40703781537616,5.866052545986429,3.977879083562033,3.2730403592910755,1.532968270590258,2.149755727975397,0.9208000521926384,5.9269122101725165,2.7923537784660604,6.050536379364288,4.362942655243336,1.764311188130175,5.274980439665834,2.820974011780488,2.2043294174568184,8.896701910983932,9.82688330421308,1.2102406147302294,4.349227801342246,2.7130647793503826,5.117545345926236,6.561462308200388,41.54587495427573
PA,5.850091407678245,5.941499085923217,21.22689417022141,2.9555149299207804,4.5906967296364005,3.534430225472273,0.964858825919155,12.53300832825513,13.111923623806623,4.438350599228114,0.7617306520414382,0.31484866951046114,0.700792199878123,0.1625025391021735,1.3203331302051595,11.984562258785294,7.3938655291488935,0.0,0.0,0.7718870607353241,1.096892138939671,0.3453178955921187,11.12715275020621,6.448754541203132,3.5200564499029765,2.2114024491520405,1.3086383757777915,2.0633714535803143,1.1376386696835363,5.990020954651484,1.9339341760506348,7.616815033599162,3.8000872186000927,1.8803248931915897,5.0256788621144555,3.0962290533563146,2.4540582820873276,8.305329475214965,10.102732635928282,0.4520929729652027,4.200477155429889,3.133510239279276,5.713130805556428,8.478563552468895,44.60427693176771
RI,4.862881027627689,6.830461820776838,21.684167601182587,2.416148435110613,4.8424915893567135,2.3855642777041495,0.6218778672647569,13.895402181669898,15.455194209399533,4.139055969008054,0.7442144968906108,0.0,0.0,0.0,0.9786930370068305,11.040880823733309,7.686818228157816,0.0,0.0,0.8563564073809766,0.9786930370068305,0.5810989907228056,12.051266476340883,6.183027180379532,3.562355513790282,2.7878915643278512,1.4621021827913574,1.9803766735388808,1.0126093807504173,7.288715158054961,2.522412111294132,6.278785583358047,3.6581139167687975,1.8572842488146324,5.794097995147764,2.88686573457057,2.4014635314126864,8.242904766839008,10.102868821707144,0.3721357339631473,4.2332002958505885,2.3916375758831747,5.839833351794219,7.090052202621923,44.89226891713487
SC,6.0992907801418434,6.01823708206687,23.49544072948328,2.796352583586626,3.880445795339412,2.5835866261398173,1.144883485309017,11.925025329280647,13.606889564336372,3.6778115501519757,0.7902735562310031,0.4964539007092198,0.4964539007092198,0.23302938196555217,1.2867274569402227,11.043566362715298,8.074974670719351,0.0,0.0,0.7700101317122594,1.205673758865248,0.37487335359675783,11.126788489298963,5.748993034184587,2.6854011115265553,2.3076076431258317,0.6471918398518071,1.8740669896003488,1.03015076375233,5.979491552294873,1.667329566789141,6.364953735399145,2.851609575800874,2.0583545481239662,5.40684120873248,3.4330411937129255,2.5538011991008926,10.355625717451968,10.192874134935208,0.4291301492141157,4.8259658706434845,3.752981560515894,7.580862225778881,7.126937890165727,44.19856933967989
SD,6.639139411061611,6.508747147669239,26.556557644246443,2.7056394653917204,4.063892209062262,3.390198848201673,0.0,11.789633815060306,14.636531565793764,3.792241660328154,0.0,0.0,0.0,0.0,0.0,11.517983266326198,8.399434966858633,0.0,0.0,0.0,0.0,0.0,12.565253363973582,4.5687405968500645,2.514066371690779,2.054462621222606,1.166784106851524,1.792496947613213,0.8100198696096542,6.41794739949342,1.1530298509673471,7.635516451148057,2.699008212348782,1.933001961568493,5.079975707868069,3.581185024366193,3.183369623408474,8.868320986243628,9.84910523275375,1.6519919336579338,5.474405445838915,3.586686726719864,6.508513884392306,6.906117681413345,52.63333508081902
TN,6.747036774389627,6.331678654644921,22.4090770945193,2.948029581602675,3.7990071927869518,3.170904670246176,0.9117617262688684,10.748657684125215,13.169891601661432,4.0826663965150445,0.6483638942356398,0.49640360652416177,0.6686252659305036,0.14182960186404622,1.2865971026238476,12.096038901833655,8.053895248708338,0.0,0.0,0.8509776111842772,1.0637220139803465,0.37483537635497927,11.396691862120251,5.626797427391195,2.7642181953393252,1.901307800907501,0.7660599229611726,1.7716896834203844,1.0110619854637146,5.81056349893389,2.2718610744766763,7.027207603953032,2.573305988229211,2.0327850756154104,5.547405604197047,3.102788154844557,2.387913154118324,8.699112833413704,10.884319751802511,0.2691420570412675,4.694517229158556,3.299248784285474,7.233951696771457,8.928050615555335,45.061674944576474
TX,6.177840794004455,6.836135304840996,21.77435689690095,3.078792789143204,4.051043143609479,3.109175612720275,1.1140368644926069,11.31253797852947,12.365809195867936,4.253595300789953,0.6582945108365404,0.435487137938019,0.6785497265545878,0.18229694146242656,1.346971845250152,12.092363783674294,7.9197893457565325,0.060765647154142184,0.14178651002633177,0.870974275876038,1.1444196880696778,0.39497670650192424,11.445108553690918,6.368226837691044,3.894749838896731,2.3511128770669005,0.8957268090512067,1.4950195826140715,1.042496761353652,6.492962538892395,1.7012398068140837,5.639629387782119,2.861913579242007,2.209742622662746,5.300238946681065,3.2229832044607667,2.220428129049564,9.386517275918065,10.576212749705045,0.3588253339086758,6.0906314504533166,3.40185657156298,4.852841148860091,8.19153599364256,42.106199241481065
UT,6.562689892647357,5.94490581324691,22.868138545675507,3.210451691310512,4.192829653635811,2.815474984808588,1.235568158800891,10.73526433056512,12.001215312943081,4.759975693741138,0.6177840794004456,0.5570184322463034,0.7291877658497062,0.18229694146242656,1.1241644723516306,12.224022685841604,7.848896090743366,0.0,0.0,0.870974275876038,1.1444196880696778,0.37472149078387684,12.492121998111555,6.354902563052455,4.791474693696461,2.3225600946497846,1.1918250799176364,1.625428028622459,0.935974881403365,6.50722955985575,2.29377836933893,5.882905020306474,2.6526398416436296,1.8601185397540472,4.661900048917557,3.0018884452180243,2.448266839584542,8.802373070316143,11.24512246453477,0.3466889639716505,5.637236499323118,3.1737824647622945,5.112567261640672,6.659215271378678,40.81232158578059
VA,5.69543147208122,6.111675126903554,21.41116751269036,2.9949238578680206,4.395939086294417,2.903553299492386,0.9035532994923859,12.81218274111675,13.614213197969546,4.121827411167513,0.5279187817258885,0.4467005076142133,0.6395939086294418,0.18274111675126906,1.2994923857868022,11.918781725888326,7.614213197969544,0.0,0.0,0.8730964467005078,1.1167512690355332,0.41624365482233505,12.851435849930525,7.89601667438629,6.636150995831404,2.3363825845298747,1.2433765632237148,1.8095414543770263,1.5760305697081982,6.55220009263548,2.2540759610930987,6.088999536822603,2.5902501157943494,2.5996526169522927,4.626053728578046,2.962552107457156,2.5345993515516443,8.041477535896249,9.518179712830014,0.3414080592867068,4.17878647522001,2.8008800370541915,3.869499768411302,6.692450208429829,41.17755623373296
VT,6.414491209376664,6.4997336174746945,24.006393180607354,3.015450186467768,4.837506659563133,2.4507192328183267,0.0,12.67980820458178,14.182205647309537,4.198188598827917,0.0,0.0,0.0,0.0,1.427810335641982,12.125732551944594,8.161960575386255,0.0,0.0,0.0,0.0,0.0,13.522119900969482,5.71536824082001,3.0761933408917375,2.281982461417432,1.5673083597491846,2.95414054004026,0.7045512390383859,7.7046553599111505,2.7673014183576665,6.970892431569449,3.005044077836137,1.379890788773456,5.101344316157245,3.018926860871376,2.526088063120387,7.691640250815614,9.609488882204587,0.9035377958768136,6.1619310951202015,2.569471760105509,5.299752423702539,5.46837039265138,46.54238061598607
WA,5.4438350599228125,6.063375990249849,21.277676213690842,3.432866138533415,4.39772496445257,3.310989234206785,0.8937639650619543,12.49238269347959,12.502539102173474,4.844606946983547,0.7820434694292101,0.3960999390615479,0.7414178346536666,0.14218972171440183,1.2797074954296164,12.63457241519399,6.672760511882999,0.07109486085720092,0.15234613040828765,0.9343895998374978,1.1781434084907578,0.3554743042860045,12.86881133992771,5.891128461726457,6.977528523468352,3.091545219505293,1.473393102916018,1.9826350925485257,1.0257129259225912,5.732297441570302,2.331348159962954,5.664432810671057,3.612595346204803,1.8374387404653796,5.158175012541322,2.904338654283987,2.1473830441325905,7.890408139639582,9.06414725441519,1.41095661345716,4.702108228393554,2.976010701928148,4.189624789370104,7.067980396948921,40.74184261064302
WI,5.532994923857868,5.796954314720812,21.279187817258887,2.974619289340102,4.436548223350254,3.50253807106599,0.7715736040609138,12.862944162436548,12.923857868020306,4.436548223350254,0.6598984771573604,0.3045685279187817,0.7005076142131978,0.0,1.1269035532994924,13.096446700507613,6.9238578680203045,0.0,0.0,1.116751269035533,1.1878172588832487,0.36548223350253806,11.080240965983986,6.078819419793223,3.3692444146648604,2.588784474948888,1.3239191750386303,1.7456390921603608,0.7102496261284442,6.116869091136324,1.6421884809936491,6.564631603605525,3.3230155362402676,1.5586624182774524,4.738672697904913,2.8451208248828492,2.185811300457938,8.023376828175472,10.33446086429354,0.76416695920964,4.5983829380431605,3.295696984588084,9.034784859044452,8.077261444428341,46.327444552793985
WV,4.466717507353742,5.817627192504631,21.102516614010245,3.224752151650507,4.1616733849003165,4.259723281403203,0.0,12.681119947706723,16.73384900315939,4.3686676108508555,0.0,0.0,0.0,0.0,0.0,11.123216036605296,10.393289029306024,0.0,0.0,0.0,1.6668482405490797,0.0,8.119449891391184,4.327846772436469,2.3592872092485853,1.721499263836895,0.7271838955242604,2.668277642429404,1.0031625302883251,6.409306686209651,1.2504869240266472,8.547678940453318,4.424109176619724,2.7675771320670006,5.612798014010207,3.40496893589769,2.1608202771670597,8.6286238701712,10.296115831798284,0.3730333221093218,6.836347310528783,4.11934425363625,5.515083090696615,8.726999029453127,51.10913854556493
WY,6.665929692681847,6.478001326553172,22.031837276144152,3.1505637850983854,5.372540349325669,4.079151005969489,0.0,10.181295600265312,16.48242317046208,4.631881494583241,0.0,0.0,0.0,0.0,0.0,13.331859385363694,7.594516913552951,0.0,0.0,0.0,0.0,0.0,12.271703514520462,3.364018439129123,1.7607684373750203,1.5036169600696028,1.713758481087263,1.718669969057626,0.8998547602843051,7.331448257474232,1.710250275394147,6.198648639167011,2.329448580229156,3.1124800909326917,4.589434687734611,3.92848873515152,3.6615142819053768,7.440202633960833,10.42358075538685,1.322593546304807,8.061505862211714,4.332984851567817,4.903769917837822,7.421258323218007,54.56493844563411
