geo_id,obs_artifact_academic_paper_or_thesis_pct,obs_artifact_advice_or_recommendation_pct,obs_artifact_analysis_or_summary_pct,obs_artifact_app_or_website_pct,obs_artifact_audio_or_music_pct,obs_artifact_blog_or_article_pct,obs_artifact_chart_or_visualization_pct,obs_artifact_code_fix_or_debug_pct,obs_artifact_config_or_infra_pct,obs_artifact_creative_writing_pct,obs_artifact_data_or_spreadsheet_pct,obs_artifact_document_or_report_pct,obs_artifact_educational_material_pct,obs_artifact_email_or_message_pct,obs_artifact_explanation_or_answer_pct,obs_artifact_game_or_interactive_pct,obs_artifact_idea_or_brainstorm_pct,obs_artifact_image_or_graphic_pct,obs_artifact_marketing_or_social_content_pct,obs_artifact_math_or_calculation_pct,obs_artifact_ml_or_ai_system_pct,obs_artifact_none_pct,obs_artifact_other_pct,obs_artifact_plan_or_strategy_pct,obs_artifact_presentation_or_slides_pct,obs_artifact_recipe_or_meal_plan_pct,obs_artifact_resume_or_job_application_pct,obs_artifact_script_or_snippet_pct,obs_artifact_sql_or_database_query_pct,obs_artifact_translation_pct,obs_artifact_ui_or_design_mockup_pct,obs_artifact_video_or_animation_pct,exp_artifact_academic_paper_or_thesis_pct,exp_artifact_advice_or_recommendation_pct,exp_artifact_analysis_or_summary_pct,exp_artifact_app_or_website_pct,exp_artifact_audio_or_music_pct,exp_artifact_blog_or_article_pct,exp_artifact_chart_or_visualization_pct,exp_artifact_code_fix_or_debug_pct,exp_artifact_config_or_infra_pct,exp_artifact_creative_writing_pct,exp_artifact_data_or_spreadsheet_pct,exp_artifact_document_or_report_pct,exp_artifact_educational_material_pct,exp_artifact_email_or_message_pct,exp_artifact_explanation_or_answer_pct,exp_artifact_game_or_interactive_pct,exp_artifact_idea_or_brainstorm_pct,exp_artifact_image_or_graphic_pct,exp_artifact_marketing_or_social_content_pct,exp_artifact_math_or_calculation_pct,exp_artifact_ml_or_ai_system_pct,exp_artifact_none_pct,exp_artifact_other_pct,exp_artifact_plan_or_strategy_pct,exp_artifact_presentation_or_slides_pct,exp_artifact_recipe_or_meal_plan_pct,exp_artifact_resume_or_job_application_pct,exp_artifact_script_or_snippet_pct,exp_artifact_sql_or_database_query_pct,exp_artifact_translation_pct,exp_artifact_ui_or_design_mockup_pct,exp_artifact_video_or_animation_pct,dissimilarity
AK,0.29,11.49,6.75,3.3,0.0,0.29,3.16,2.87,0.86,1.72,2.73,15.66,2.44,4.17,19.83,1.44,0.57,0.43,2.16,2.16,0.29,6.9,0.0,4.02,0.72,0.86,1.15,2.73,0.14,0.14,0.57,0.14,0.891922109178427,12.980383984246801,5.945376873427415,3.551989935455639,0.030271305108850236,0.47477081282135447,1.8986226889837,2.6983699814024718,1.5156448966196259,1.888871020676075,2.648401706596652,13.653344273055463,1.8880625752105895,5.600949567880976,17.23523684498414,0.40742150749370964,0.9131418881960398,0.6730620282244831,2.394570615906356,1.9100175035554097,0.35374138496882185,7.135088064763156,0.11765671151952742,4.094324472158408,1.8794497319768078,0.644488567990373,2.0142106990482445,2.9896882179192654,0.35033147358057104,0.33624767530904714,0.7318083360682639,0.15730664041133358,8.983044524669074
AL,0.94,12.99,5.67,3.64,0.02,0.58,1.79,2.66,1.47,2.86,2.43,14.4,2.52,4.24,17.06,0.67,1.07,0.49,2.21,2.05,0.42,7.84,0.07,4.06,1.67,0.74,1.34,2.86,0.31,0.16,0.63,0.13,0.8512671660424469,13.432752808988765,6.043976279650436,3.2670661672908854,0.02897107781939242,0.4452538493549729,1.8304972950478569,2.485967540574282,1.4516500208073242,1.7654088639200995,2.6187567623803574,13.9372315855181,1.8778069080316275,5.610794839783604,17.802846441947562,0.39411256762380353,0.8996306699958385,0.6527725759467333,2.236910112359551,1.8145266333749475,0.3313670411985019,7.336940282979609,0.12335101955888471,4.092653974198917,1.7671806075738656,0.765496254681648,1.9278776529338324,2.745043695380774,0.3245869746150646,0.3167270079067831,0.6769309196837288,0.14772888056595923,4.383769246774864
AR,0.65,11.74,6.93,3.59,0.0,0.3,1.95,2.9,1.56,2.6,2.77,15.85,1.95,4.37,16.33,0.65,0.78,0.56,2.56,2.12,0.09,7.67,0.04,4.46,1.3,1.17,1.3,2.6,0.52,0.17,0.39,0.13,0.8492410048967426,13.260393868426656,6.050400255482224,3.3615701511603144,0.028955716414732803,0.4433989780711093,1.8288237172663402,2.5797924206940595,1.4816414732808174,1.751728763040238,2.7214924419842457,14.200733446880987,1.8120949542261016,5.775565254417713,17.300339578454334,0.38974451777730473,0.8844326165637643,0.6705801575473707,2.2258973813072176,1.886304023845007,0.33614860549286774,7.253665105386418,0.12743133915265065,4.060307643176495,1.7982286565893122,0.6697913561847988,1.925535448158399,2.8422429210134132,0.339806259314456,0.31377687885884603,0.6863838620395996,0.14756653182882695,6.638213753459657
AZ,0.63,13.11,5.74,3.91,0.05,0.4,1.66,2.58,1.7,1.7,2.71,13.88,1.64,5.6,17.21,0.46,0.83,0.78,2.41,1.83,0.37,7.29,0.17,4.5,1.64,0.93,1.88,2.83,0.33,0.23,0.76,0.26,0.8084317993366501,13.573499170812607,6.015176202321726,3.3569309701492536,0.02803897180762853,0.42322761194029856,1.8650756633499173,2.5686919568822555,1.491208540630183,1.667481343283582,2.69674336650083,13.87065194859038,1.7433706467661694,5.5718407960199015,17.67293014096186,0.38373756218905464,0.8931488391376453,0.6624657960199005,2.209087893864013,1.8548300165837484,0.33313640132669986,7.271807628524048,0.12312500000000001,4.1843439054726375,1.7721776533996685,0.8064417495854064,1.884571932006634,2.802680348258707,0.33369713930348266,0.3010209369817579,0.6920097429519071,0.14242537313432838,2.0191542288557245
CA,0.74,13.95,6.42,2.79,0.02,0.41,1.88,2.26,1.34,1.43,2.68,13.59,1.67,6.2,18.5,0.28,0.91,0.61,2.05,1.71,0.33,7.57,0.15,4.12,1.63,0.73,1.9,2.61,0.3,0.38,0.69,0.14,0.812815152142414,13.733018008693854,6.043634858207412,3.243957772717865,0.02790002069964811,0.4245373628648314,1.8433843924653288,2.410551645622025,1.419055061063962,1.659428689712275,2.6994825087973515,13.954383150486443,1.8463082177602985,5.632506727385635,17.816532808942252,0.3817180707927966,0.8883823225005176,0.6546832953839787,2.189520803146347,1.8276847443593465,0.3257027530531982,7.321050507141382,0.12303767335955293,4.162977644380046,1.763272614365556,0.7891295797971438,1.8764117160008291,2.69714241357897,0.32121299937901077,0.29949803353342996,0.6745632374249639,0.14067377354584978,2.3093562409439015
CO,0.61,13.95,5.96,2.98,0.01,0.37,1.72,2.23,1.35,1.36,2.91,15.35,1.27,5.91,17.26,0.34,0.82,0.68,2.35,1.69,0.3,7.9,0.15,4.39,1.72,1.1,1.68,2.42,0.23,0.25,0.63,0.1,0.792262955654793,13.856972686675666,5.987797279052862,3.285447086924914,0.027810779935611173,0.4150441375012981,1.8423366912451962,2.4849911724997398,1.4683196593623429,1.617899054938207,2.679421539100633,13.786413957835702,1.7995607020459035,5.53687091079032,17.850313635891577,0.38171357357981095,0.8894880049849411,0.6533212171565065,2.180199397652923,1.822565167722505,0.32687818049641704,7.39392564129193,0.1234520718662374,4.191839235642329,1.7679302108214772,0.7999636514695191,1.8623294215391,2.7388347699657283,0.32660816284141647,0.29264825007788964,0.6818496209367534,0.1392595285076332,3.4947538685221744
CT,1.16,13.3,6.2,3.0,0.04,0.45,1.86,2.05,1.27,1.3,2.86,13.61,2.0,6.04,18.6,0.42,0.98,0.67,1.9,1.95,0.33,7.45,0.15,3.89,2.02,0.75,2.02,2.68,0.18,0.2,0.6,0.07,0.8416529012022999,13.642679560899113,6.0269106116048095,3.1794030318870874,0.028382645060115,0.4368112911657083,1.8304119184526921,2.3410057501306847,1.37474542603241,1.6966680606377418,2.6656393099843174,13.83160480920021,1.9781777313120752,5.620475692629379,18.06377522216414,0.38825196027182446,0.9014939884997388,0.6541913225300574,2.1950005227391536,1.811951907997909,0.322511238891793,7.399787767903816,0.12280815473078935,4.126351280710926,1.7750852064819655,0.7782143230527966,1.8984150548876113,2.642995295347621,0.3138870883429169,0.30677365394668055,0.6648092002090956,0.14265028750653425,2.4720318870883458
DC,1.85,10.59,7.77,2.29,0.02,0.8,1.98,1.81,1.16,1.2,2.39,16.58,2.06,6.22,15.13,0.23,1.11,0.57,1.81,1.53,0.36,8.17,0.1,3.89,3.11,0.73,2.71,2.73,0.21,0.46,0.27,0.15,0.9907285460436915,12.302277620988816,6.117865579596529,3.1024103689766895,0.03221386014424584,0.5291617016828682,1.770153653182815,2.228656841225044,1.3053454583463993,2.18548343263301,2.672618375666352,14.641644193582103,2.041957771506219,6.291138287864533,16.8700334483119,0.42033552837880206,0.9674464304379635,0.6857740148426883,2.5376638444653494,1.7935465663217305,0.3258555451029581,7.31188355806418,0.13157625169854706,3.9073074108916055,1.839318490644925,0.6825253475488657,2.202021532350789,2.5798442562976898,0.3080380474547925,0.3845939165882722,0.669207693111738,0.17422493989756455,8.04142573429497
DE,0.67,15.92,5.33,3.92,0.0,0.5,1.51,2.86,0.95,1.46,2.58,12.72,1.68,4.88,19.06,0.45,0.95,0.78,2.19,1.85,0.34,7.12,0.17,4.54,2.13,0.5,0.95,2.69,0.62,0.17,0.45,0.06,0.7811560209424082,14.473665968586383,5.985544502617801,3.240848167539266,0.026280628272251305,0.39994136125654445,1.8391528795811514,2.369765445026178,1.348756020942408,1.509673298429319,2.6910753926701565,13.54666492146597,1.9178722513089,5.4220890052356,18.352672251308896,0.3693937172774869,0.8771916230366488,0.6480073298429319,2.1353193717277485,1.8253874345549734,0.3189696335078534,7.178091099476439,0.11414136125654449,4.242489005235602,1.783391623036649,0.7812701570680628,1.8094554973821988,2.626081675392671,0.31311518324607324,0.27645549738219893,0.6696952879581151,0.13069319371727747,4.8817722513089015
FL,0.6,12.88,5.93,4.03,0.04,0.43,1.59,2.52,1.57,1.6,2.88,14.89,1.88,5.91,15.65,0.37,0.79,0.82,3.06,1.53,0.41,8.14,0.17,4.47,1.53,0.65,1.4,2.56,0.4,0.29,0.82,0.2,0.7895245526425302,13.303663129421556,6.0846941323345805,3.3830139409071993,0.027763212650853106,0.41639825218476906,1.8687734082397007,2.5511641697877656,1.5057220141489807,1.6335830212234712,2.7891843528922178,14.142504161464835,1.7011756138160636,5.674051186017477,17.40186225551394,0.3796733250104036,0.8783302122347068,0.6721702039117772,2.2184717020391176,1.8834571369121933,0.3291573033707866,7.3586995422388695,0.12594153141905956,4.1857969205160215,1.784107365792759,0.7663462338743239,1.8755347482313771,2.803433208489388,0.33815126924677485,0.29468789013732843,0.695449438202247,0.14150124843945072,4.4118414481897625
GA,0.85,13.13,5.49,3.81,0.05,0.43,1.73,2.69,1.27,1.78,2.66,13.96,1.92,5.57,16.72,0.37,0.91,0.7,2.67,1.74,0.37,6.93,0.12,4.68,2.0,0.64,2.22,2.93,0.39,0.32,0.76,0.18,0.8211287293970374,13.6692916753599,6.008247444189443,3.2625985812643443,0.02830064677654913,0.43274254120592537,1.8426277905278536,2.4374441894429384,1.431301898602128,1.712566242436887,2.7048685583142085,13.953577091591905,1.8028113916127693,5.65635301481327,17.598284998956817,0.3853066972668476,0.9074045482996037,0.6603421656582519,2.2736375964948894,1.8191498017942838,0.32774880033382026,7.271435426663888,0.12324431462549552,4.194775714583768,1.7869027748800341,0.791193407051951,1.9340809513874404,2.7053484247861475,0.32295013561443775,0.30815668683496766,0.6850093886918424,0.1451971625286877,2.927033173377846
HI,0.82,14.1,5.53,3.08,0.0,0.32,1.67,1.31,1.52,1.95,2.34,15.38,1.28,5.67,17.86,0.39,0.71,0.43,2.45,1.59,0.25,9.0,0.28,4.82,1.31,0.82,0.74,2.55,0.21,0.5,1.03,0.11,0.8318563813107558,13.888177067001152,5.88256297689976,3.242158461377653,0.028553360510086757,0.4389746001881467,1.8237242604787285,2.419604891815615,1.3840848750914603,1.7539469008048498,2.6285648583673042,13.820931326434618,1.804395317236333,5.592349743911361,17.958541862652872,0.385743702310024,0.9218751959862024,0.654078603532978,2.2977140169332078,1.7893425316191076,0.32780495453120106,7.1118553360510095,0.12022995714435035,4.179787812271349,1.7842583882094702,0.8530845615135361,1.9419326852722905,2.676324866729383,0.3161973450402425,0.31562767847810175,0.6830730636563186,0.14667084770565486,5.548492735444761
IA,0.82,12.42,6.21,3.33,0.08,0.74,2.01,2.71,1.73,2.22,2.8,13.24,1.89,4.28,18.05,0.53,0.9,0.58,2.51,2.59,0.25,7.36,0.12,3.78,1.77,0.86,1.23,3.5,0.62,0.12,0.66,0.08,0.8554585199402857,13.06360311367029,5.9838824909362325,3.4891725314566,0.028825975687779903,0.4477756451268927,1.8691320110897844,2.737847088931541,1.5553188313073145,1.7398560460652586,2.7225890381744504,13.651464064832584,1.9256653870761349,5.571707187033482,17.399224781403284,0.4022168905950095,0.8917551716783959,0.6691576029004053,2.2365163147792706,1.9272072936660265,0.34446896992962245,7.3576007677543185,0.12351140968223501,4.115340157816164,1.82873747067605,0.6869044572403497,1.9343207506931117,2.9286009810194065,0.3513041160162081,0.31198763062486673,0.7050586478993387,0.14775218596715717,4.188270953294944
ID,0.4,11.99,5.77,3.63,0.08,0.48,1.82,2.62,1.33,0.97,2.83,15.79,1.49,5.21,16.88,0.4,1.05,0.89,3.19,1.82,0.32,9.81,0.24,3.63,1.09,0.77,1.09,2.91,0.12,0.24,0.93,0.2,0.7963702454957328,13.2389716573596,6.004357812664631,3.503421135812875,0.028073964808766196,0.4176008850489937,1.8965925613739332,2.6984332525550525,1.5489895690654305,1.6351374986829634,2.7687988620798647,14.0236613633969,1.672352755241808,5.597649352017701,17.62952270572121,0.38004109156042576,0.8718206722157833,0.6741597302707829,2.185190180170688,1.9391065219681805,0.34580655357707313,7.115563165103782,0.12328100305552632,4.12218944262986,1.8030850279211887,0.6714856179538511,1.8550068485934046,2.9559688125592665,0.35231903908966394,0.29607312190496243,0.7121504583289434,0.14126751659466866,6.680708566009906
IL,0.78,13.82,5.8,3.08,0.03,0.46,1.83,2.64,1.44,1.46,2.63,12.38,1.86,5.56,18.28,0.37,0.93,0.59,1.84,2.07,0.24,9.11,0.22,3.88,1.77,0.74,2.07,2.67,0.36,0.35,0.63,0.1,0.8145835982199617,13.869048527230342,5.989922653104471,3.256206823479551,0.027869251960161046,0.4233714770078406,1.8414219114219115,2.458235855054037,1.4357098961644414,1.6424422547149817,2.6531161262979444,13.690389913117185,1.8985452426361518,5.53952108497563,17.993492265310444,0.38544183089637624,0.8947054460690824,0.6492593769866497,2.163465776647595,1.8229720279720274,0.327973087518542,7.3586215299851645,0.12132761178215723,4.153978597160416,1.7687899978809067,0.7977368086458994,1.870893197711379,2.71946916719644,0.3229137529137529,0.2973108709472345,0.6758953168044077,0.13960796778978599,2.9613853570671758
IN,1.23,11.54,5.15,3.19,0.05,0.38,2.11,3.17,1.5,1.88,2.35,13.65,2.01,4.46,17.69,0.52,0.92,0.61,1.67,3.05,0.32,9.31,0.09,3.64,2.2,0.65,1.86,3.31,0.42,0.26,0.72,0.1,0.8470186865990389,12.758349172450611,6.117333689268551,3.399953016550987,0.028562733582487985,0.4372108916177256,1.8750315002669509,2.6310186865990386,1.5368382274426047,1.6949599572877732,2.7035718099305925,13.92619861185264,1.922831820608649,5.580028830752802,17.63598077949813,0.39917458622530694,0.8843844100373729,0.667703150026695,2.1778729311265352,1.896105712760277,0.3456348104644954,7.5332514682327805,0.12603950880939668,4.092514682327815,1.8004623598505072,0.6913230112119593,1.8972995194874531,2.9105403096636406,0.34473465029364664,0.30565296316070467,0.6919145755472502,0.1445798184730379,5.491066203950878
KS,0.62,13.09,6.33,3.03,0.08,0.51,1.71,2.84,1.63,2.72,2.25,12.43,1.98,4.7,18.84,0.66,1.09,0.74,2.33,1.86,0.12,7.11,0.12,4.58,1.44,0.39,1.86,3.26,0.39,0.58,0.51,0.19,0.8765745154115031,13.784127740705435,5.967613600254212,3.2101895985594746,0.02923842813261307,0.45795572502912835,1.8033460438512872,2.456323482681919,1.4066476008897364,1.8326342548458854,2.6054432793136324,13.863941319775448,1.9210359072132188,5.720325177417646,17.57324859654698,0.39727359389895134,0.9305920982946724,0.653182925537549,2.313809977756594,1.7865321470183246,0.33527380574091736,7.150818769198178,0.12205804469865485,4.111653426543799,1.8031003071708507,0.7021374854358648,2.00753521872683,2.7047156021607885,0.3190128164389366,0.3272958373053703,0.6792405465522721,0.15143099247961023,5.276957419764853
KY,0.84,13.59,6.86,3.86,0.06,0.41,1.28,2.59,1.68,3.33,2.77,13.65,2.27,4.02,17.67,0.56,1.06,0.72,2.21,2.06,0.19,6.98,0.22,3.86,1.28,0.78,1.43,2.77,0.31,0.12,0.44,0.12,0.8452019352124527,13.472857593605383,5.968833613798906,3.3643132099284814,0.02901661758519141,0.4447212873369794,1.8310654185948667,2.6200967606226335,1.494432057214977,1.7734602440050484,2.6413294068153137,13.936536600757258,1.8106079091291545,5.652286495582667,17.656329406815313,0.3936684896928902,0.8957856541859487,0.6553544383676904,2.232304375262937,1.8542595708876735,0.3367227597812369,7.2066438788388725,0.12345814051325199,4.065606857383256,1.776706983592764,0.6834907446360959,1.9254859066049643,2.8221918384518294,0.33597602019352124,0.31702881783761044,0.6904080774084982,0.14810159865376527,4.679944257467397
LA,1.3,14.14,5.58,3.87,0.0,0.54,1.52,2.71,1.33,2.52,2.57,15.12,2.25,4.61,16.93,0.51,0.79,0.57,1.9,1.52,0.22,7.61,0.16,4.09,1.71,0.62,1.35,2.87,0.22,0.14,0.65,0.08,0.8611911008500368,13.483006611396789,5.95876377374331,3.2239248609507825,0.028763773743309896,0.4483670899359849,1.8254381362157626,2.438551789274846,1.3981771434568162,1.7473271067268343,2.5940560394584953,13.960963374960645,2.018721796620842,5.556361632910065,18.10147654528282,0.39555567215867354,0.9091436667016477,0.6439059712456711,2.2111323328785812,1.8087931577290377,0.3332007555882045,7.230022037989296,0.12012278308321965,4.075167383775842,1.782867037464582,0.7661769335712039,1.9151348515059297,2.7161087207471932,0.3190502676041558,0.3149658935879946,0.6725543079021934,0.14520726204218706,4.9730695770804925
MA,1.68,13.15,6.47,2.58,0.03,0.57,2.02,2.52,1.23,1.34,2.76,13.42,1.88,5.87,18.23,0.36,0.91,0.62,1.75,2.21,0.26,6.65,0.11,3.69,2.45,0.81,2.16,3.13,0.2,0.29,0.55,0.12,0.869758241758242,13.237535321821039,6.043452642595501,3.227654631083203,0.028915750915750923,0.45120460491889064,1.8431156462585037,2.4062030350601784,1.404276295133438,1.7500470957613818,2.6463987441130308,13.851777080062796,2.052706436420722,5.598302459445317,17.9423286237572,0.39873155416012573,0.9091282051282052,0.6561517530088959,2.2268246991104137,1.8270989010989012,0.33123286237571964,7.434408163265307,0.12243851386708532,4.097379382522241,1.7986823652537942,0.7471679748822607,1.9325536368393519,2.712694924123495,0.3202135007849294,0.31563788592360037,0.6731721611721613,0.14645421245421247,4.054817896389325
MD,0.81,14.42,5.68,2.87,0.03,0.33,1.98,2.33,1.41,1.88,2.39,14.3,1.93,5.55,17.84,0.44,0.95,0.72,1.98,2.18,0.31,6.58,0.11,3.78,1.87,0.75,2.39,2.85,0.27,0.32,0.56,0.17,0.8747764779611447,13.575141006893668,6.008408188844786,3.1877125548360135,0.029229162314602042,0.45812826404846463,1.8119855859619802,2.3713139753499055,1.373204512220597,1.8104606225193232,2.62216628368498,13.906205347817002,1.993012325047002,5.720635053269271,17.7876749529977,0.39636202214330485,0.9155232922498434,0.6534155003133486,2.2746062251932315,1.8003833298516814,0.32567578859410895,7.305939001462292,0.12250052224775432,4.056422602882808,1.7891111343221222,0.754241696260706,1.9680551493628582,2.6542291623146013,0.31456966785042817,0.32426885314393145,0.6688897012742844,0.14959786922916232,2.8213442657196586
ME,0.85,12.93,6.86,3.4,0.0,0.26,1.5,2.09,1.76,2.02,2.74,14.24,1.7,5.88,18.94,0.59,1.11,0.39,2.35,2.42,0.13,6.27,0.0,3.92,1.24,1.31,1.24,2.61,0.13,0.2,0.85,0.07,0.8729262549502299,13.346723750401368,5.9884608798030605,3.4275564593813543,0.02909557957829391,0.45739805201755324,1.842859895108637,2.595575297013807,1.469805201755325,1.8065674836776193,2.7829005672696137,13.531468479075242,1.9008091619394198,5.8627475115059395,17.227178636412283,0.39757358450176594,0.9033051482393235,0.6853944129294658,2.27287166862892,1.9395729423097503,0.3349341753184201,7.307320988975703,0.1248035962752863,4.047357379856577,1.8388568982125653,0.6945178208284277,1.9773284812158833,2.823669057048057,0.34274215990581175,0.32304184951300446,0.6971261907310285,0.15142994755431874,5.540764208498343
MI,0.84,13.33,6.07,3.56,0.02,0.37,1.73,2.63,1.32,2.01,2.35,13.8,2.17,4.73,18.31,0.56,0.81,0.64,2.02,2.02,0.3,7.61,0.12,3.95,1.83,0.73,1.91,2.89,0.23,0.23,0.73,0.15,0.8431044588653965,13.25140569395018,6.042633451957294,3.3085168515804892,0.028701067615658365,0.43756123089805327,1.8500973414276742,2.538117019049612,1.4842369688088757,1.7036445467866863,2.6390464726815988,13.909572953736657,1.9272566464308138,5.53936571069709,17.837662759053796,0.3954908938664434,0.8944379317563323,0.653921917521457,2.1840475193636175,1.8409880678249944,0.3372325727444003,7.439769729956038,0.12392715093154698,4.105779778103411,1.7830929453631985,0.7256321959388736,1.896507222105924,2.8158687460749423,0.33218023864350016,0.3073204940339124,0.6827349801130419,0.14424534226501987,2.193483357755916
MN,0.62,15.33,5.55,2.98,0.03,0.38,1.79,2.38,1.66,2.09,2.44,12.92,1.82,5.11,19.35,0.47,1.04,0.68,2.11,1.66,0.17,7.65,0.1,4.02,1.59,1.02,1.56,2.21,0.32,0.19,0.58,0.16,0.8058081705150977,14.15292028001254,5.929726256399539,3.2473231637237485,0.027607355553233733,0.42025598161111694,1.8390868247831993,2.456014000626894,1.421833664193919,1.6258175739212206,2.614113467767213,13.58989238324104,1.9076188486051615,5.441116915682793,18.131820081496187,0.3836965834291086,0.8954414376763141,0.6386594922160694,2.1634510500470174,1.8009685508306341,0.32630341657089135,7.273245219935222,0.11830216278340822,4.196614773795842,1.7609194441542158,0.8503458363807335,1.8601609027269876,2.698468289624909,0.3192341448124543,0.2944467662731167,0.6752638177828857,0.13790513008045135,3.9536641939191304
MO,0.82,13.79,6.05,3.25,0.03,0.42,1.68,2.31,1.91,2.36,2.36,14.56,1.79,4.65,17.95,0.59,0.71,0.56,2.25,1.58,0.4,7.71,0.15,3.65,1.59,0.73,1.83,2.91,0.38,0.19,0.68,0.13,0.8308461458006485,13.581114946135342,5.947719903775756,3.3261688107938503,0.029034619809643347,0.43869469720740506,1.8260161071017678,2.568370463340656,1.4973193180629645,1.756394728584876,2.613749607781613,13.744819579541893,1.777274343687899,5.59514381340864,17.767959418470873,0.3930864972283235,0.9057661332496602,0.6540173622006068,2.252593870934003,1.8185242129484362,0.33284175295471186,7.344411672419204,0.1239315971132727,4.079491684970192,1.7790848237632044,0.7953540424641775,1.9372774814349965,2.8013450475891655,0.33286685493149254,0.3151500889028344,0.6896433427465749,0.14827319318062968,3.1670228009622376
MS,0.67,10.83,5.11,4.37,0.07,0.34,2.22,3.84,1.68,3.36,2.56,15.88,4.44,5.05,15.48,0.67,0.74,0.67,2.42,1.62,0.27,6.26,0.13,3.36,1.75,0.67,1.35,2.96,0.13,0.2,0.81,0.07,1.0055950854700855,12.21132905982906,6.055695512820512,3.264650641025641,0.03270405982905983,0.5433034188034188,1.8046346153846156,2.343661324786326,1.3204903846153844,2.2378386752136756,2.605740384615385,14.560285256410255,2.097998931623932,6.199351495726495,16.765449786324787,0.42981196581196585,0.966522435897436,0.6789957264957264,2.5825395299145306,1.8187350427350428,0.3346912393162394,7.281571581196581,0.1247371794871795,3.894450854700854,1.8660737179487181,0.5326292735042736,2.195661324786325,2.6697756410256415,0.31463568376068385,0.3912286324786326,0.6967051282051281,0.17661004273504274,8.996128739316243
MT,0.42,12.51,6.26,2.37,0.0,0.42,1.86,2.62,1.52,1.86,2.28,15.3,1.94,6.0,17.24,0.51,0.93,0.85,1.69,2.03,0.51,8.2,0.08,4.4,1.44,0.85,1.44,3.38,0.17,0.34,0.51,0.08,0.8598701441619896,13.390742819412347,6.014159788709145,3.5250588753163856,0.028766369538901725,0.44480796742599316,1.9038384505337294,2.761241333773523,1.5563552327500827,1.7421074061846589,2.7085473753714093,13.50258391108176,1.8116947287333556,5.503901177506327,17.214374380983823,0.3955992076592936,0.9165940354352372,0.6810773632662045,2.3169494882799606,1.9167690106745903,0.35501595686145043,7.06804115769781,0.11811158798283264,4.196984703422472,1.872076592934962,0.6960746120831958,1.973645867723121,2.987472213051612,0.3525817101353582,0.3142918454935622,0.7255397821063058,0.14952789699570815,5.280459997799056
NC,0.86,13.7,5.61,3.36,0.02,0.41,1.73,2.34,1.45,1.97,2.66,13.8,1.98,5.44,17.34,0.38,0.97,0.71,2.34,2.07,0.23,7.2,0.05,4.17,1.84,0.79,2.08,2.89,0.31,0.35,0.8,0.15,0.8411795461675208,13.754905364425392,5.9960200773815755,3.2328850779044243,0.02869183310676566,0.4424793474850989,1.8419575447035452,2.408689741712852,1.403492627836453,1.7556906828401129,2.6636630764404474,13.910124437937887,1.8531580048102063,5.6692606922513855,17.64030848060232,0.3886667363797971,0.9160713165324692,0.6576848269371537,2.2883791697166167,1.803900449649692,0.32969151939767855,7.216792847432815,0.12218027815539059,4.190696434173377,1.7868210812506538,0.7602070479974904,1.9523026246993622,2.6858904109589044,0.31763672487713057,0.31508836139286833,0.682575551605145,0.14694447349158216,1.5297469413364024
ND,0.72,13.26,4.84,3.76,0.0,0.18,2.51,2.33,2.33,2.87,3.41,14.7,3.05,1.97,16.49,0.72,1.43,0.18,1.61,2.15,0.0,6.27,0.0,3.23,3.76,0.9,1.25,4.66,0.72,0.0,0.54,0.18,0.8724005455785406,12.284370311434419,6.152998408729258,3.5578222323255284,0.027946124119117986,0.44338372357353945,2.0133496249147536,2.616236644691976,1.465787679017959,1.5783814503296207,2.75661854967038,13.73504546487838,2.247872243691748,4.996463969083884,18.013841782223235,0.4010286428733803,0.899270288701978,0.6840713798590589,2.3191736758354176,1.9566901568538306,0.35336099113434877,7.288581495794499,0.10793589452148217,4.329905660377359,1.9527074335076156,0.6149863605364856,1.8774278245055696,2.9510320527392593,0.34211525346669697,0.2919106615139805,0.7298397363037054,0.1402773357581269,11.504061718572407
NE,0.52,14.14,5.67,3.74,0.04,0.34,1.63,2.66,1.38,2.88,2.28,14.31,1.85,4.56,17.83,0.39,0.95,0.73,2.19,1.59,0.47,7.35,0.04,4.04,1.12,1.12,1.72,3.05,0.47,0.13,0.56,0.26,0.8392353681560728,13.786015313614431,5.907614852108243,3.215687014894063,0.02830606251311097,0.4420474092720788,1.8075173064820635,2.426543947975666,1.3909376966645681,1.718276693937487,2.6908716173694143,13.768256765261171,1.9818638556744284,5.687662051604781,17.872171176840776,0.3891934130480385,0.9143045940843296,0.6553838892385146,2.2471953010279,1.8289752464862592,0.3181298510593664,7.23147577092511,0.12177574994755612,4.067576043633311,1.8026316341514577,0.8468785399622403,1.9392920075519195,2.6327082022236206,0.31921963499056005,0.30969372771134873,0.6712943150828613,0.14454373820012584,4.161715963918604
NH,0.75,13.4,6.73,3.04,0.0,0.47,1.87,2.52,1.63,1.59,2.52,14.76,1.91,5.7,17.19,0.65,1.03,0.84,2.48,1.68,0.47,7.24,0.05,4.02,1.87,0.56,1.4,2.57,0.14,0.33,0.37,0.23,0.8669301643806933,13.224322060517222,5.956268453565072,3.273944089624124,0.02910585279028375,0.4509946602450007,1.8333075070673233,2.504348235786829,1.4362810176944822,1.7629316301957916,2.619590618783374,13.924732488744633,2.001675217254738,5.554537744738772,18.010402052141142,0.4000209402156843,0.9133703277143757,0.6520469060831326,2.2454706313475032,1.827261019788504,0.3399738247303948,7.288229504763899,0.12200711967333266,4.080619830384253,1.8128551984085437,0.6670966390953827,1.9462244791121355,2.783624751334939,0.3272578787561512,0.3175782640561198,0.6834697937388757,0.14745995183750393,3.263401214532513
NJ,0.85,13.92,6.33,3.37,0.01,0.46,2.05,2.28,1.33,1.37,2.97,13.43,1.97,5.48,17.32,0.23,0.71,0.56,2.08,1.72,0.3,7.41,0.16,4.38,2.11,0.73,2.34,2.63,0.36,0.26,0.72,0.16,0.802852974887986,13.686660414712932,6.0506825049494655,3.2905407939981246,0.02751068042096489,0.4184328435969575,1.8610076065437118,2.449898926747942,1.4357934771282694,1.6097124101281657,2.7248515160987816,13.855131812024592,1.8792518495363137,5.571837032405962,17.816450974262793,0.3815754923413568,0.8840127123059293,0.6588371366051893,2.182652912368449,1.850095863290612,0.32663853287485684,7.354598311972493,0.12163488590184438,4.1988381785974775,1.7819297697197043,0.768269250807544,1.860943003021778,2.718180681462958,0.32479837449202886,0.2915213087423153,0.6806793789725957,0.13823173908513076,2.3860925289152863
NM,0.91,12.75,6.69,2.57,0.06,0.34,1.83,2.8,1.49,2.17,2.34,14.75,1.72,5.09,18.24,0.46,0.86,0.46,3.03,1.72,0.34,7.38,0.06,3.43,1.03,1.66,1.49,2.97,0.4,0.23,0.69,0.06,0.9037968483816013,13.772859880749575,5.936261712095401,3.0968590289608176,0.030047913117546857,0.4839821124361159,1.7776969761499148,2.2291503407155027,1.2838245315161838,1.9921411839863712,2.6480675042589437,14.024497444633733,1.9118366695059625,6.008132453151618,17.48775234241908,0.39907474446337315,0.9533581771720614,0.6606068994889268,2.4499148211243615,1.7568994889267462,0.3219005536626916,7.037392461669505,0.12295144804088587,4.121287265758092,1.7911829216354345,0.731028534923339,2.0936445911413966,2.497943994889267,0.29787159284497444,0.35222423339011916,0.6696060477001702,0.16020868824531515,5.792099659284497
NV,1.18,12.92,6.49,3.58,0.01,0.59,1.96,2.85,1.87,2.05,2.39,13.32,1.36,5.12,16.97,0.32,0.87,0.71,2.76,1.34,0.52,8.17,0.18,4.82,1.25,0.69,1.17,3.08,0.35,0.32,0.59,0.19,0.8097263244862131,13.672873076525871,6.010781782505422,3.354488278426108,0.028318702881338437,0.4214809459878137,1.8478322833832486,2.58838583083755,1.5056377155840135,1.6769472270990395,2.6209408241247547,13.842826603325417,1.6996395745120318,5.510145616028091,17.83767220902613,0.38375813281007953,0.8875121346690077,0.6549932872043788,2.1879902922647942,1.8289548693586701,0.3372539502220387,7.282485799855416,0.12301043065165758,4.1380749767634,1.7582474439739753,0.8053970876794383,1.8716327584426318,2.847524527522462,0.3350067127956212,0.3026200557678405,0.689525973355365,0.14291025508623362,5.110147165134775
NY,0.89,14.73,6.19,2.9,0.02,0.46,1.87,2.02,1.08,1.35,2.81,13.26,1.84,6.37,17.91,0.28,0.86,0.55,2.05,1.67,0.31,7.44,0.19,4.15,1.98,0.85,2.09,2.39,0.29,0.37,0.67,0.16,0.8384930794047251,14.113029451555835,5.995137891559995,3.1138630450619207,0.028434800707669898,0.4408929128941618,1.8106421063586222,2.2488760536996564,1.3245228431678635,1.7538744926631287,2.6780226870642108,13.919502549692993,1.877551254032678,5.759091476740556,17.7970496409616,0.3823821417421169,0.9132573628889583,0.6524914142990947,2.266746799875118,1.7767280674367787,0.31763242793214685,7.205289832448749,0.12271204079508793,4.176235820584869,1.758776147361848,0.816659381829535,1.941423665313769,2.549152877510667,0.30355604121136437,0.31481111458008126,0.6616432511187429,0.1455010927255698,2.5828161098969686
OH,0.84,13.63,5.47,4.02,0.04,0.4,1.59,2.42,1.69,2.02,2.72,13.19,2.19,4.39,18.77,0.45,0.89,0.72,2.08,2.06,0.3,7.44,0.15,3.88,1.87,0.91,1.44,2.95,0.36,0.28,0.67,0.16,0.8138938145405236,13.796648586627727,5.965771357046,3.286380515281109,0.028080734327735474,0.42402837175341607,1.835262334411182,2.5242828830708253,1.4776864504015854,1.6486502555543965,2.6528392614999476,13.668348805674349,1.8922697402732864,5.530652967560237,18.03290706164598,0.38822989464900387,0.8840335871492646,0.6435861061854594,2.122779805987274,1.842288515698341,0.32957859601543754,7.41988839052884,0.12354646917701052,4.075062063210598,1.7506289767393344,0.7879931156774799,1.85430061541671,2.7636580786481697,0.32946907270261805,0.29792635861061845,0.6740304579117553,0.13975904871179723,3.3514420569521235
OK,0.79,13.81,5.37,3.5,0.03,0.45,1.58,2.08,1.74,2.66,2.42,14.47,2.18,4.13,18.36,0.5,1.0,0.71,2.32,1.63,0.39,7.55,0.08,4.31,1.24,1.1,1.05,3.05,0.47,0.18,0.63,0.21,0.8308355992470193,13.82217841455762,6.010051244509516,3.2209882869692525,0.028782681447395948,0.43631457854005445,1.836935787492156,2.4279366241372093,1.4356661786237188,1.7333967789165443,2.60934009621418,13.894802342606146,1.8226919054591086,5.576435892072789,17.817681447395938,0.3885724743777452,0.9075465383810914,0.6486948337167955,2.2522380255176744,1.7836007111482952,0.3307425224848357,7.288839154988494,0.12285818866345949,4.153010876385694,1.7608857979502197,0.7773258732482743,1.9265676636686886,2.7064609914243882,0.3181175486299937,0.31171407655302225,0.6773854842083245,0.14584082827860287,4.6995058565153744
OR,0.52,14.05,6.47,3.01,0.01,0.46,1.64,2.4,1.85,2.41,2.49,13.41,1.45,5.01,19.5,0.49,1.21,0.6,2.18,1.64,0.29,7.18,0.1,3.81,1.23,0.93,1.73,2.56,0.41,0.22,0.6,0.16,0.8178403073408783,14.013914442944657,5.906709583636174,3.2482338282629004,0.02842280137057419,0.432951926072059,1.8241272972692348,2.4758405150036347,1.4443017339840099,1.7134970408057317,2.6331627037690786,13.75170491122417,1.8331471290624022,5.555692036133319,17.880739279410236,0.38677915065932916,0.9040535769909667,0.6416737618108194,2.2358913923787767,1.7999013601910494,0.325916311909459,7.212634202055863,0.12158135188453952,4.130526425085661,1.7643069255529018,0.8443982971654032,1.9179472536600561,2.70485515522791,0.322187727131139,0.30811753711971757,0.679039559754958,0.14418855778216175,3.938420724743019
PA,1.06,13.46,6.14,3.26,0.0,0.41,1.82,2.79,1.39,1.76,2.76,13.29,2.3,4.86,18.73,0.48,0.8,0.66,1.95,2.18,0.33,7.09,0.11,3.55,2.07,0.76,1.89,2.78,0.28,0.28,0.63,0.1,0.8454495144617313,13.5031272841182,5.996351675890153,3.266665970554454,0.028720893808081866,0.44092617729978073,1.8403978281298947,2.480733006160594,1.4480630677665238,1.7133966795447426,2.6065897462670984,13.771712436044687,1.983344471128746,5.507366607497131,18.01431032682468,0.3955340920956458,0.8980766419546833,0.6452646966691029,2.1921207058577847,1.818148689568759,0.3317834394904459,7.400702725279314,0.12130207789495666,4.105732484076434,1.7793390414534827,0.7613156520831158,1.8981852354599564,2.7541328182102953,0.3248251018064112,0.3087887647488775,0.6776151195572727,0.14408687480421845,2.694460164978596
RI,1.52,10.57,6.0,3.09,0.05,0.42,2.22,3.92,1.52,2.22,2.58,14.17,2.54,5.12,16.38,0.55,1.11,0.65,2.08,2.72,0.42,6.65,0.28,3.92,1.8,0.6,2.12,3.41,0.32,0.42,0.46,0.18,0.9185633329835243,12.02489873019205,5.992891174310002,3.473902822961487,0.030886766712141887,0.489046069891909,1.8737999790114392,2.697720642249974,1.5313107356490714,1.945398257949418,2.630292790429216,14.188888655682655,2.012299296883199,5.65167803547067,17.5506223108406,0.42070311680134337,0.9151138629446954,0.6655199916045756,2.3530391436667024,1.8999958022877539,0.35261622415783406,7.3265914576555815,0.12349879315772906,3.9757340749291643,1.844831566796096,0.5771885822226888,2.017010179452199,2.952220589778572,0.34781614020358914,0.3457456186378425,0.7139122678140416,0.1600587679714556,5.041186903137798
SC,1.09,12.52,5.96,4.18,0.02,0.5,1.65,2.34,1.67,1.96,2.78,16.15,2.05,5.91,15.3,0.63,0.69,0.75,2.8,1.44,0.29,7.02,0.23,3.74,1.73,0.73,1.38,2.68,0.44,0.25,1.0,0.1,0.8524366123093108,12.639204629142554,6.084799579168857,3.371621251972645,0.029383482377695953,0.4557759074171487,1.865482377695949,2.530339821146765,1.4889521304576538,1.81,2.7643545502367175,14.301864281956865,1.8359568648079956,5.7918306154655435,17.18979484481852,0.3983314045239347,0.9018632298790112,0.6783482377695949,2.351634928984745,1.8799442398737503,0.3340315623356128,7.379067859021568,0.12761599158337714,4.114459758022092,1.8198369279326667,0.7105839032088375,1.9865228826933192,2.7983798001052076,0.33632719621251966,0.32295423461336126,0.698994213571804,0.1528090478695423,4.907123093108889
SD,0.69,10.21,5.71,4.67,0.0,0.17,2.42,2.94,1.9,2.94,3.63,14.19,0.69,4.5,18.17,0.69,0.87,0.17,3.11,2.42,0.0,7.27,0.0,3.29,1.04,1.21,1.38,4.33,0.52,0.17,0.69,0.0,0.9446426522886315,11.956880807617301,5.9305403235057925,3.6653137547321317,0.031952506596306066,0.49882069519330047,1.9235597109097164,2.856973729494092,1.5962028220718134,2.0082344843409436,2.652562808305609,13.857072387289204,1.8333130664219344,5.566884249168292,17.18592864517609,0.4212997590914305,0.9455386027302971,0.6974830790409543,2.4574257198577496,1.963697372949409,0.37203510382012167,7.089293334862911,0.12131467247906388,4.00949409200413,1.9261867615005162,0.5968681885969943,2.079146495353906,3.164907651715039,0.3681048525868991,0.35998738097969485,0.7543501204542846,0.16807387862796835,8.60959963290123
TN,0.64,13.77,6.04,3.56,0.01,0.43,1.65,2.43,1.32,2.11,2.85,14.94,1.71,5.02,16.51,0.44,0.93,0.68,2.74,1.62,0.37,8.16,0.05,4.47,1.61,0.69,1.34,2.54,0.3,0.23,0.67,0.13,0.7954702194357367,13.6254315569488,6.029156739811912,3.3475172413793106,0.02786311389759665,0.41751306165099256,1.8541410658307205,2.555768025078369,1.5054681295715773,1.6352507836990589,2.705780564263322,13.852788923719958,1.7618756530825497,5.575695924764891,17.63349947753396,0.38331243469174486,0.8819278996865204,0.658584117032393,2.1865663531870427,1.8509362591431557,0.3306718913270637,7.3769456635318695,0.1242058516196447,4.192626959247648,1.7708129571577842,0.7936927899686521,1.871912225705329,2.7994043887147333,0.3347993730407524,0.29491849529780556,0.6889676071055382,0.1407283176593521,3.8880428422152553
TX,0.67,13.03,5.69,3.63,0.03,0.37,1.9,2.56,1.51,1.65,2.77,14.13,1.83,5.58,17.43,0.39,0.85,0.73,2.23,1.87,0.39,7.29,0.11,4.39,1.91,0.73,2.24,2.62,0.36,0.27,0.72,0.11,0.7956967681596178,13.681200249402474,6.043843915618832,3.30600852125117,0.027496622674841528,0.4157424919463786,1.8652468045308117,2.47695832900343,1.4532152135508685,1.6124961030863558,2.744187883196509,13.924843603865742,1.8047739790086257,5.589378572170842,17.69503585160553,0.3792788111815444,0.8872108490075861,0.6613010495687417,2.195726904291802,1.851964044476775,0.3279923100904085,7.318732204094359,0.12275381897537153,4.211056842980359,1.7801236620596494,0.7812085628182481,1.8664470539332854,2.7399470019744365,0.3278499428452667,0.2919089680972671,0.685650005195885,0.13874987010287856,1.7443957185908756
VA,1.12,13.05,5.84,3.35,0.03,0.39,2.25,2.79,1.46,1.72,2.44,13.88,2.18,5.25,17.74,0.38,0.88,0.67,1.97,2.17,0.32,7.01,0.16,4.13,2.0,0.76,1.98,2.86,0.31,0.28,0.49,0.12,0.8388966670149413,13.526336850903776,6.014464528262462,3.2748333507470493,0.028394107198829805,0.435120677045241,1.8458698150663468,2.4683021627834085,1.4310678090063738,1.6955511440810784,2.643909727301222,13.829454602444889,1.924074809319821,5.553147006582385,17.968448437989768,0.39018911294535585,0.8973848082749978,0.6533591056315956,2.1896865531292455,1.8311451259011606,0.33222756242816853,7.3397764078988645,0.12154947236443425,4.13249712673702,1.7815923101034383,0.7576595966983598,1.8918493365374576,2.7539003238951008,0.3249733570159858,0.30632431302894164,0.6790669731480514,0.14295057987671095,2.2645021418869566
VT,1.56,13.33,5.93,1.95,0.0,0.97,2.53,2.63,2.14,2.72,3.02,14.3,1.46,5.84,17.12,0.19,0.97,0.39,1.65,2.04,0.1,6.71,0.19,3.6,1.75,0.97,2.24,3.02,0.0,0.19,0.49,0.0,1.0001726070387806,12.843814167227078,5.963435328401704,3.3328648285137863,0.03274714189643577,0.5299787043263843,1.811682358215647,2.460429275947097,1.3754785922438915,2.1942636180228647,2.636983860121049,13.83926137637301,1.9335048195471867,6.084520286931181,16.87180789060749,0.41964694014794895,0.9760546962564447,0.6974064111185834,2.557538668459987,1.8589710827168797,0.3426709258013899,7.080757677650752,0.12493835462900696,3.9211320331764177,1.8977796458193228,0.6244496749607712,2.199047298811926,2.7924803855637754,0.3289699618919525,0.38762945527908543,0.7068190988567585,0.17632257341403273,5.61802062317866
WA,0.4,15.11,5.75,2.84,0.03,0.38,1.92,2.6,1.55,1.68,2.29,12.99,1.31,5.05,20.09,0.35,1.05,0.69,1.8,1.67,0.24,7.82,0.29,4.0,1.06,0.86,2.09,2.75,0.37,0.26,0.64,0.1,0.7729685717249245,14.440671092210351,5.933169795664349,3.2671112955087636,0.027091588009542575,0.40133181205269164,1.8469743802510106,2.4884514054558653,1.4553303599211698,1.5462244580437712,2.626203713307747,13.506752411575563,1.815286795975521,5.374211181412716,18.20649206513847,0.37536977491961415,0.8786225495280569,0.6348387096774193,2.1011326625868683,1.8067555232859664,0.32710818379836115,7.298310341250907,0.11901877398610104,4.212030909656675,1.7401514365729693,0.846164298309304,1.8074276527331192,2.735809563323306,0.3238139197178715,0.28137122705113576,0.6754849082045429,0.13306710922103515,4.232133077481588
WI,0.84,14.17,5.3,3.59,0.03,0.4,1.93,2.49,1.65,2.02,2.51,12.34,2.12,5.21,19.57,0.58,1.25,0.52,2.23,2.06,0.43,6.04,0.06,3.9,1.7,0.69,1.8,3.21,0.4,0.31,0.57,0.09,0.8352784174167888,13.633569185681386,5.948235294117647,3.295088967971529,0.028474984299769728,0.4361178563952272,1.8462821854720528,2.530013606866233,1.4628668620473098,1.7019897425162236,2.5897665899099853,13.670836298932384,1.9368735608122252,5.446716558509524,17.964336403600587,0.3956552229432698,0.9119227548670716,0.6444253715721163,2.2148063638266695,1.8027663805735819,0.3340841532342474,7.3857253506384755,0.11976554322796734,4.175936780406112,1.7866548042704626,0.7686393133765962,1.9048806782499474,2.768510571488382,0.32573372409462,0.30671865187356084,0.6878857023236342,0.14365920033493826,4.622150408205989
WV,1.32,14.29,4.1,4.1,0.0,0.53,1.19,2.12,2.78,3.84,2.65,14.29,1.72,3.57,16.93,1.32,0.93,0.4,2.12,1.46,0.26,7.94,0.0,4.1,1.72,0.79,1.32,3.04,0.4,0.13,0.26,0.4,0.9268483702302814,13.451501835576815,5.803753476471242,3.385312048058738,0.032072533096006224,0.5111747691623095,1.8444242963622204,2.491151407275559,1.4105095116253197,2.128525976193125,2.6310067860718656,13.830279230170207,1.7884369785293137,5.9829157859606195,16.740764267437978,0.4112337301145845,0.9732550895538992,0.6771687618200022,2.6242974746912897,1.8266837245522305,0.3411035710312605,6.89501390588497,0.12061297140950049,4.061166981866726,1.88443875848259,0.6689498275670264,2.185484481032373,2.7737023028145513,0.3274880409389253,0.37388252308376907,0.7294960507286683,0.1721170319279119,8.386791634219602
WY,0.49,12.5,5.15,3.92,0.0,0.74,1.23,4.41,2.45,2.45,2.45,12.01,1.47,3.92,15.93,0.0,0.49,0.98,1.72,0.98,0.25,9.8,0.25,5.15,2.94,1.23,1.96,3.68,0.0,0.74,0.49,0.25,0.8836627094972066,12.615559823091244,6.014418063314709,3.7381668994413393,0.030303770949720664,0.4681727188081936,1.9523417132216008,2.9622928305400364,1.653019087523277,1.8698847765363127,2.6188687150837984,13.671890130353813,1.7813396182495342,5.576628258845435,16.57219390130353,0.4148277467411545,0.9267842178770949,0.6833729050279328,2.428830307262569,1.9323230912476719,0.37634543761638733,7.29439944134078,0.11799464618249533,4.084281890130353,1.9277630353817499,0.5040619180633146,2.0358286778398504,3.2345879888268145,0.3742830540037244,0.33152351024208565,0.7719704376163872,0.157899208566108,9.950489408752324
