geo_id,AI app building,AI image generation,Account and billing,Accounting and bookkeeping,Automated pipelines,Booking and scheduling,Business operations,Buying and investing,CRM,Career navigation,Certification and training,Code design,Companionship and conversation,Cooking,Customer support and service,Dashboards and charts,Data analysis,Destination research,Document transformation,Editing and rewriting,Education and learning — other,Emotional Wellbeing and Support,Entitlements and rules,Fashion shopping,Fiction writing,Financial modeling,Finding the best price,Formatted writing,Gaming,Home renovation,Homework,Instructional design,Math and CS theory,Media discovery,Medical Questions,Outdoor and garden,Personal messages,Personal records,Promotional writing,Quant trading,Reference and fact-finding,Reference documentation,Research and evidence,Science,Self-presentation writing,Self-reflection,Server infrastructure,Slide decks,Software development — other,Software how-to,Starting a business,Structured extraction,Trend tracking,Video scripts,Web front-end,Wellness and fitness,Workplace writing
AK,,,,,,,0.8620689655172414,0.9571984435797666,,,,,,,,,,,,1.4779411764705879,,,,,,,,1.2748091603053433,1.65625,,0.48689956331877726,,,1.5447154471544715,1.0086206896551724,,,,0.8987012987012987,,,,1.7022900763358777,,0.6177285318559557,,2.289156626506024,,,,1.0343915343915344,,,,1.3619909502262442,0.9769585253456222,1.0469314079422383
AL,1.2613636363636365,1.3389830508474578,0.9298245614035089,0.9661016949152542,1.150943396226415,0.5774647887323944,,0.9416342412451362,1.0689655172413794,0.7796610169491526,0.7931034482758622,0.9711538461538461,1.275,1.013793103448276,1.6153846153846152,0.9615384615384615,0.7692307692307692,0.660377358490566,0.8701298701298702,1.0955882352941175,0.7962962962962963,0.9587301587301588,0.9538461538461538,1.2982456140350878,1.934782608695652,0.7181818181818181,0.9333333333333332,1.213740458015267,1.4453125,0.9746835443037974,0.7139737991266375,0.915492957746479,0.6818181818181818,1.7398373983739839,0.9525862068965518,1.1549295774647887,0.86,0.8363636363636363,0.948051948051948,1.078125,1.0291970802919708,0.9805825242718447,0.9923664122137404,0.7454545454545454,0.8448753462603877,0.7741935483870968,1.3253012048192774,0.7741935483870968,1.4204545454545454,0.9052631578947369,0.8783068783068783,1.015748031496063,1.1511627906976745,0.8695652173913044,1.0769230769230769,0.8294930875576038,0.8736462093862816
AR,1.1363636363636365,1.2203389830508475,,1.2203389830508475,1.7264150943396226,0.7323943661971831,,1.0739299610894941,,,,0.9326923076923076,0.99375,1.0965517241379312,1.25,1.25,0.9743589743589743,0.8490566037735849,1.1168831168831168,1.088235294117647,,0.9079365079365079,,,1.793478260869565,1.0363636363636362,1.3733333333333333,1.0534351145038168,1.7500000000000002,1.3544303797468356,0.9039301310043667,1.3661971830985915,0.8636363636363636,1.3414634146341462,0.8017241379310346,1.4084507042253522,,1.1272727272727272,1.0207792207792208,1.078125,0.8029197080291971,0.8737864077669902,0.9236641221374046,,0.8393351800554016,1.2258064516129032,1.6144578313253013,0.8306451612903226,0.8977272727272728,1.1263157894736844,1.0317460317460319,0.8425196850393701,1.127906976744186,0.7971014492753624,1.1719457013574661,0.9032258064516129,0.8844765342960289
AZ,1.0113636363636365,1.1016949152542375,1.1403508771929827,1.1016949152542375,1.0377358490566038,0.8028169014084506,1.090311986863711,0.9105058365758755,1.1034482758620692,0.864406779661017,1.0172413793103448,1.076923076923077,0.9375,0.9103448275862069,1.4038461538461537,1.096153846153846,0.9358974358974358,0.8867924528301886,0.987012987012987,1.0661764705882353,0.8703703703703702,0.9587301587301588,0.9846153846153846,0.912280701754386,1.0108695652173914,0.9090909090909091,0.7333333333333334,1.0458015267175573,1.0390625,0.8734177215189872,0.8777292576419213,1.0985915492957747,0.9431818181818181,1.008130081300813,1.1508620689655173,0.7183098591549296,1.24,0.9818181818181818,1.2493506493506492,0.78125,1.0875912408759123,1.1650485436893203,0.7633587786259541,0.8727272727272726,0.9556786703601109,0.9354838709677419,1.2409638554216869,0.8548387096774194,1.0795454545454546,1.0315789473684212,1.060846560846561,1.0078740157480315,0.872093023255814,0.8840579710144928,1.1357466063348416,0.8479262672811061,0.9530685920577617
CA,0.9090909090909092,0.9661016949152542,1.0701754385964912,0.9152542372881357,0.9339622641509433,1.1408450704225352,0.960591133004926,1.0544747081712063,1.0,1.033898305084746,0.9482758620689656,0.9807692307692307,0.9125,0.9793103448275862,0.9038461538461537,0.9807692307692307,1.051282051282051,1.1037735849056602,0.974025974025974,1.0367647058823528,1.0,0.996825396825397,0.9846153846153846,0.9473684210526317,0.7826086956521738,1.0545454545454545,1.0533333333333335,0.9236641221374046,0.75,0.7848101265822784,1.1528384279475983,0.943661971830986,1.2954545454545454,0.7398373983739838,0.9870689655172414,0.647887323943662,1.02,1.1636363636363636,0.9298701298701298,0.984375,0.9708029197080291,0.9805825242718447,1.1221374045801527,1.2181818181818183,1.03601108033241,1.0,0.8554216867469879,1.1129032258064515,0.9204545454545455,1.0526315789473684,1.037037037037037,1.062992125984252,0.9534883720930232,1.2318840579710146,0.8959276018099548,0.9953917050691246,1.075812274368231
CO,0.9318181818181818,0.6779661016949153,1.0526315789473684,0.9661016949152542,1.0,1.0,1.1330049261083746,0.9844357976653696,1.4827586206896552,0.8474576271186441,0.7068965517241379,1.0384615384615385,0.9562499999999999,1.2413793103448276,1.2307692307692308,0.9615384615384615,0.9487179487179487,1.1132075471698113,0.9090909090909091,1.0661764705882353,0.7592592592592592,0.9841269841269842,0.9692307692307692,1.0701754385964912,0.8804347826086957,1.0909090909090908,1.0133333333333334,0.8625954198473281,1.0390625,1.240506329113924,0.6135371179039302,0.7746478873239437,0.6704545454545454,0.9186991869918698,1.1163793103448276,1.4366197183098592,1.0,0.9818181818181818,1.1272727272727272,0.84375,1.094890510948905,1.2524271844660195,0.8091603053435115,0.8363636363636363,0.8836565096952909,0.8870967741935485,1.1927710843373494,0.903225806451613,0.8522727272727273,1.168421052631579,1.0502645502645505,1.0708661417322836,0.9767441860465116,0.8115942028985509,1.0180995475113122,1.0138248847926268,1.1046931407942238
CT,0.8863636363636364,0.9491525423728815,1.105263157894737,0.864406779661017,0.9150943396226414,1.1267605633802817,0.7996715927750411,1.085603112840467,1.0689655172413794,1.1186440677966103,0.7758620689655173,1.0576923076923077,0.8624999999999999,0.8068965517241379,0.9615384615384615,1.1153846153846152,1.205128205128205,0.9245283018867924,0.987012987012987,1.1691176470588236,0.8333333333333333,1.107936507936508,0.9692307692307692,1.3859649122807018,0.9891304347826086,1.0545454545454545,1.16,0.9847328244274809,0.8515625,1.1898734177215189,1.11353711790393,1.2253521126760565,1.0454545454545454,0.8455284552845529,1.0775862068965518,1.5492957746478875,1.22,1.0727272727272725,0.825974025974026,0.84375,1.1605839416058394,0.7184466019417476,1.129770992366412,1.2,1.074792243767313,1.161290322580645,0.7710843373493976,1.1209677419354838,0.8522727272727273,0.8631578947368421,0.9523809523809524,1.0078740157480315,1.255813953488372,0.8985507246376813,0.9004524886877828,1.0921658986175116,1.0613718411552346
DC,0.7159090909090909,0.864406779661017,0.9649122807017545,0.8983050847457628,0.7547169811320755,0.9295774647887325,,0.8326848249027239,0.5517241379310346,1.305084745762712,1.3793103448275863,0.8653846153846154,0.65,0.9655172413793103,,1.2115384615384615,1.4999999999999998,0.9716981132075472,1.1428571428571428,1.7573529411764706,1.037037037037037,1.0031746031746032,0.7846153846153846,0.9649122807017545,0.717391304347826,1.009090909090909,1.0666666666666667,1.213740458015267,0.640625,0.5063291139240507,1.237991266375546,1.2253521126760565,0.7159090909090909,0.7073170731707317,0.8362068965517242,0.5915492957746479,0.74,0.8545454545454544,0.825974025974026,0.859375,0.8321167883211678,1.2135922330097086,1.6030534351145038,0.9636363636363636,1.6177285318559558,0.8870967741935485,0.7108433734939759,1.3306451612903225,0.5454545454545454,0.8421052631578948,0.8994708994708995,1.125984251968504,1.4186046511627908,0.6956521739130435,0.7285067873303168,0.9078341013824885,1.3140794223826715
DE,1.0681818181818181,,,,,0.9859154929577465,,1.151750972762646,,1.2542372881355932,,0.5961538461538461,1.11875,1.103448275862069,1.1153846153846152,1.1153846153846152,0.8461538461538461,1.0660377358490565,0.9090909090909091,1.1470588235294117,1.4444444444444444,1.1492063492063493,1.676923076923077,1.1578947368421053,1.4021739130434783,0.7818181818181817,1.2,1.2519083969465647,1.3671875,1.379746835443038,1.0218340611353711,0.8732394366197184,,1.2357723577235773,1.1594827586206897,0.9859154929577465,1.32,1.0545454545454545,0.8207792207792208,1.03125,1.5109489051094889,1.174757281553398,1.0992366412213739,1.1272727272727272,0.6371191135734072,0.9354838709677419,0.8433734939759036,0.8790322580645162,0.8863636363636364,0.6105263157894737,0.8862433862433863,0.921259842519685,1.0465116279069768,,0.9864253393665159,1.096774193548387,0.8447653429602887
FL,1.2045454545454546,1.3898305084745763,1.0701754385964912,1.1186440677966103,1.320754716981132,0.915492957746479,1.2922824302134648,0.9883268482490273,1.4137931034482758,0.7796610169491526,1.0344827586206897,1.0096153846153846,0.83125,0.8689655172413794,1.173076923076923,1.1153846153846152,0.8205128205128205,0.9528301886792453,1.0909090909090908,0.8088235294117647,1.037037037037037,0.8761904761904762,0.9692307692307692,0.7894736842105264,0.9456521739130435,1.109090909090909,1.0533333333333335,1.0992366412213739,0.9062499999999999,0.8354430379746836,0.7052401746724891,0.8591549295774649,0.5113636363636364,0.9349593495934959,0.9655172413793105,0.7464788732394367,1.02,0.9272727272727272,1.374025974025974,1.3125,0.8832116788321167,1.0,0.6870229007633588,0.5636363636363636,0.8116343490304709,0.870967741935484,1.0120481927710843,0.9435483870967741,1.0909090909090908,1.0315789473684212,1.1005291005291007,1.141732283464567,1.0,1.318840579710145,1.2850678733031673,0.9585253456221199,1.0541516245487363
GA,1.1704545454545454,1.2542372881355932,1.0175438596491229,1.152542372881356,0.9433962264150942,1.0563380281690142,1.06568144499179,1.0350194552529184,1.0689655172413794,1.0677966101694916,1.1551724137931036,0.9423076923076923,0.96875,0.903448275862069,1.096153846153846,1.076923076923077,0.8717948717948718,1.2452830188679245,0.8831168831168832,0.7941176470588235,1.037037037037037,0.9682539682539683,0.9384615384615385,0.9824561403508774,1.108695652173913,1.0272727272727271,0.9466666666666667,1.0916030534351144,0.96875,0.9367088607594937,0.8318777292576419,0.9859154929577465,0.7613636363636364,1.0650406504065042,0.7629310344827587,0.9295774647887325,1.02,0.9818181818181818,1.1688311688311688,1.1875,0.9562043795620437,1.116504854368932,0.7862595419847328,0.7636363636363636,1.03601108033241,1.161290322580645,0.9518072289156627,1.088709677419355,1.0909090909090908,1.0315789473684212,0.9814814814814815,0.9448818897637795,0.930232558139535,1.1594202898550727,1.0814479638009051,0.9354838709677419,1.0
HI,0.7159090909090909,1.0677966101694916,1.6666666666666667,0.6949152542372882,1.4150943396226414,1.0422535211267605,,1.217898832684825,0.9310344827586208,0.7796610169491526,0.7586206896551725,0.7884615384615384,1.1749999999999998,0.903448275862069,1.3653846153846152,0.9423076923076923,0.6923076923076923,2.056603773584906,0.8181818181818181,1.1176470588235294,,0.9841269841269842,0.9692307692307692,0.9473684210526317,1.3369565217391304,1.209090909090909,1.0533333333333335,1.0,0.7421875,0.7215189873417721,0.7554585152838428,1.0704225352112677,0.5,0.910569105691057,1.125,0.8028169014084506,0.92,1.3454545454545452,1.1610389610389609,1.453125,1.2335766423357664,1.378640776699029,1.0610687022900762,0.7999999999999999,0.6786703601108034,1.2258064516129032,0.9518072289156627,0.6774193548387096,0.7386363636363636,0.9473684210526316,0.9576719576719578,0.984251968503937,1.0465116279069768,1.2173913043478262,0.8371040723981901,0.9539170506912442,1.220216606498195
IA,0.9545454545454545,0.9322033898305085,0.8421052631578948,0.983050847457627,1.3018867924528301,,,0.8132295719844358,,,1.6034482758620692,1.3269230769230769,0.9249999999999999,1.1310344827586207,0.923076923076923,,1.282051282051282,0.6981132075471698,1.0,0.8529411764705881,1.3148148148148147,0.7555555555555555,,,1.358695652173913,0.7,0.8133333333333334,1.1984732824427482,1.328125,1.5822784810126582,1.5851528384279476,2.126760563380282,1.4204545454545454,1.0975609756097562,0.9267241379310345,1.0845070422535212,1.22,,1.018181818181818,0.796875,0.8686131386861313,0.7766990291262136,1.2748091603053433,1.690909090909091,0.8725761772853186,1.3548387096774193,1.349397590361446,1.0080645161290323,1.3181818181818181,1.1157894736842107,0.6375661375661377,0.8818897637795277,0.9767441860465116,0.6956521739130435,1.0633484162895928,0.7096774193548387,0.6389891696750902
ID,1.0227272727272727,1.0508474576271187,,,1.0471698113207548,1.2253521126760565,,0.7237354085603114,1.7586206896551726,,1.0689655172413794,1.0384615384615385,0.85,1.2137931034482758,1.4807692307692308,1.1346153846153846,0.9102564102564101,0.6698113207547169,0.7662337662337662,0.9117647058823529,,0.834920634920635,1.0,,1.6521739130434783,0.8181818181818181,0.9466666666666667,1.1603053435114503,1.0859375,1.2151898734177213,0.722707423580786,0.9577464788732396,0.6704545454545454,1.056910569105691,1.1724137931034484,1.1830985915492958,1.12,1.2909090909090908,1.5584415584415585,0.828125,0.7445255474452555,0.9320388349514562,0.8473282442748092,,0.6759002770083102,0.903225806451613,1.9036144578313254,0.6451612903225807,0.9545454545454545,1.5263157894736843,1.0714285714285714,0.7322834645669292,0.9767441860465116,1.4347826086956523,1.3031674208144797,1.0829493087557605,0.8592057761732852
IL,0.9772727272727273,0.7966101694915254,0.8245614035087719,1.033898305084746,0.8396226415094339,0.9577464788732396,0.8637110016420361,0.9610894941634243,0.8620689655172414,1.1186440677966103,1.0172413793103448,1.125,1.00625,1.0758620689655174,0.9038461538461537,0.8846153846153846,1.1282051282051282,1.3584905660377358,0.974025974025974,0.9852941176470588,1.0925925925925926,1.0317460317460319,1.0307692307692309,1.0,0.8369565217391304,1.0727272727272725,1.0666666666666667,0.8854961832061068,0.9140624999999999,0.9873417721518988,1.2096069868995634,0.8732394366197184,1.25,0.910569105691057,0.9827586206896551,0.9577464788732396,0.98,1.1636363636363636,0.8831168831168831,1.015625,1.0875912408759123,0.883495145631068,1.114503816793893,1.0909090909090908,1.0997229916897509,0.9838709677419355,0.9036144578313253,1.0725806451612905,0.9318181818181818,0.8736842105263158,0.8571428571428572,0.8582677165354331,1.1395348837209303,0.7246376811594204,0.9773755656108598,1.0368663594470047,0.9422382671480144
IN,0.9090909090909092,0.7966101694915254,0.8245614035087719,0.8305084745762712,1.141509433962264,0.7605633802816902,0.8932676518883417,0.8326848249027239,0.6379310344827587,1.033898305084746,1.120689655172414,0.9519230769230769,1.2625,0.8620689655172414,0.7884615384615384,0.9615384615384615,1.0128205128205128,0.6886792452830188,0.8311688311688311,0.9926470588235294,1.0555555555555554,0.9587301587301588,1.2153846153846155,0.7719298245614036,1.0543478260869565,0.7181818181818181,0.8933333333333334,0.9312977099236641,1.3359375,1.2531645569620253,1.3034934497816593,1.1408450704225352,1.1590909090909092,1.3658536585365852,0.9181034482758621,1.1690140845070423,0.68,0.8727272727272726,1.0129870129870129,0.703125,0.8175182481751825,1.0,1.0992366412213739,1.3454545454545452,1.0138504155124655,0.9838709677419355,0.9759036144578315,0.7903225806451613,1.2272727272727273,0.7578947368421053,0.8333333333333334,0.7322834645669292,0.7441860465116279,0.8840579710144928,0.9547511312217194,0.8341013824884793,0.8628158844765343
KS,1.0227272727272727,1.2711864406779663,0.8947368421052633,1.2711864406779663,0.8490566037735849,,,0.9299610894941636,,0.864406779661017,0.9827586206896551,1.1442307692307692,1.3812499999999999,0.903448275862069,1.7307692307692308,1.1538461538461537,0.923076923076923,0.7924528301886792,0.8571428571428572,0.8970588235294117,1.0,1.0412698412698413,1.1076923076923075,0.7894736842105264,1.5869565217391304,0.7090909090909091,1.08,1.0916030534351144,1.703125,1.430379746835443,1.074235807860262,1.3380281690140845,0.8522727272727273,1.5040650406504066,1.0172413793103448,1.3380281690140845,,,0.8441558441558441,1.125,0.9781021897810219,0.9223300970873786,0.816793893129771,0.9818181818181818,0.9750692520775623,1.2096774193548387,1.1204819277108435,0.6774193548387096,0.9204545454545455,1.1578947368421053,0.8756613756613757,0.9606299212598425,1.4186046511627908,,1.0271493212669685,0.9354838709677419,0.927797833935018
KY,1.1590909090909092,1.1186440677966103,0.912280701754386,1.033898305084746,1.4056603773584906,1.0,,0.6809338521400778,0.6551724137931035,1.0847457627118644,1.310344827586207,0.7692307692307693,1.3125,0.9586206896551723,1.0384615384615385,1.0384615384615385,1.0,0.8018867924528301,1.2597402597402596,0.9044117647058822,0.7962962962962963,0.7873015873015873,1.123076923076923,1.1228070175438598,1.4891304347826086,0.9454545454545454,0.7599999999999999,1.0076335877862594,2.03125,0.9873417721518988,0.8100436681222707,1.0,0.75,1.6097560975609757,1.0301724137931036,1.2253521126760565,0.9,0.9090909090909091,1.251948051948052,1.109375,1.1021897810218977,1.058252427184466,0.8091603053435115,0.8545454545454544,0.739612188365651,0.9516129032258064,1.3373493975903616,0.7016129032258065,1.375,0.8736842105263158,0.9497354497354498,0.968503937007874,0.8837209302325582,0.9275362318840581,1.2307692307692308,1.0322580645161292,0.7328519855595668
LA,1.0454545454545454,1.3728813559322035,1.0526315789473684,0.9661016949152542,0.8018867924528301,0.9295774647887325,,0.9027237354085603,0.6206896551724138,0.6779661016949153,1.1724137931034484,0.9038461538461537,1.25,0.8551724137931035,0.6923076923076923,1.096153846153846,,0.7075471698113207,1.2727272727272727,0.8749999999999999,0.9814814814814815,1.1206349206349207,1.0461538461538462,0.7894736842105264,1.4130434782608696,0.7181818181818181,0.7333333333333334,1.3358778625954197,1.015625,0.9493670886075949,1.0589519650655022,1.0140845070422535,0.7727272727272728,1.5203252032520327,0.9267241379310345,0.9295774647887325,1.14,0.9272727272727272,0.9844155844155844,1.03125,1.072992700729927,1.0097087378640777,0.9618320610687022,0.9636363636363636,0.8254847645429363,0.9677419354838709,1.072289156626506,0.653225806451613,1.1818181818181819,1.0105263157894737,0.8677248677248677,1.1023622047244093,1.0697674418604652,0.6231884057971014,0.9140271493212669,0.9124423963133641,1.151624548736462
MA,0.9090909090909092,0.728813559322034,0.8596491228070176,0.8983050847457628,0.9245283018867924,0.9295774647887325,0.8341543513957307,0.9455252918287939,1.0689655172413794,1.423728813559322,1.1724137931034484,1.0192307692307692,0.99375,0.9517241379310344,0.7692307692307693,1.0384615384615385,1.294871794871795,1.0188679245283019,1.0649350649350648,1.227941176470588,1.0185185185185186,1.073015873015873,1.0307692307692309,1.280701754385965,0.9565217391304347,1.0272727272727271,1.0133333333333334,0.9236641221374046,0.828125,1.0379746835443038,1.2117903930131004,1.0140845070422535,1.272727272727273,0.7479674796747968,0.9612068965517242,1.1690140845070423,1.02,0.8545454545454544,0.7324675324675324,0.828125,0.9854014598540146,0.8446601941747572,1.580152671755725,1.5999999999999999,1.257617728531856,1.0806451612903227,0.8674698795180723,1.1370967741935483,0.9431818181818181,0.8631578947368421,0.9761904761904763,1.015748031496063,1.1627906976744187,0.6231884057971014,0.828054298642534,0.9539170506912442,1.032490974729242
MD,1.0340909090909092,1.1016949152542375,1.0175438596491229,1.033898305084746,0.9150943396226414,0.8873239436619719,0.8604269293924467,0.8482490272373542,0.6551724137931035,0.9491525423728815,1.2413793103448276,0.9903846153846154,1.0374999999999999,0.8896551724137931,0.75,0.9423076923076923,0.9743589743589743,0.9528301886792453,0.8441558441558442,1.0955882352941175,0.9814814814814815,1.0761904761904764,1.1384615384615384,1.0701754385964912,1.0869565217391304,0.8818181818181817,1.0,1.0610687022900762,0.9218749999999999,0.9620253164556962,1.2008733624454149,1.1690140845070423,1.1931818181818181,1.032520325203252,0.9698275862068966,1.1408450704225352,1.1,0.8727272727272726,0.9558441558441558,1.046875,1.145985401459854,1.029126213592233,1.114503816793893,0.9272727272727272,1.1440443213296398,0.9838709677419355,1.0120481927710843,1.1048387096774195,0.8863636363636364,0.9263157894736842,0.978835978835979,0.952755905511811,0.8372093023255813,0.8695652173913044,0.9049773755656109,0.9861751152073733,1.0649819494584838
ME,0.8522727272727273,,,,1.141509433962264,,,0.8715953307392997,,,,0.7596153846153846,1.5999999999999999,1.3172413793103448,,,1.0769230769230769,0.7452830188679245,,1.4705882352941175,,1.0952380952380953,,,1.2608695652173911,1.1818181818181817,,1.3129770992366412,1.125,1.8227848101265822,0.9868995633187772,,,1.3252032520325203,1.1465517241379313,2.4225352112676055,,,1.0649350649350648,,1.0875912408759123,1.2233009708737863,0.816793893129771,1.2727272727272725,0.9030470914127423,,1.3975903614457832,0.903225806451613,0.8522727272727273,1.1263157894736844,0.8994708994708995,0.7716535433070866,1.1395348837209303,,1.0135746606334843,1.0322580645161292,0.8411552346570398
MI,1.215909090909091,1.0508474576271187,0.9649122807017545,0.983050847457627,1.0849056603773584,0.8450704225352113,0.9064039408866995,1.019455252918288,0.9482758620689656,0.8474576271186441,0.913793103448276,1.1346153846153846,1.16875,1.0206896551724138,1.076923076923077,0.8461538461538461,0.8461538461538461,0.5849056603773585,0.8441558441558442,0.9779411764705882,1.0,1.019047619047619,0.9846153846153846,0.8245614035087719,1.1304347826086956,0.8727272727272726,1.0,1.0763358778625953,1.515625,1.5443037974683542,0.7991266375545851,0.8309859154929577,0.8181818181818181,1.3414634146341462,1.0732758620689657,1.7183098591549297,0.9,0.8181818181818181,1.0129870129870129,0.671875,1.1313868613138685,0.9805825242718447,1.0305343511450382,1.1272727272727272,0.9418282548476454,1.129032258064516,1.0963855421686748,0.7580645161290323,1.2272727272727273,1.0,0.9735449735449736,0.952755905511811,0.8837209302325582,0.9130434782608696,1.1945701357466063,0.967741935483871,0.9097472924187726
MN,0.8068181818181818,0.8983050847457628,0.8771929824561404,0.983050847457627,0.9716981132075472,0.9014084507042254,0.9556650246305419,0.9416342412451362,0.913793103448276,1.2203389830508475,0.8965517241379312,0.9903846153846154,1.275,1.2827586206896553,1.096153846153846,0.8846153846153846,0.8076923076923077,0.7264150943396226,0.7272727272727273,0.926470588235294,0.9074074074074073,1.1111111111111112,1.1692307692307693,0.8947368421052633,1.184782608695652,0.7454545454545454,1.04,0.9770992366412213,1.0625,1.5443037974683542,0.9410480349344977,0.915492957746479,0.8295454545454545,1.3495934959349594,1.0603448275862069,2.0140845070422535,1.22,0.9090909090909091,0.9038961038961039,0.78125,1.0072992700729926,0.9805825242718447,0.9618320610687022,0.8363636363636363,0.8614958448753463,1.2258064516129032,1.0963855421686748,0.8629032258064516,1.1022727272727273,1.063157894736842,0.9365079365079365,0.8503937007874016,1.0813953488372094,0.7246376811594204,0.9954751131221721,0.967741935483871,1.0288808664259927
MO,1.1590909090909092,1.0,0.8421052631578948,0.8305084745762712,1.1132075471698113,0.9859154929577465,1.0361247947454844,0.8832684824902725,0.9827586206896551,0.7457627118644068,1.0,0.9519230769230769,1.24375,1.0482758620689656,0.8269230769230769,0.923076923076923,1.1666666666666667,0.9056603773584905,1.2207792207792207,1.1985294117647056,0.611111111111111,0.9809523809523809,0.9692307692307692,1.1754385964912282,1.076086956521739,0.9363636363636363,1.04,0.9923664122137404,1.3984375,1.3291139240506329,0.7554585152838428,1.1408450704225352,0.8522727272727273,1.4390243902439024,1.0517241379310345,1.2253521126760565,1.04,0.7999999999999999,1.018181818181818,0.8750000000000001,1.1386861313868613,0.8932038834951457,1.0763358778625953,1.1272727272727272,0.9307479224376731,0.8387096774193549,1.4578313253012047,0.8870967741935485,1.1590909090909092,0.9473684210526316,0.9947089947089947,0.8740157480314962,0.9418604651162792,0.8985507246376813,0.9864253393665159,1.0,0.8880866425992779
MS,1.0909090909090908,,1.6842105263157896,,,,,0.6303501945525293,,,1.5689655172413794,1.0192307692307692,0.95,0.7724137931034484,,1.75,,,1.2467532467532467,0.9705882352941176,1.962962962962963,0.7396825396825397,,,0.9347826086956521,0.8727272727272726,,1.816793893129771,1.8593749999999998,0.9620253164556962,1.1965065502183407,1.647887323943662,,2.4715447154471546,0.6982758620689656,1.2816901408450705,,,1.1454545454545455,,1.1094890510948905,0.883495145631068,1.2366412213740459,,0.7313019390581718,,0.9156626506024097,,1.3863636363636362,0.8526315789473685,0.873015873015873,1.3937007874015748,0.9418604651162792,,1.1221719457013575,0.6082949308755761,0.6389891696750902
MT,,,,,1.160377358490566,,1.206896551724138,0.8793774319066148,,,,1.1826923076923077,0.84375,1.2,,,,,,1.1838235294117647,,1.0031746031746032,,,1.4021739130434783,1.1727272727272726,1.2933333333333332,1.0305343511450382,1.15625,,0.648471615720524,,,1.2032520325203253,1.0301724137931036,1.6338028169014085,,,1.2389610389610388,,0.8029197080291971,2.1941747572815533,0.9847328244274809,,0.6786703601108034,,,0.8306451612903226,,,1.0582010582010584,0.968503937007874,,,0.9909502262443439,0.7741935483870968,1.0938628158844765
NC,1.2386363636363638,0.983050847457627,0.9824561403508774,1.0,1.1981132075471699,0.8591549295774649,1.0164203612479474,1.0817120622568093,0.9482758620689656,0.983050847457627,1.1034482758620692,1.0480769230769231,1.0312499999999998,1.1724137931034482,1.0,0.9615384615384615,1.0384615384615385,0.8773584905660378,0.8961038961038961,0.9485294117647058,0.9444444444444444,0.9746031746031746,1.0,0.8421052631578948,1.141304347826087,0.8727272727272726,0.8533333333333334,1.0534351145038168,1.25,1.0886075949367089,0.8799126637554585,1.1408450704225352,0.7159090909090909,1.2682926829268293,0.9655172413793105,1.0985915492957747,1.04,0.9454545454545454,1.1766233766233767,1.0,0.8832116788321167,1.116504854368932,0.8778625954198472,0.6909090909090908,0.961218836565097,0.9677419354838709,1.036144578313253,0.9193548387096774,1.0340909090909092,1.0105263157894737,1.0158730158730158,1.062992125984252,0.9418604651162792,1.0869565217391306,0.9411764705882354,1.055299539170507,0.9747292418772564
ND,,,,,,,,,,,,,,,,,,,,1.566176470588235,,0.946031746031746,,,,,,,,,1.1157205240174672,,,2.3089430894308944,1.0991379310344827,,,,1.142857142857143,,,,,,1.0221606648199446,,,,,,1.0132275132275133,,,,1.411764705882353,0.9815668202764977,0.8700361010830325
NE,1.1363636363636365,,1.0526315789473684,1.1355932203389831,1.3867924528301885,1.1267605633802817,,0.9610894941634243,,0.9152542372881357,1.1034482758620692,0.8076923076923076,1.2562499999999999,0.8758620689655173,1.096153846153846,0.9615384615384615,0.9487179487179487,0.6037735849056604,0.9090909090909091,0.838235294117647,0.9259259259259258,1.2,0.923076923076923,0.9473684210526317,1.4565217391304348,1.0636363636363635,1.0266666666666666,0.916030534351145,1.125,1.3544303797468356,0.8187772925764192,1.2253521126760565,0.875,1.5528455284552845,1.081896551724138,2.126760563380282,1.08,,1.0415584415584416,,1.1021897810218977,1.1359223300970873,0.7938931297709924,,0.8808864265927978,1.564516129032258,0.8072289156626506,0.8387096774193549,1.3295454545454544,1.1578947368421053,0.9100529100529101,0.7637795275590551,,,1.0,1.0184331797235022,0.7256317689530685
NH,0.9886363636363636,,1.0,1.1864406779661016,1.1320754716981132,0.9859154929577465,,0.8054474708171206,0.9310344827586208,0.8474576271186441,,1.3173076923076923,1.1937499999999999,1.110344827586207,1.346153846153846,,1.205128205128205,0.6037735849056604,0.8701298701298702,1.2058823529411764,,1.019047619047619,0.923076923076923,1.1754385964912282,0.8369565217391304,0.9090909090909091,1.0266666666666666,0.8702290076335877,1.2578125,1.0632911392405062,1.1091703056768558,1.1267605633802817,0.9090909090909092,0.7642276422764227,0.935344827586207,1.5492957746478875,,,1.0675324675324676,,1.0510948905109487,1.203883495145631,1.0687022900763357,1.4,1.0387811634349031,0.8064516129032259,1.1686746987951808,0.9677419354838709,1.215909090909091,1.1263157894736844,0.9735449735449736,0.6614173228346456,0.7790697674418605,,1.0904977375565612,0.8018433179723502,0.9169675090252708
NJ,1.125,0.8983050847457628,1.0,0.9661016949152542,1.150943396226415,1.1126760563380282,0.9786535303776683,1.124513618677043,1.2413793103448276,1.1864406779661016,1.0862068965517242,0.8173076923076923,0.8624999999999999,0.8551724137931035,1.076923076923077,0.923076923076923,0.9743589743589743,1.0566037735849056,0.935064935064935,1.0147058823529411,1.2777777777777777,0.9682539682539683,1.0153846153846153,1.105263157894737,0.7934782608695652,1.1181818181818182,1.0933333333333333,0.9618320610687022,0.8515625,1.050632911392405,1.11353711790393,1.0845070422535212,1.2386363636363638,0.8373983739837398,0.9913793103448276,0.8450704225352113,0.98,0.9090909090909091,0.9012987012987014,1.40625,0.8613138686131385,0.8543689320388349,0.9618320610687022,0.9454545454545454,1.1274238227146816,0.8064516129032259,0.9036144578313253,1.1370967741935483,1.0454545454545454,0.8842105263157894,0.9232804232804234,1.0944881889763778,1.0232558139534884,0.9275362318840581,1.0,1.1013824884792627,1.0
NM,,,,,1.5188679245283019,,,0.6926070038910507,,,,1.2403846153846154,1.2374999999999998,1.0551724137931036,,,1.0897435897435896,,1.3636363636363638,1.2794117647058822,,1.219047619047619,,,1.75,0.6272727272727272,1.0266666666666666,0.8625954198473281,1.2578125,1.0253164556962024,1.039301310043668,1.028169014084507,0.875,1.6097560975609757,0.9913793103448276,1.704225352112676,,1.2545454545454544,0.9844155844155844,,1.0,1.407766990291262,1.3282442748091603,,0.8171745152354571,1.1129032258064515,1.216867469879518,1.0080645161290323,1.1931818181818181,0.8105263157894738,0.9074074074074076,1.236220472440945,0.9883720930232558,,1.0769230769230769,0.7419354838709679,0.7870036101083033
NV,1.2045454545454546,1.8305084745762714,1.0,1.033898305084746,1.4150943396226414,0.7464788732394367,,1.0350194552529184,0.9482758620689656,0.7966101694915254,0.9827586206896551,1.096153846153846,1.41875,0.8413793103448276,0.9423076923076923,,0.9615384615384615,1.1132075471698113,1.2467532467532467,1.0073529411764706,0.9259259259259258,1.053968253968254,0.7230769230769231,0.912280701754386,1.2173913043478262,0.6636363636363636,0.9466666666666667,0.9389312977099236,1.0625,0.7341772151898733,0.7314410480349345,0.8591549295774649,0.8409090909090909,1.0406504065040652,0.9698275862068966,0.5492957746478874,0.88,0.7818181818181817,1.3116883116883116,1.03125,0.9416058394160584,0.9223300970873786,1.0076335877862594,0.9272727272727272,0.8947368421052632,0.903225806451613,0.8674698795180723,0.8870967741935485,1.1136363636363635,0.9368421052631579,1.0846560846560847,1.031496062992126,0.8488372093023255,1.5797101449275364,1.0769230769230769,0.9493087557603688,0.8122743682310469
NY,0.8522727272727273,0.9322033898305085,1.0526315789473684,1.033898305084746,0.7358490566037735,1.1126760563380282,0.8653530377668308,1.0817120622568093,1.120689655172414,1.2033898305084745,0.913793103448276,0.8365384615384615,0.975,0.9448275862068967,0.8653846153846154,0.9615384615384615,0.9871794871794871,1.141509433962264,1.0649350649350648,1.1617647058823528,1.2407407407407407,1.1777777777777778,1.0307692307692309,1.4210526315789476,0.8260869565217391,1.1272727272727272,1.0533333333333335,0.9847328244274809,0.765625,0.8734177215189872,1.1266375545851528,1.0,1.0227272727272727,0.8048780487804879,1.0775862068965518,0.7042253521126761,1.12,1.0727272727272725,0.8701298701298701,1.0625,1.0145985401459852,0.8252427184466019,0.9694656488549618,0.9272727272727272,1.1551246537396123,1.129032258064516,0.746987951807229,1.1209677419354838,0.8181818181818181,0.9263157894736842,1.023809523809524,1.062992125984252,1.1162790697674418,1.0,0.8778280542986425,1.1566820276497696,1.1371841155234657
OH,1.0568181818181819,1.2372881355932204,0.912280701754386,1.0508474576271187,0.9716981132075472,0.7887323943661972,0.975369458128079,0.9455252918287939,0.6896551724137931,0.8474576271186441,1.0689655172413794,1.1057692307692306,1.1874999999999998,1.0275862068965518,0.9615384615384615,1.1538461538461537,0.9615384615384615,0.7547169811320755,0.987012987012987,0.9632352941176471,0.8703703703703702,0.9682539682539683,0.8153846153846154,1.0175438596491229,1.4673913043478262,0.8545454545454544,1.0,1.480916030534351,1.4140625,1.240506329113924,0.8646288209606987,1.0845070422535212,0.8068181818181818,1.3577235772357723,1.043103448275862,1.3661971830985915,0.96,0.8181818181818181,0.9584415584415584,0.8750000000000001,0.9927007299270073,0.9805825242718447,0.9770992366412213,0.8363636363636363,0.8891966759002771,1.1451612903225805,1.1686746987951808,0.9354838709677419,1.1931818181818181,1.063157894736842,0.9973544973544974,0.7795275590551181,0.8488372093023255,0.9420289855072465,1.1628959276018098,0.9585253456221199,0.8628158844765343
OK,0.9431818181818181,0.7796610169491526,0.7017543859649124,0.9152542372881357,1.3962264150943395,0.9718309859154929,,0.906614785992218,0.7931034482758622,0.5254237288135594,1.0,1.2403846153846154,1.4874999999999998,1.103448275862069,1.076923076923077,1.2884615384615385,0.9615384615384615,0.830188679245283,1.077922077922078,0.9926470588235294,0.7407407407407407,0.9333333333333333,0.8923076923076922,1.1754385964912282,1.4891304347826086,0.7909090909090909,0.7999999999999999,1.0305343511450382,1.4453125,0.9240506329113923,0.8231441048034934,1.0,0.8295454545454545,1.8617886178861789,0.9698275862068966,1.5492957746478875,0.76,0.7636363636363636,0.9844155844155844,0.78125,1.1386861313868613,1.1359223300970873,0.7938931297709924,1.1818181818181817,0.7894736842105263,0.9354838709677419,1.108433734939759,0.5887096774193549,1.284090909090909,0.9473684210526316,0.8862433862433863,0.7874015748031495,0.7790697674418605,1.028985507246377,1.1131221719457014,0.8847926267281105,0.7292418772563177
OR,0.9431818181818181,0.864406779661017,1.1403508771929827,0.9322033898305085,0.8773584905660378,0.8732394366197184,0.9852216748768473,0.8988326848249028,0.7586206896551725,0.864406779661017,0.7241379310344828,1.0384615384615385,1.1375,1.2413793103448276,0.6538461538461539,0.6346153846153846,1.1538461538461537,0.5566037735849056,1.0649350649350648,1.0808823529411764,0.6851851851851851,1.073015873015873,1.0307692307692309,0.8947368421052633,1.2934782608695652,0.7727272727272726,0.7733333333333333,0.9694656488549618,1.3046875,1.050632911392405,1.1026200873362444,1.0845070422535212,0.75,1.2357723577235773,1.120689655172414,1.6338028169014085,0.7,1.0545454545454545,1.0415584415584416,0.5625,0.948905109489051,1.0970873786407767,1.0229007633587786,1.2181818181818183,0.814404432132964,1.1451612903225805,0.9156626506024097,0.8145161290322581,1.1590909090909092,1.0526315789473684,0.9708994708994709,0.8976377952755905,0.930232558139535,0.7391304347826088,0.9683257918552037,0.9861751152073733,0.9711191335740071
PA,0.9545454545454545,0.864406779661017,0.912280701754386,1.0169491525423728,0.7735849056603773,0.9014084507042254,0.839080459770115,0.933852140077821,0.8448275862068966,1.1864406779661016,1.1034482758620692,1.1057692307692306,1.1375,1.0413793103448277,1.0192307692307692,1.0,1.0384615384615385,1.0849056603773584,0.8571428571428572,0.8749999999999999,0.9444444444444444,1.0952380952380953,0.9384615384615385,0.9298245614035089,1.1521739130434783,0.8636363636363635,0.8666666666666667,1.0687022900763357,1.2890625,1.0759493670886076,1.11353711790393,1.0845070422535212,1.1022727272727273,1.146341463414634,1.038793103448276,1.1549295774647887,1.0,1.0181818181818183,0.9402597402597402,1.09375,1.0802919708029197,0.9126213592233009,1.1068702290076335,1.1818181818181817,1.0277008310249307,0.9193548387096774,1.0,1.0161290322580645,1.0454545454545454,0.8947368421052632,0.9497354497354498,0.921259842519685,1.0,0.7681159420289856,1.0452488687782806,0.9539170506912442,0.9133574007220215
PR,1.1363636363636365,1.9491525423728813,1.2105263157894737,1.3220338983050848,0.8773584905660378,1.3661971830985915,,0.8210116731517509,1.0344827586206897,,1.2413793103448276,0.8076923076923076,0.75625,0.6413793103448276,1.1538461538461537,0.9807692307692307,0.5769230769230769,1.0566037735849056,1.7662337662337664,0.8014705882352942,1.3333333333333333,0.6126984126984127,0.7846153846153846,,0.8804347826086957,1.0181818181818183,0.96,1.4732824427480915,0.96875,0.6835443037974683,1.7183406113537119,1.4084507042253522,0.9204545454545455,1.2520325203252034,0.5862068965517242,,,0.8181818181818181,0.9948051948051948,1.40625,1.1240875912408759,1.029126213592233,0.5954198473282443,0.9818181818181818,0.7673130193905817,,0.7951807228915664,1.6048387096774193,0.6477272727272727,1.2421052631578948,0.9100529100529101,1.3307086614173227,0.6627906976744186,1.2173913043478262,1.1855203619909502,1.1382488479262673,1.0216606498194947
RI,0.8295454545454545,,,,0.9716981132075472,,0.9622331691297209,0.8210116731517509,,0.9661016949152542,,0.8076923076923076,1.24375,0.8482758620689655,,,1.3205128205128205,0.7547169811320755,1.0909090909090908,1.3235294117647058,1.5555555555555554,0.7777777777777779,,,1.4565217391304348,1.1454545454545453,1.0666666666666667,1.282442748091603,1.046875,1.5949367088607593,1.4366812227074235,1.352112676056338,1.0,1.056910569105691,0.9568965517241381,1.1267605633802817,,1.109090909090909,0.9038961038961039,1.203125,1.0364963503649633,0.5533980582524272,1.0839694656488548,,1.3905817174515234,,0.7349397590361446,0.7096774193548387,1.0,0.8421052631578948,0.9523809523809524,0.7559055118110236,1.0232558139534884,0.8260869565217391,1.0904977375565612,0.6543778801843317,0.9819494584837546
SC,1.0568181818181819,1.1186440677966103,1.0175438596491229,1.0847457627118644,1.0471698113207548,1.1549295774647887,,0.9805447470817121,1.310344827586207,0.7966101694915254,0.913793103448276,0.8365384615384615,0.8875,1.0,1.1153846153846152,0.9038461538461537,1.1153846153846154,0.6886792452830188,1.1688311688311688,0.8602941176470588,0.648148148148148,0.8095238095238095,1.0307692307692309,0.7543859649122807,1.5543478260869563,0.8181818181818181,0.8133333333333334,1.0610687022900762,1.0859375,1.0253164556962024,0.6790393013100436,1.267605633802817,0.5340909090909091,1.08130081300813,0.9913793103448276,1.0704225352112677,0.8,1.1636363636363636,1.4337662337662336,0.9062499999999999,1.0583941605839415,1.0776699029126213,0.8931297709923663,0.5454545454545454,0.7867036011080333,0.7903225806451613,1.4096385542168675,0.7741935483870968,0.8977272727272728,1.0315789473684212,1.0476190476190477,1.0944881889763778,1.0116279069767442,1.0434782608695652,1.1402714932126696,0.8202764976958525,1.0902527075812274
SD,,,,,,,,0.7782101167315175,,,,,1.5562500000000001,,,,,,,,,,,,,,,,1.5625,,1.0895196506550218,,,,1.021551724137931,,,,1.361038961038961,,,,,,0.9667590027700832,,,,,,0.7910052910052912,,,,0.9049773755656109,,0.9891696750902528
TN,1.1931818181818181,1.1694915254237288,1.1228070175438598,1.033898305084746,0.9245283018867924,1.0,,0.9610894941634243,1.2241379310344829,0.7796610169491526,0.8965517241379312,0.9807692307692307,1.0374999999999999,1.2,1.096153846153846,1.3076923076923077,0.9743589743589743,0.7169811320754716,0.9090909090909091,0.9338235294117646,0.8888888888888888,0.8984126984126984,0.9538461538461538,0.8771929824561404,1.141304347826087,0.9090909090909091,0.8933333333333334,1.16793893129771,1.2890625,1.2658227848101264,0.6943231441048036,0.9577464788732396,0.5795454545454546,1.4146341463414633,1.021551724137931,1.267605633802817,0.72,0.8363636363636363,1.225974025974026,0.7343749999999999,1.0145985401459852,1.233009708737864,0.8015267175572519,0.7454545454545454,0.7673130193905817,1.0,0.9036144578313253,0.8306451612903226,1.1931818181818181,1.063157894736842,0.9841269841269842,0.921259842519685,1.0232558139534884,1.0,1.0045248868778283,0.8940092165898618,0.963898916967509
TX,1.0909090909090908,1.1186440677966103,1.087719298245614,1.1186440677966103,1.1886792452830188,0.943661971830986,1.1215106732348112,1.0739299610894941,0.9482758620689656,1.0677966101694916,1.1551724137931036,1.0576923076923077,0.9375,0.9379310344827587,1.1346153846153846,1.0384615384615385,0.9102564102564101,1.0660377358490565,1.0909090909090908,0.75,1.0925925925925926,0.9238095238095239,1.0307692307692309,0.9824561403508774,0.9565217391304347,1.0545454545454545,1.0133333333333334,0.9083969465648855,1.046875,1.0,0.868995633187773,0.9577464788732396,0.875,1.0,0.9310344827586208,0.9014084507042254,1.0,0.8727272727272726,1.0155844155844156,1.171875,0.9854014598540146,1.0679611650485437,0.7862595419847328,0.8909090909090909,1.0277008310249307,0.9516129032258064,1.0963855421686748,0.9838709677419355,1.0227272727272727,1.0105263157894737,1.0264550264550265,1.062992125984252,0.9069767441860466,1.0,1.085972850678733,1.0046082949308757,0.9350180505415162
VA,0.9545454545454545,0.9152542372881357,0.7192982456140351,1.0508474576271187,0.9245283018867924,0.943661971830986,0.8899835796387521,1.0,0.7413793103448276,0.983050847457627,1.0344827586206897,1.0865384615384615,0.8624999999999999,0.9241379310344828,0.9423076923076923,0.8653846153846154,1.0897435897435896,0.8396226415094339,0.935064935064935,1.0441176470588234,0.9814814814814815,0.9015873015873016,1.0923076923076922,1.0526315789473684,1.0652173913043477,0.9181818181818181,1.0533333333333335,1.1908396946564885,1.0078125,1.050632911392405,1.165938864628821,1.1126760563380282,1.1022727272727273,1.008130081300813,0.9439655172413793,1.0845070422535212,1.1,1.0545454545454545,0.9090909090909091,1.09375,1.0510948905109487,1.116504854368932,1.0610687022900762,0.9272727272727272,1.10803324099723,0.9516129032258064,1.216867469879518,1.0403225806451613,1.0227272727272727,1.0947368421052632,0.9312169312169313,0.9606299212598425,1.127906976744186,0.8695652173913044,0.9411764705882354,1.0506912442396312,0.9963898916967509
VT,,,,,,,,0.6926070038910507,,,,1.7115384615384615,0.975,1.0758620689655174,,,,,,1.2058823529411764,,0.5428571428571428,,,,,,1.0763358778625953,0.984375,1.5063291139240504,1.2183406113537119,,,0.910569105691057,0.9913793103448276,1.7746478873239437,,,0.9272727272727272,,1.2992700729927007,,1.2519083969465647,,1.07202216066482,,1.5180722891566265,1.1370967741935483,,,0.8862433862433863,,1.8139534883720931,,1.0407239819004523,0.7880184331797235,0.9927797833935018
WA,0.7954545454545454,0.728813559322034,1.0,0.9322033898305085,0.7547169811320755,1.1126760563380282,0.8998357963875206,1.0272373540856032,0.7241379310344828,0.9661016949152542,0.7758620689655173,1.1346153846153846,1.09375,1.303448275862069,0.8846153846153846,0.8653846153846154,0.858974358974359,1.028301886792453,0.8961038961038961,1.051470588235294,1.0,1.0634920634920635,1.0923076923076922,1.0,0.9782608695652174,1.0,0.9466666666666667,0.7862595419847328,1.140625,1.4050632911392407,1.074235807860262,1.0,1.375,1.0406504065040652,1.0689655172413794,1.3661971830985915,1.04,0.9818181818181818,0.7298701298701299,0.859375,1.1386861313868613,0.9514563106796116,1.1068702290076335,1.3636363636363635,0.9529085872576177,1.0967741935483872,1.2771084337349399,0.8951612903225807,0.9318181818181818,0.9894736842105263,1.023809523809524,0.8818897637795277,1.0697674418604652,0.6666666666666667,0.9004524886877828,1.096774193548387,0.8989169675090254
WI,1.0,0.864406779661017,0.7543859649122807,1.0677966101694916,0.830188679245283,0.6056338028169014,,0.9455252918287939,0.5172413793103449,1.0,1.1379310344827587,1.2307692307692308,1.1874999999999998,1.186206896551724,0.673076923076923,1.0384615384615385,0.9615384615384615,0.5943396226415094,1.025974025974026,1.0735294117647058,0.8148148148148148,1.0920634920634922,0.9692307692307692,0.9473684210526317,1.141304347826087,1.0454545454545452,0.9866666666666667,0.9389312977099236,1.328125,1.4936708860759491,1.0807860262008735,1.0704225352112677,1.3181818181818181,1.5365853658536586,1.0,2.098591549295775,0.84,0.8909090909090909,0.9116883116883117,0.96875,0.9854014598540146,1.0873786407766992,1.2061068702290076,1.4545454545454546,0.8642659279778394,1.0483870967741935,1.4337349397590362,0.9193548387096774,0.7386363636363636,1.2526315789473683,0.9100529100529101,0.7165354330708662,1.0,0.6956521739130435,0.9095022624434388,1.1059907834101383,0.848375451263538
WV,,,,,,,,,,,,,1.8499999999999999,,,,,,,,,1.0920634920634922,,,2.597826086956522,,,1.5267175572519083,1.7109375,,0.6659388646288209,,,1.707317073170732,1.1939655172413794,2.0140845070422535,,,1.0155844155844156,,,,,,1.030470914127424,,,1.1532258064516128,,,0.7328042328042328,,,,1.167420814479638,,
WY,,,,,,,,0.9766536964980544,,,,,,,,,,,,,,,,,,,,,,,0.8056768558951964,,,,1.370689655172414,,,,1.0883116883116883,,,,,,0.7894736842105263,,,,,,1.0634920634920635,,,,,,1.0902527075812274
